ISO-10303-21;
HEADER;
FILE_DESCRIPTION( ( 'Unknown' ), '1' );
FILE_NAME( '//Sbs-server/\X2\00F6\X0\ffentliche daten/Zeichnungen/W\X2\00FC\X0\rth eiSos Zeichnungen/PDF und STEP Dateien/STEP Dateien/7461097.stp', 'Unknown', ( 'Unknown' ), ( 'Unknown' ), 'PSStep 14.0', 'Unknown', '  ' );
FILE_SCHEMA( ( 'AUTOMOTIVE_DESIGN { 1 0 10303 214 1 1 1 1 }' ) );
ENDSEC;
DATA;
#1 = MECHANICAL_DESIGN_GEOMETRIC_PRESENTATION_REPRESENTATION( ' ', ( #10, #11, #12, #13, #14, #15, #16, #17, #18, #19, #20, #21, #22, #23, #24, #25, #26, #27, #28, #29, #30, #31, #32, #33, #34, #35, #36, #37, #38, #39, #40, #41, #42, #43, #44, #45, #46, #47, #48, #49, #50, #51, #52, #53, #54, #55, #56, #57, #58, #59, #60, #61, #62, #63, #64, #65, #66, #67, #68, #69, #70, #71, #72, #73, #74, #75, #76, #77, #78, #79, #80, #81, #82, #83, #84, #85, #86, #87, #88, #89, #90, #91, #92, #93, #94, #95, #96, #97, #98, #99, #100, #101, #102, #103, #104, #105, #106, #107, #108, #109, #110, #111, #112, #113, #114, #115, #116, #117, #118, #119, #120, #121, #122, #123, #124, #125, #126, #127, #128, #129, #130, #131, #132, #133, #134, #135, #136, #137, #138, #139, #140, #141, #142, #143, #144, #145, #146, #147, #148, #149, #150, #151, #152, #153, #154, #155, #156, #157, #158, #159, #160, #161, #162, #163, #164, #165, #166, #167 ), #6 );
#2 = PRODUCT_DEFINITION_CONTEXT( '', #168, 'design' );
#3 = APPLICATION_PROTOCOL_DEFINITION( 'international standard', 'automotive_design', 2001, #168 );
#4 = PRODUCT_CATEGORY_RELATIONSHIP( 'NONE', 'NONE', #169, #170 );
#5 = SHAPE_DEFINITION_REPRESENTATION( #171, #172 );
#6 =  ( GEOMETRIC_REPRESENTATION_CONTEXT( 3 )GLOBAL_UNCERTAINTY_ASSIGNED_CONTEXT( ( #175 ) )GLOBAL_UNIT_ASSIGNED_CONTEXT( ( #177, #178, #179 ) )REPRESENTATION_CONTEXT( 'NONE', 'WORKSPACE' ) );
#10 = STYLED_ITEM( '', ( #181 ), #182 );
#11 = STYLED_ITEM( '', ( #183 ), #184 );
#12 = STYLED_ITEM( '', ( #185 ), #186 );
#13 = STYLED_ITEM( '', ( #187 ), #188 );
#14 = STYLED_ITEM( '', ( #189 ), #190 );
#15 = STYLED_ITEM( '', ( #191 ), #192 );
#16 = STYLED_ITEM( '', ( #193 ), #194 );
#17 = STYLED_ITEM( '', ( #195 ), #196 );
#18 = STYLED_ITEM( '', ( #197 ), #198 );
#19 = STYLED_ITEM( '', ( #199 ), #200 );
#20 = STYLED_ITEM( '', ( #201 ), #202 );
#21 = STYLED_ITEM( '', ( #203 ), #204 );
#22 = STYLED_ITEM( '', ( #205 ), #206 );
#23 = STYLED_ITEM( '', ( #207 ), #208 );
#24 = STYLED_ITEM( '', ( #209 ), #210 );
#25 = STYLED_ITEM( '', ( #211 ), #212 );
#26 = STYLED_ITEM( '', ( #213 ), #214 );
#27 = STYLED_ITEM( '', ( #215 ), #216 );
#28 = STYLED_ITEM( '', ( #217 ), #218 );
#29 = STYLED_ITEM( '', ( #219 ), #220 );
#30 = STYLED_ITEM( '', ( #221 ), #222 );
#31 = STYLED_ITEM( '', ( #223 ), #224 );
#32 = STYLED_ITEM( '', ( #225 ), #226 );
#33 = STYLED_ITEM( '', ( #227 ), #228 );
#34 = STYLED_ITEM( '', ( #229 ), #230 );
#35 = STYLED_ITEM( '', ( #231 ), #232 );
#36 = STYLED_ITEM( '', ( #233 ), #234 );
#37 = STYLED_ITEM( '', ( #235 ), #236 );
#38 = STYLED_ITEM( '', ( #237 ), #238 );
#39 = STYLED_ITEM( '', ( #239 ), #240 );
#40 = STYLED_ITEM( '', ( #241 ), #242 );
#41 = STYLED_ITEM( '', ( #243 ), #244 );
#42 = STYLED_ITEM( '', ( #245 ), #246 );
#43 = STYLED_ITEM( '', ( #247 ), #248 );
#44 = STYLED_ITEM( '', ( #249 ), #250 );
#45 = STYLED_ITEM( '', ( #251 ), #252 );
#46 = STYLED_ITEM( '', ( #253 ), #254 );
#47 = STYLED_ITEM( '', ( #255 ), #256 );
#48 = STYLED_ITEM( '', ( #257 ), #258 );
#49 = STYLED_ITEM( '', ( #259 ), #260 );
#50 = STYLED_ITEM( '', ( #261 ), #262 );
#51 = STYLED_ITEM( '', ( #263 ), #264 );
#52 = STYLED_ITEM( '', ( #265 ), #266 );
#53 = STYLED_ITEM( '', ( #267 ), #268 );
#54 = STYLED_ITEM( '', ( #269 ), #270 );
#55 = STYLED_ITEM( '', ( #271 ), #272 );
#56 = STYLED_ITEM( '', ( #273 ), #274 );
#57 = STYLED_ITEM( '', ( #275 ), #276 );
#58 = STYLED_ITEM( '', ( #277 ), #278 );
#59 = STYLED_ITEM( '', ( #279 ), #280 );
#60 = STYLED_ITEM( '', ( #281 ), #282 );
#61 = STYLED_ITEM( '', ( #283 ), #284 );
#62 = STYLED_ITEM( '', ( #285 ), #286 );
#63 = STYLED_ITEM( '', ( #287 ), #288 );
#64 = STYLED_ITEM( '', ( #289 ), #290 );
#65 = STYLED_ITEM( '', ( #291 ), #292 );
#66 = STYLED_ITEM( '', ( #293 ), #294 );
#67 = STYLED_ITEM( '', ( #295 ), #296 );
#68 = STYLED_ITEM( '', ( #297 ), #298 );
#69 = STYLED_ITEM( '', ( #299 ), #300 );
#70 = STYLED_ITEM( '', ( #301 ), #302 );
#71 = STYLED_ITEM( '', ( #303 ), #304 );
#72 = STYLED_ITEM( '', ( #305 ), #306 );
#73 = STYLED_ITEM( '', ( #307 ), #308 );
#74 = STYLED_ITEM( '', ( #309 ), #310 );
#75 = STYLED_ITEM( '', ( #311 ), #312 );
#76 = STYLED_ITEM( '', ( #313 ), #314 );
#77 = STYLED_ITEM( '', ( #315 ), #316 );
#78 = STYLED_ITEM( '', ( #317 ), #318 );
#79 = STYLED_ITEM( '', ( #319 ), #320 );
#80 = STYLED_ITEM( '', ( #321 ), #322 );
#81 = STYLED_ITEM( '', ( #323 ), #324 );
#82 = STYLED_ITEM( '', ( #325 ), #326 );
#83 = STYLED_ITEM( '', ( #327 ), #328 );
#84 = STYLED_ITEM( '', ( #329 ), #330 );
#85 = STYLED_ITEM( '', ( #331 ), #332 );
#86 = STYLED_ITEM( '', ( #333 ), #334 );
#87 = STYLED_ITEM( '', ( #335 ), #336 );
#88 = STYLED_ITEM( '', ( #337 ), #338 );
#89 = STYLED_ITEM( '', ( #339 ), #340 );
#90 = STYLED_ITEM( '', ( #341 ), #342 );
#91 = STYLED_ITEM( '', ( #343 ), #344 );
#92 = STYLED_ITEM( '', ( #345 ), #346 );
#93 = STYLED_ITEM( '', ( #347 ), #348 );
#94 = STYLED_ITEM( '', ( #349 ), #350 );
#95 = STYLED_ITEM( '', ( #351 ), #352 );
#96 = STYLED_ITEM( '', ( #353 ), #354 );
#97 = STYLED_ITEM( '', ( #355 ), #356 );
#98 = STYLED_ITEM( '', ( #357 ), #358 );
#99 = STYLED_ITEM( '', ( #359 ), #360 );
#100 = STYLED_ITEM( '', ( #361 ), #362 );
#101 = STYLED_ITEM( '', ( #363 ), #364 );
#102 = STYLED_ITEM( '', ( #365 ), #366 );
#103 = STYLED_ITEM( '', ( #367 ), #368 );
#104 = STYLED_ITEM( '', ( #369 ), #370 );
#105 = STYLED_ITEM( '', ( #371 ), #372 );
#106 = STYLED_ITEM( '', ( #373 ), #374 );
#107 = STYLED_ITEM( '', ( #375 ), #376 );
#108 = STYLED_ITEM( '', ( #377 ), #378 );
#109 = STYLED_ITEM( '', ( #379 ), #380 );
#110 = STYLED_ITEM( '', ( #381 ), #382 );
#111 = STYLED_ITEM( '', ( #383 ), #384 );
#112 = STYLED_ITEM( '', ( #385 ), #386 );
#113 = STYLED_ITEM( '', ( #387 ), #388 );
#114 = STYLED_ITEM( '', ( #389 ), #390 );
#115 = STYLED_ITEM( '', ( #391 ), #392 );
#116 = STYLED_ITEM( '', ( #393 ), #394 );
#117 = STYLED_ITEM( '', ( #395 ), #396 );
#118 = STYLED_ITEM( '', ( #397 ), #398 );
#119 = STYLED_ITEM( '', ( #399 ), #400 );
#120 = STYLED_ITEM( '', ( #401 ), #402 );
#121 = STYLED_ITEM( '', ( #403 ), #404 );
#122 = STYLED_ITEM( '', ( #405 ), #406 );
#123 = STYLED_ITEM( '', ( #407 ), #408 );
#124 = STYLED_ITEM( '', ( #409 ), #410 );
#125 = STYLED_ITEM( '', ( #411 ), #412 );
#126 = STYLED_ITEM( '', ( #413 ), #414 );
#127 = STYLED_ITEM( '', ( #415 ), #416 );
#128 = STYLED_ITEM( '', ( #417 ), #418 );
#129 = STYLED_ITEM( '', ( #419 ), #420 );
#130 = STYLED_ITEM( '', ( #421 ), #422 );
#131 = STYLED_ITEM( '', ( #423 ), #424 );
#132 = STYLED_ITEM( '', ( #425 ), #426 );
#133 = STYLED_ITEM( '', ( #427 ), #428 );
#134 = STYLED_ITEM( '', ( #429 ), #430 );
#135 = STYLED_ITEM( '', ( #431 ), #432 );
#136 = STYLED_ITEM( '', ( #433 ), #434 );
#137 = STYLED_ITEM( '', ( #435 ), #436 );
#138 = STYLED_ITEM( '', ( #437 ), #438 );
#139 = STYLED_ITEM( '', ( #439 ), #440 );
#140 = STYLED_ITEM( '', ( #441 ), #442 );
#141 = STYLED_ITEM( '', ( #443 ), #444 );
#142 = STYLED_ITEM( '', ( #445 ), #446 );
#143 = STYLED_ITEM( '', ( #447 ), #448 );
#144 = STYLED_ITEM( '', ( #449 ), #450 );
#145 = STYLED_ITEM( '', ( #451 ), #452 );
#146 = STYLED_ITEM( '', ( #453 ), #454 );
#147 = STYLED_ITEM( '', ( #455 ), #456 );
#148 = STYLED_ITEM( '', ( #457 ), #458 );
#149 = STYLED_ITEM( '', ( #459 ), #460 );
#150 = STYLED_ITEM( '', ( #461 ), #462 );
#151 = STYLED_ITEM( '', ( #463 ), #464 );
#152 = STYLED_ITEM( '', ( #465 ), #466 );
#153 = STYLED_ITEM( '', ( #467 ), #468 );
#154 = STYLED_ITEM( '', ( #469 ), #470 );
#155 = STYLED_ITEM( '', ( #471 ), #472 );
#156 = STYLED_ITEM( '', ( #473 ), #474 );
#157 = STYLED_ITEM( '', ( #475 ), #476 );
#158 = STYLED_ITEM( '', ( #477 ), #478 );
#159 = STYLED_ITEM( '', ( #479 ), #480 );
#160 = STYLED_ITEM( '', ( #481 ), #482 );
#161 = STYLED_ITEM( '', ( #483 ), #484 );
#162 = STYLED_ITEM( '', ( #485 ), #486 );
#163 = STYLED_ITEM( '', ( #487 ), #488 );
#164 = STYLED_ITEM( '', ( #489 ), #490 );
#165 = STYLED_ITEM( '', ( #491 ), #492 );
#166 = STYLED_ITEM( '', ( #493 ), #494 );
#167 = STYLED_ITEM( '', ( #495 ), #496 );
#168 = APPLICATION_CONTEXT( 'core data for automotive mechanical design processes' );
#169 = PRODUCT_CATEGORY( 'part', 'NONE' );
#170 = PRODUCT_RELATED_PRODUCT_CATEGORY( 'detail', ' ', ( #497 ) );
#171 = PRODUCT_DEFINITION_SHAPE( 'NONE', 'NONE', #498 );
#172 = ADVANCED_BREP_SHAPE_REPRESENTATION( '1', ( #499, #500 ), #6 );
#175 = UNCERTAINTY_MEASURE_WITH_UNIT( LENGTH_MEASURE( 0.00100000000000000 ), #177, '', '' );
#177 =  ( CONVERSION_BASED_UNIT( 'MILLIMETRE', #503 )LENGTH_UNIT(  )NAMED_UNIT( #506 ) );
#178 =  ( NAMED_UNIT( #508 )PLANE_ANGLE_UNIT(  )SI_UNIT( $, .RADIAN. ) );
#179 =  ( NAMED_UNIT( #508 )SI_UNIT( $, .STERADIAN. )SOLID_ANGLE_UNIT(  ) );
#181 = PRESENTATION_STYLE_ASSIGNMENT( ( #514 ) );
#182 = ADVANCED_FACE( '', ( #515 ), #516, .T. );
#183 = PRESENTATION_STYLE_ASSIGNMENT( ( #517 ) );
#184 = ADVANCED_FACE( '', ( #518 ), #519, .T. );
#185 = PRESENTATION_STYLE_ASSIGNMENT( ( #520 ) );
#186 = ADVANCED_FACE( '', ( #521 ), #522, .T. );
#187 = PRESENTATION_STYLE_ASSIGNMENT( ( #523 ) );
#188 = ADVANCED_FACE( '', ( #524 ), #525, .T. );
#189 = PRESENTATION_STYLE_ASSIGNMENT( ( #526 ) );
#190 = ADVANCED_FACE( '', ( #527 ), #528, .T. );
#191 = PRESENTATION_STYLE_ASSIGNMENT( ( #529 ) );
#192 = ADVANCED_FACE( '', ( #530 ), #531, .T. );
#193 = PRESENTATION_STYLE_ASSIGNMENT( ( #532 ) );
#194 = ADVANCED_FACE( '', ( #533 ), #534, .T. );
#195 = PRESENTATION_STYLE_ASSIGNMENT( ( #535 ) );
#196 = ADVANCED_FACE( '', ( #536 ), #537, .F. );
#197 = PRESENTATION_STYLE_ASSIGNMENT( ( #538 ) );
#198 = ADVANCED_FACE( '', ( #539 ), #540, .F. );
#199 = PRESENTATION_STYLE_ASSIGNMENT( ( #541 ) );
#200 = ADVANCED_FACE( '', ( #542 ), #543, .F. );
#201 = PRESENTATION_STYLE_ASSIGNMENT( ( #544 ) );
#202 = ADVANCED_FACE( '', ( #545 ), #546, .T. );
#203 = PRESENTATION_STYLE_ASSIGNMENT( ( #547 ) );
#204 = ADVANCED_FACE( '', ( #548 ), #549, .F. );
#205 = PRESENTATION_STYLE_ASSIGNMENT( ( #550 ) );
#206 = ADVANCED_FACE( '', ( #551 ), #552, .F. );
#207 = PRESENTATION_STYLE_ASSIGNMENT( ( #553 ) );
#208 = ADVANCED_FACE( '', ( #554 ), #555, .F. );
#209 = PRESENTATION_STYLE_ASSIGNMENT( ( #556 ) );
#210 = ADVANCED_FACE( '', ( #557 ), #558, .T. );
#211 = PRESENTATION_STYLE_ASSIGNMENT( ( #559 ) );
#212 = ADVANCED_FACE( '', ( #560 ), #561, .F. );
#213 = PRESENTATION_STYLE_ASSIGNMENT( ( #562 ) );
#214 = ADVANCED_FACE( '', ( #563 ), #564, .F. );
#215 = PRESENTATION_STYLE_ASSIGNMENT( ( #565 ) );
#216 = ADVANCED_FACE( '', ( #566 ), #567, .T. );
#217 = PRESENTATION_STYLE_ASSIGNMENT( ( #568 ) );
#218 = ADVANCED_FACE( '', ( #569 ), #570, .T. );
#219 = PRESENTATION_STYLE_ASSIGNMENT( ( #571 ) );
#220 = ADVANCED_FACE( '', ( #572 ), #573, .F. );
#221 = PRESENTATION_STYLE_ASSIGNMENT( ( #574 ) );
#222 = ADVANCED_FACE( '', ( #575 ), #576, .T. );
#223 = PRESENTATION_STYLE_ASSIGNMENT( ( #577 ) );
#224 = ADVANCED_FACE( '', ( #578 ), #579, .T. );
#225 = PRESENTATION_STYLE_ASSIGNMENT( ( #580 ) );
#226 = ADVANCED_FACE( '', ( #581 ), #582, .T. );
#227 = PRESENTATION_STYLE_ASSIGNMENT( ( #583 ) );
#228 = ADVANCED_FACE( '', ( #584 ), #585, .F. );
#229 = PRESENTATION_STYLE_ASSIGNMENT( ( #586 ) );
#230 = ADVANCED_FACE( '', ( #587 ), #588, .F. );
#231 = PRESENTATION_STYLE_ASSIGNMENT( ( #589 ) );
#232 = ADVANCED_FACE( '', ( #590 ), #591, .T. );
#233 = PRESENTATION_STYLE_ASSIGNMENT( ( #592 ) );
#234 = ADVANCED_FACE( '', ( #593 ), #594, .T. );
#235 = PRESENTATION_STYLE_ASSIGNMENT( ( #595 ) );
#236 = ADVANCED_FACE( '', ( #596 ), #597, .T. );
#237 = PRESENTATION_STYLE_ASSIGNMENT( ( #598 ) );
#238 = ADVANCED_FACE( '', ( #599 ), #600, .F. );
#239 = PRESENTATION_STYLE_ASSIGNMENT( ( #601 ) );
#240 = ADVANCED_FACE( '', ( #602 ), #603, .F. );
#241 = PRESENTATION_STYLE_ASSIGNMENT( ( #604 ) );
#242 = ADVANCED_FACE( '', ( #605 ), #606, .F. );
#243 = PRESENTATION_STYLE_ASSIGNMENT( ( #607 ) );
#244 = ADVANCED_FACE( '', ( #608 ), #609, .T. );
#245 = PRESENTATION_STYLE_ASSIGNMENT( ( #610 ) );
#246 = ADVANCED_FACE( '', ( #611 ), #612, .F. );
#247 = PRESENTATION_STYLE_ASSIGNMENT( ( #613 ) );
#248 = ADVANCED_FACE( '', ( #614 ), #615, .F. );
#249 = PRESENTATION_STYLE_ASSIGNMENT( ( #616 ) );
#250 = ADVANCED_FACE( '', ( #617 ), #618, .F. );
#251 = PRESENTATION_STYLE_ASSIGNMENT( ( #619 ) );
#252 = ADVANCED_FACE( '', ( #620 ), #621, .F. );
#253 = PRESENTATION_STYLE_ASSIGNMENT( ( #622 ) );
#254 = ADVANCED_FACE( '', ( #623 ), #624, .F. );
#255 = PRESENTATION_STYLE_ASSIGNMENT( ( #625 ) );
#256 = ADVANCED_FACE( '', ( #626 ), #627, .T. );
#257 = PRESENTATION_STYLE_ASSIGNMENT( ( #628 ) );
#258 = ADVANCED_FACE( '', ( #629 ), #630, .F. );
#259 = PRESENTATION_STYLE_ASSIGNMENT( ( #631 ) );
#260 = ADVANCED_FACE( '', ( #632 ), #633, .T. );
#261 = PRESENTATION_STYLE_ASSIGNMENT( ( #634 ) );
#262 = ADVANCED_FACE( '', ( #635 ), #636, .T. );
#263 = PRESENTATION_STYLE_ASSIGNMENT( ( #637 ) );
#264 = ADVANCED_FACE( '', ( #638 ), #639, .T. );
#265 = PRESENTATION_STYLE_ASSIGNMENT( ( #640 ) );
#266 = ADVANCED_FACE( '', ( #641 ), #642, .F. );
#267 = PRESENTATION_STYLE_ASSIGNMENT( ( #643 ) );
#268 = ADVANCED_FACE( '', ( #644 ), #645, .T. );
#269 = PRESENTATION_STYLE_ASSIGNMENT( ( #646 ) );
#270 = ADVANCED_FACE( '', ( #647 ), #648, .T. );
#271 = PRESENTATION_STYLE_ASSIGNMENT( ( #649 ) );
#272 = ADVANCED_FACE( '', ( #650 ), #651, .F. );
#273 = PRESENTATION_STYLE_ASSIGNMENT( ( #652 ) );
#274 = ADVANCED_FACE( '', ( #653 ), #654, .T. );
#275 = PRESENTATION_STYLE_ASSIGNMENT( ( #655 ) );
#276 = ADVANCED_FACE( '', ( #656, #657 ), #658, .F. );
#277 = PRESENTATION_STYLE_ASSIGNMENT( ( #659 ) );
#278 = ADVANCED_FACE( '', ( #660 ), #661, .F. );
#279 = PRESENTATION_STYLE_ASSIGNMENT( ( #662 ) );
#280 = ADVANCED_FACE( '', ( #663 ), #664, .T. );
#281 = PRESENTATION_STYLE_ASSIGNMENT( ( #665 ) );
#282 = ADVANCED_FACE( '', ( #666 ), #667, .T. );
#283 = PRESENTATION_STYLE_ASSIGNMENT( ( #668 ) );
#284 = ADVANCED_FACE( '', ( #669 ), #670, .T. );
#285 = PRESENTATION_STYLE_ASSIGNMENT( ( #671 ) );
#286 = ADVANCED_FACE( '', ( #672 ), #673, .T. );
#287 = PRESENTATION_STYLE_ASSIGNMENT( ( #674 ) );
#288 = ADVANCED_FACE( '', ( #675 ), #676, .T. );
#289 = PRESENTATION_STYLE_ASSIGNMENT( ( #677 ) );
#290 = ADVANCED_FACE( '', ( #678 ), #679, .T. );
#291 = PRESENTATION_STYLE_ASSIGNMENT( ( #680 ) );
#292 = ADVANCED_FACE( '', ( #681 ), #682, .F. );
#293 = PRESENTATION_STYLE_ASSIGNMENT( ( #683 ) );
#294 = ADVANCED_FACE( '', ( #684 ), #685, .F. );
#295 = PRESENTATION_STYLE_ASSIGNMENT( ( #686 ) );
#296 = ADVANCED_FACE( '', ( #687 ), #688, .F. );
#297 = PRESENTATION_STYLE_ASSIGNMENT( ( #689 ) );
#298 = ADVANCED_FACE( '', ( #690 ), #691, .F. );
#299 = PRESENTATION_STYLE_ASSIGNMENT( ( #692 ) );
#300 = ADVANCED_FACE( '', ( #693 ), #694, .F. );
#301 = PRESENTATION_STYLE_ASSIGNMENT( ( #695 ) );
#302 = ADVANCED_FACE( '', ( #696 ), #697, .T. );
#303 = PRESENTATION_STYLE_ASSIGNMENT( ( #698 ) );
#304 = ADVANCED_FACE( '', ( #699 ), #700, .F. );
#305 = PRESENTATION_STYLE_ASSIGNMENT( ( #701 ) );
#306 = ADVANCED_FACE( '', ( #702 ), #703, .T. );
#307 = PRESENTATION_STYLE_ASSIGNMENT( ( #704 ) );
#308 = ADVANCED_FACE( '', ( #705 ), #706, .F. );
#309 = PRESENTATION_STYLE_ASSIGNMENT( ( #707 ) );
#310 = ADVANCED_FACE( '', ( #708 ), #709, .F. );
#311 = PRESENTATION_STYLE_ASSIGNMENT( ( #710 ) );
#312 = ADVANCED_FACE( '', ( #711 ), #712, .T. );
#313 = PRESENTATION_STYLE_ASSIGNMENT( ( #713 ) );
#314 = ADVANCED_FACE( '', ( #714 ), #715, .F. );
#315 = PRESENTATION_STYLE_ASSIGNMENT( ( #716 ) );
#316 = ADVANCED_FACE( '', ( #717 ), #718, .F. );
#317 = PRESENTATION_STYLE_ASSIGNMENT( ( #719 ) );
#318 = ADVANCED_FACE( '', ( #720 ), #721, .T. );
#319 = PRESENTATION_STYLE_ASSIGNMENT( ( #722 ) );
#320 = ADVANCED_FACE( '', ( #723 ), #724, .T. );
#321 = PRESENTATION_STYLE_ASSIGNMENT( ( #725 ) );
#322 = ADVANCED_FACE( '', ( #726 ), #727, .F. );
#323 = PRESENTATION_STYLE_ASSIGNMENT( ( #728 ) );
#324 = ADVANCED_FACE( '', ( #729 ), #730, .T. );
#325 = PRESENTATION_STYLE_ASSIGNMENT( ( #731 ) );
#326 = ADVANCED_FACE( '', ( #732 ), #733, .T. );
#327 = PRESENTATION_STYLE_ASSIGNMENT( ( #734 ) );
#328 = ADVANCED_FACE( '', ( #735 ), #736, .T. );
#329 = PRESENTATION_STYLE_ASSIGNMENT( ( #737 ) );
#330 = ADVANCED_FACE( '', ( #738 ), #739, .F. );
#331 = PRESENTATION_STYLE_ASSIGNMENT( ( #740 ) );
#332 = ADVANCED_FACE( '', ( #741 ), #742, .T. );
#333 = PRESENTATION_STYLE_ASSIGNMENT( ( #743 ) );
#334 = ADVANCED_FACE( '', ( #744 ), #745, .F. );
#335 = PRESENTATION_STYLE_ASSIGNMENT( ( #746 ) );
#336 = ADVANCED_FACE( '', ( #747 ), #748, .F. );
#337 = PRESENTATION_STYLE_ASSIGNMENT( ( #749 ) );
#338 = ADVANCED_FACE( '', ( #750 ), #751, .T. );
#339 = PRESENTATION_STYLE_ASSIGNMENT( ( #752 ) );
#340 = ADVANCED_FACE( '', ( #753 ), #754, .F. );
#341 = PRESENTATION_STYLE_ASSIGNMENT( ( #755 ) );
#342 = ADVANCED_FACE( '', ( #756, #757 ), #758, .F. );
#343 = PRESENTATION_STYLE_ASSIGNMENT( ( #759 ) );
#344 = ADVANCED_FACE( '', ( #760 ), #761, .T. );
#345 = PRESENTATION_STYLE_ASSIGNMENT( ( #762 ) );
#346 = ADVANCED_FACE( '', ( #763 ), #764, .T. );
#347 = PRESENTATION_STYLE_ASSIGNMENT( ( #765 ) );
#348 = ADVANCED_FACE( '', ( #766 ), #767, .F. );
#349 = PRESENTATION_STYLE_ASSIGNMENT( ( #768 ) );
#350 = ADVANCED_FACE( '', ( #769 ), #770, .T. );
#351 = PRESENTATION_STYLE_ASSIGNMENT( ( #771 ) );
#352 = ADVANCED_FACE( '', ( #772 ), #773, .T. );
#353 = PRESENTATION_STYLE_ASSIGNMENT( ( #774 ) );
#354 = ADVANCED_FACE( '', ( #775 ), #776, .F. );
#355 = PRESENTATION_STYLE_ASSIGNMENT( ( #777 ) );
#356 = ADVANCED_FACE( '', ( #778 ), #779, .T. );
#357 = PRESENTATION_STYLE_ASSIGNMENT( ( #780 ) );
#358 = ADVANCED_FACE( '', ( #781 ), #782, .T. );
#359 = PRESENTATION_STYLE_ASSIGNMENT( ( #783 ) );
#360 = ADVANCED_FACE( '', ( #784 ), #785, .T. );
#361 = PRESENTATION_STYLE_ASSIGNMENT( ( #786 ) );
#362 = ADVANCED_FACE( '', ( #787 ), #788, .F. );
#363 = PRESENTATION_STYLE_ASSIGNMENT( ( #789 ) );
#364 = ADVANCED_FACE( '', ( #790 ), #791, .T. );
#365 = PRESENTATION_STYLE_ASSIGNMENT( ( #792 ) );
#366 = ADVANCED_FACE( '', ( #793 ), #794, .F. );
#367 = PRESENTATION_STYLE_ASSIGNMENT( ( #795 ) );
#368 = ADVANCED_FACE( '', ( #796 ), #797, .F. );
#369 = PRESENTATION_STYLE_ASSIGNMENT( ( #798 ) );
#370 = ADVANCED_FACE( '', ( #799 ), #800, .T. );
#371 = PRESENTATION_STYLE_ASSIGNMENT( ( #801 ) );
#372 = ADVANCED_FACE( '', ( #802 ), #803, .T. );
#373 = PRESENTATION_STYLE_ASSIGNMENT( ( #804 ) );
#374 = ADVANCED_FACE( '', ( #805 ), #806, .T. );
#375 = PRESENTATION_STYLE_ASSIGNMENT( ( #807 ) );
#376 = ADVANCED_FACE( '', ( #808 ), #809, .T. );
#377 = PRESENTATION_STYLE_ASSIGNMENT( ( #810 ) );
#378 = ADVANCED_FACE( '', ( #811 ), #812, .T. );
#379 = PRESENTATION_STYLE_ASSIGNMENT( ( #813 ) );
#380 = ADVANCED_FACE( '', ( #814 ), #815, .F. );
#381 = PRESENTATION_STYLE_ASSIGNMENT( ( #816 ) );
#382 = ADVANCED_FACE( '', ( #817 ), #818, .T. );
#383 = PRESENTATION_STYLE_ASSIGNMENT( ( #819 ) );
#384 = ADVANCED_FACE( '', ( #820 ), #821, .T. );
#385 = PRESENTATION_STYLE_ASSIGNMENT( ( #822 ) );
#386 = ADVANCED_FACE( '', ( #823 ), #824, .F. );
#387 = PRESENTATION_STYLE_ASSIGNMENT( ( #825 ) );
#388 = ADVANCED_FACE( '', ( #826 ), #827, .T. );
#389 = PRESENTATION_STYLE_ASSIGNMENT( ( #828 ) );
#390 = ADVANCED_FACE( '', ( #829 ), #830, .T. );
#391 = PRESENTATION_STYLE_ASSIGNMENT( ( #831 ) );
#392 = ADVANCED_FACE( '', ( #832 ), #833, .F. );
#393 = PRESENTATION_STYLE_ASSIGNMENT( ( #834 ) );
#394 = ADVANCED_FACE( '', ( #835, #836 ), #837, .F. );
#395 = PRESENTATION_STYLE_ASSIGNMENT( ( #838 ) );
#396 = ADVANCED_FACE( '', ( #839 ), #840, .T. );
#397 = PRESENTATION_STYLE_ASSIGNMENT( ( #841 ) );
#398 = ADVANCED_FACE( '', ( #842 ), #843, .T. );
#399 = PRESENTATION_STYLE_ASSIGNMENT( ( #844 ) );
#400 = ADVANCED_FACE( '', ( #845 ), #846, .T. );
#401 = PRESENTATION_STYLE_ASSIGNMENT( ( #847 ) );
#402 = ADVANCED_FACE( '', ( #848 ), #849, .T. );
#403 = PRESENTATION_STYLE_ASSIGNMENT( ( #850 ) );
#404 = ADVANCED_FACE( '', ( #851 ), #852, .T. );
#405 = PRESENTATION_STYLE_ASSIGNMENT( ( #853 ) );
#406 = ADVANCED_FACE( '', ( #854 ), #855, .T. );
#407 = PRESENTATION_STYLE_ASSIGNMENT( ( #856 ) );
#408 = ADVANCED_FACE( '', ( #857 ), #858, .T. );
#409 = PRESENTATION_STYLE_ASSIGNMENT( ( #859 ) );
#410 = ADVANCED_FACE( '', ( #860 ), #861, .T. );
#411 = PRESENTATION_STYLE_ASSIGNMENT( ( #862 ) );
#412 = ADVANCED_FACE( '', ( #863 ), #864, .F. );
#413 = PRESENTATION_STYLE_ASSIGNMENT( ( #865 ) );
#414 = ADVANCED_FACE( '', ( #866 ), #867, .F. );
#415 = PRESENTATION_STYLE_ASSIGNMENT( ( #868 ) );
#416 = ADVANCED_FACE( '', ( #869 ), #870, .F. );
#417 = PRESENTATION_STYLE_ASSIGNMENT( ( #871 ) );
#418 = ADVANCED_FACE( '', ( #872 ), #873, .T. );
#419 = PRESENTATION_STYLE_ASSIGNMENT( ( #874 ) );
#420 = ADVANCED_FACE( '', ( #875 ), #876, .T. );
#421 = PRESENTATION_STYLE_ASSIGNMENT( ( #877 ) );
#422 = ADVANCED_FACE( '', ( #878, #879, #880, #881, #882, #883, #884, #885, #886, #887, #888, #889, #890, #891, #892, #893, #894 ), #895, .F. );
#423 = PRESENTATION_STYLE_ASSIGNMENT( ( #896 ) );
#424 = ADVANCED_FACE( '', ( #897 ), #898, .F. );
#425 = PRESENTATION_STYLE_ASSIGNMENT( ( #899 ) );
#426 = ADVANCED_FACE( '', ( #900 ), #901, .F. );
#427 = PRESENTATION_STYLE_ASSIGNMENT( ( #902 ) );
#428 = ADVANCED_FACE( '', ( #903 ), #904, .F. );
#429 = PRESENTATION_STYLE_ASSIGNMENT( ( #905 ) );
#430 = ADVANCED_FACE( '', ( #906 ), #907, .F. );
#431 = PRESENTATION_STYLE_ASSIGNMENT( ( #908 ) );
#432 = ADVANCED_FACE( '', ( #909 ), #910, .T. );
#433 = PRESENTATION_STYLE_ASSIGNMENT( ( #911 ) );
#434 = ADVANCED_FACE( '', ( #912 ), #913, .T. );
#435 = PRESENTATION_STYLE_ASSIGNMENT( ( #914 ) );
#436 = ADVANCED_FACE( '', ( #915 ), #916, .T. );
#437 = PRESENTATION_STYLE_ASSIGNMENT( ( #917 ) );
#438 = ADVANCED_FACE( '', ( #918 ), #919, .T. );
#439 = PRESENTATION_STYLE_ASSIGNMENT( ( #920 ) );
#440 = ADVANCED_FACE( '', ( #921 ), #922, .F. );
#441 = PRESENTATION_STYLE_ASSIGNMENT( ( #923 ) );
#442 = ADVANCED_FACE( '', ( #924 ), #925, .T. );
#443 = PRESENTATION_STYLE_ASSIGNMENT( ( #926 ) );
#444 = ADVANCED_FACE( '', ( #927 ), #928, .F. );
#445 = PRESENTATION_STYLE_ASSIGNMENT( ( #929 ) );
#446 = ADVANCED_FACE( '', ( #930 ), #931, .T. );
#447 = PRESENTATION_STYLE_ASSIGNMENT( ( #932 ) );
#448 = ADVANCED_FACE( '', ( #933 ), #934, .F. );
#449 = PRESENTATION_STYLE_ASSIGNMENT( ( #935 ) );
#450 = ADVANCED_FACE( '', ( #936 ), #937, .F. );
#451 = PRESENTATION_STYLE_ASSIGNMENT( ( #938 ) );
#452 = ADVANCED_FACE( '', ( #939 ), #940, .T. );
#453 = PRESENTATION_STYLE_ASSIGNMENT( ( #941 ) );
#454 = ADVANCED_FACE( '', ( #942 ), #943, .T. );
#455 = PRESENTATION_STYLE_ASSIGNMENT( ( #944 ) );
#456 = ADVANCED_FACE( '', ( #945, #946 ), #947, .F. );
#457 = PRESENTATION_STYLE_ASSIGNMENT( ( #948 ) );
#458 = ADVANCED_FACE( '', ( #949 ), #950, .F. );
#459 = PRESENTATION_STYLE_ASSIGNMENT( ( #951 ) );
#460 = ADVANCED_FACE( '', ( #952 ), #953, .F. );
#461 = PRESENTATION_STYLE_ASSIGNMENT( ( #954 ) );
#462 = ADVANCED_FACE( '', ( #955 ), #956, .T. );
#463 = PRESENTATION_STYLE_ASSIGNMENT( ( #957 ) );
#464 = ADVANCED_FACE( '', ( #958 ), #959, .F. );
#465 = PRESENTATION_STYLE_ASSIGNMENT( ( #960 ) );
#466 = ADVANCED_FACE( '', ( #961 ), #962, .T. );
#467 = PRESENTATION_STYLE_ASSIGNMENT( ( #963 ) );
#468 = ADVANCED_FACE( '', ( #964 ), #965, .F. );
#469 = PRESENTATION_STYLE_ASSIGNMENT( ( #966 ) );
#470 = ADVANCED_FACE( '', ( #967 ), #968, .T. );
#471 = PRESENTATION_STYLE_ASSIGNMENT( ( #969 ) );
#472 = ADVANCED_FACE( '', ( #970 ), #971, .T. );
#473 = PRESENTATION_STYLE_ASSIGNMENT( ( #972 ) );
#474 = ADVANCED_FACE( '', ( #973 ), #974, .F. );
#475 = PRESENTATION_STYLE_ASSIGNMENT( ( #975 ) );
#476 = ADVANCED_FACE( '', ( #976 ), #977, .T. );
#477 = PRESENTATION_STYLE_ASSIGNMENT( ( #978 ) );
#478 = ADVANCED_FACE( '', ( #979 ), #980, .F. );
#479 = PRESENTATION_STYLE_ASSIGNMENT( ( #981 ) );
#480 = ADVANCED_FACE( '', ( #982 ), #983, .F. );
#481 = PRESENTATION_STYLE_ASSIGNMENT( ( #984 ) );
#482 = ADVANCED_FACE( '', ( #985 ), #986, .F. );
#483 = PRESENTATION_STYLE_ASSIGNMENT( ( #987 ) );
#484 = ADVANCED_FACE( '', ( #988 ), #989, .F. );
#485 = PRESENTATION_STYLE_ASSIGNMENT( ( #990 ) );
#486 = ADVANCED_FACE( '', ( #991 ), #992, .T. );
#487 = PRESENTATION_STYLE_ASSIGNMENT( ( #993 ) );
#488 = ADVANCED_FACE( '', ( #994 ), #995, .T. );
#489 = PRESENTATION_STYLE_ASSIGNMENT( ( #996 ) );
#490 = ADVANCED_FACE( '', ( #997, #998 ), #999, .T. );
#491 = PRESENTATION_STYLE_ASSIGNMENT( ( #1000 ) );
#492 = ADVANCED_FACE( '', ( #1001 ), #1002, .F. );
#493 = PRESENTATION_STYLE_ASSIGNMENT( ( #1003 ) );
#494 = ADVANCED_FACE( '', ( #1004 ), #1005, .F. );
#495 = PRESENTATION_STYLE_ASSIGNMENT( ( #1006 ) );
#496 = ADVANCED_FACE( '', ( #1007 ), #1008, .T. );
#497 = PRODUCT( '1', '1', 'PART-1-DESC', ( #1009 ) );
#498 = PRODUCT_DEFINITION( 'NONE', 'NONE', #1010, #2 );
#499 = MANIFOLD_SOLID_BREP( '1', #1011 );
#500 = AXIS2_PLACEMENT_3D( '', #1012, #1013, #1014 );
#503 = LENGTH_MEASURE_WITH_UNIT( LENGTH_MEASURE( 1.00000000000000 ), #1015 );
#506 = DIMENSIONAL_EXPONENTS( 1.00000000000000, 0.000000000000000, 0.000000000000000, 0.000000000000000, 0.000000000000000, 0.000000000000000, 0.000000000000000 );
#508 = DIMENSIONAL_EXPONENTS( 0.000000000000000, 0.000000000000000, 0.000000000000000, 0.000000000000000, 0.000000000000000, 0.000000000000000, 0.000000000000000 );
#514 = SURFACE_STYLE_USAGE( .BOTH., #1016 );
#515 = FACE_OUTER_BOUND( '', #1017, .T. );
#516 = PLANE( '', #1018 );
#517 = SURFACE_STYLE_USAGE( .BOTH., #1019 );
#518 = FACE_OUTER_BOUND( '', #1020, .T. );
#519 = PLANE( '', #1021 );
#520 = SURFACE_STYLE_USAGE( .BOTH., #1022 );
#521 = FACE_OUTER_BOUND( '', #1023, .T. );
#522 = PLANE( '', #1024 );
#523 = SURFACE_STYLE_USAGE( .BOTH., #1025 );
#524 = FACE_OUTER_BOUND( '', #1026, .T. );
#525 = PLANE( '', #1027 );
#526 = SURFACE_STYLE_USAGE( .BOTH., #1028 );
#527 = FACE_OUTER_BOUND( '', #1029, .T. );
#528 = PLANE( '', #1030 );
#529 = SURFACE_STYLE_USAGE( .BOTH., #1031 );
#530 = FACE_OUTER_BOUND( '', #1032, .T. );
#531 = PLANE( '', #1033 );
#532 = SURFACE_STYLE_USAGE( .BOTH., #1034 );
#533 = FACE_OUTER_BOUND( '', #1035, .T. );
#534 = PLANE( '', #1036 );
#535 = SURFACE_STYLE_USAGE( .BOTH., #1037 );
#536 = FACE_OUTER_BOUND( '', #1038, .T. );
#537 = PLANE( '', #1039 );
#538 = SURFACE_STYLE_USAGE( .BOTH., #1040 );
#539 = FACE_OUTER_BOUND( '', #1041, .T. );
#540 = PLANE( '', #1042 );
#541 = SURFACE_STYLE_USAGE( .BOTH., #1043 );
#542 = FACE_OUTER_BOUND( '', #1044, .T. );
#543 = PLANE( '', #1045 );
#544 = SURFACE_STYLE_USAGE( .BOTH., #1046 );
#545 = FACE_OUTER_BOUND( '', #1047, .T. );
#546 = PLANE( '', #1048 );
#547 = SURFACE_STYLE_USAGE( .BOTH., #1049 );
#548 = FACE_OUTER_BOUND( '', #1050, .T. );
#549 = PLANE( '', #1051 );
#550 = SURFACE_STYLE_USAGE( .BOTH., #1052 );
#551 = FACE_OUTER_BOUND( '', #1053, .T. );
#552 = PLANE( '', #1054 );
#553 = SURFACE_STYLE_USAGE( .BOTH., #1055 );
#554 = FACE_OUTER_BOUND( '', #1056, .T. );
#555 = PLANE( '', #1057 );
#556 = SURFACE_STYLE_USAGE( .BOTH., #1058 );
#557 = FACE_OUTER_BOUND( '', #1059, .T. );
#558 = PLANE( '', #1060 );
#559 = SURFACE_STYLE_USAGE( .BOTH., #1061 );
#560 = FACE_OUTER_BOUND( '', #1062, .T. );
#561 = PLANE( '', #1063 );
#562 = SURFACE_STYLE_USAGE( .BOTH., #1064 );
#563 = FACE_OUTER_BOUND( '', #1065, .T. );
#564 = PLANE( '', #1066 );
#565 = SURFACE_STYLE_USAGE( .BOTH., #1067 );
#566 = FACE_OUTER_BOUND( '', #1068, .T. );
#567 = PLANE( '', #1069 );
#568 = SURFACE_STYLE_USAGE( .BOTH., #1070 );
#569 = FACE_OUTER_BOUND( '', #1071, .T. );
#570 = PLANE( '', #1072 );
#571 = SURFACE_STYLE_USAGE( .BOTH., #1073 );
#572 = FACE_OUTER_BOUND( '', #1074, .T. );
#573 = PLANE( '', #1075 );
#574 = SURFACE_STYLE_USAGE( .BOTH., #1076 );
#575 = FACE_OUTER_BOUND( '', #1077, .T. );
#576 = PLANE( '', #1078 );
#577 = SURFACE_STYLE_USAGE( .BOTH., #1079 );
#578 = FACE_OUTER_BOUND( '', #1080, .T. );
#579 = PLANE( '', #1081 );
#580 = SURFACE_STYLE_USAGE( .BOTH., #1082 );
#581 = FACE_OUTER_BOUND( '', #1083, .T. );
#582 = PLANE( '', #1084 );
#583 = SURFACE_STYLE_USAGE( .BOTH., #1085 );
#584 = FACE_OUTER_BOUND( '', #1086, .T. );
#585 = PLANE( '', #1087 );
#586 = SURFACE_STYLE_USAGE( .BOTH., #1088 );
#587 = FACE_OUTER_BOUND( '', #1089, .T. );
#588 = PLANE( '', #1090 );
#589 = SURFACE_STYLE_USAGE( .BOTH., #1091 );
#590 = FACE_OUTER_BOUND( '', #1092, .T. );
#591 = PLANE( '', #1093 );
#592 = SURFACE_STYLE_USAGE( .BOTH., #1094 );
#593 = FACE_OUTER_BOUND( '', #1095, .T. );
#594 = PLANE( '', #1096 );
#595 = SURFACE_STYLE_USAGE( .BOTH., #1097 );
#596 = FACE_OUTER_BOUND( '', #1098, .T. );
#597 = PLANE( '', #1099 );
#598 = SURFACE_STYLE_USAGE( .BOTH., #1100 );
#599 = FACE_OUTER_BOUND( '', #1101, .T. );
#600 = PLANE( '', #1102 );
#601 = SURFACE_STYLE_USAGE( .BOTH., #1103 );
#602 = FACE_OUTER_BOUND( '', #1104, .T. );
#603 = PLANE( '', #1105 );
#604 = SURFACE_STYLE_USAGE( .BOTH., #1106 );
#605 = FACE_OUTER_BOUND( '', #1107, .T. );
#606 = PLANE( '', #1108 );
#607 = SURFACE_STYLE_USAGE( .BOTH., #1109 );
#608 = FACE_OUTER_BOUND( '', #1110, .T. );
#609 = PLANE( '', #1111 );
#610 = SURFACE_STYLE_USAGE( .BOTH., #1112 );
#611 = FACE_OUTER_BOUND( '', #1113, .T. );
#612 = PLANE( '', #1114 );
#613 = SURFACE_STYLE_USAGE( .BOTH., #1115 );
#614 = FACE_OUTER_BOUND( '', #1116, .T. );
#615 = PLANE( '', #1117 );
#616 = SURFACE_STYLE_USAGE( .BOTH., #1118 );
#617 = FACE_OUTER_BOUND( '', #1119, .T. );
#618 = PLANE( '', #1120 );
#619 = SURFACE_STYLE_USAGE( .BOTH., #1121 );
#620 = FACE_OUTER_BOUND( '', #1122, .T. );
#621 = PLANE( '', #1123 );
#622 = SURFACE_STYLE_USAGE( .BOTH., #1124 );
#623 = FACE_OUTER_BOUND( '', #1125, .T. );
#624 = PLANE( '', #1126 );
#625 = SURFACE_STYLE_USAGE( .BOTH., #1127 );
#626 = FACE_OUTER_BOUND( '', #1128, .T. );
#627 = PLANE( '', #1129 );
#628 = SURFACE_STYLE_USAGE( .BOTH., #1130 );
#629 = FACE_OUTER_BOUND( '', #1131, .T. );
#630 = PLANE( '', #1132 );
#631 = SURFACE_STYLE_USAGE( .BOTH., #1133 );
#632 = FACE_OUTER_BOUND( '', #1134, .T. );
#633 = PLANE( '', #1135 );
#634 = SURFACE_STYLE_USAGE( .BOTH., #1136 );
#635 = FACE_OUTER_BOUND( '', #1137, .T. );
#636 = PLANE( '', #1138 );
#637 = SURFACE_STYLE_USAGE( .BOTH., #1139 );
#638 = FACE_OUTER_BOUND( '', #1140, .T. );
#639 = PLANE( '', #1141 );
#640 = SURFACE_STYLE_USAGE( .BOTH., #1142 );
#641 = FACE_OUTER_BOUND( '', #1143, .T. );
#642 = PLANE( '', #1144 );
#643 = SURFACE_STYLE_USAGE( .BOTH., #1145 );
#644 = FACE_OUTER_BOUND( '', #1146, .T. );
#645 = PLANE( '', #1147 );
#646 = SURFACE_STYLE_USAGE( .BOTH., #1148 );
#647 = FACE_OUTER_BOUND( '', #1149, .T. );
#648 = PLANE( '', #1150 );
#649 = SURFACE_STYLE_USAGE( .BOTH., #1151 );
#650 = FACE_OUTER_BOUND( '', #1152, .T. );
#651 = PLANE( '', #1153 );
#652 = SURFACE_STYLE_USAGE( .BOTH., #1154 );
#653 = FACE_OUTER_BOUND( '', #1155, .T. );
#654 = PLANE( '', #1156 );
#655 = SURFACE_STYLE_USAGE( .BOTH., #1157 );
#656 = FACE_OUTER_BOUND( '', #1158, .T. );
#657 = FACE_OUTER_BOUND( '', #1159, .T. );
#658 = CYLINDRICAL_SURFACE( '', #1160, 2.45850000000000 );
#659 = SURFACE_STYLE_USAGE( .BOTH., #1161 );
#660 = FACE_OUTER_BOUND( '', #1162, .T. );
#661 = PLANE( '', #1163 );
#662 = SURFACE_STYLE_USAGE( .BOTH., #1164 );
#663 = FACE_OUTER_BOUND( '', #1165, .T. );
#664 = PLANE( '', #1166 );
#665 = SURFACE_STYLE_USAGE( .BOTH., #1167 );
#666 = FACE_OUTER_BOUND( '', #1168, .T. );
#667 = PLANE( '', #1169 );
#668 = SURFACE_STYLE_USAGE( .BOTH., #1170 );
#669 = FACE_OUTER_BOUND( '', #1171, .T. );
#670 = PLANE( '', #1172 );
#671 = SURFACE_STYLE_USAGE( .BOTH., #1173 );
#672 = FACE_OUTER_BOUND( '', #1174, .T. );
#673 = PLANE( '', #1175 );
#674 = SURFACE_STYLE_USAGE( .BOTH., #1176 );
#675 = FACE_OUTER_BOUND( '', #1177, .T. );
#676 = PLANE( '', #1178 );
#677 = SURFACE_STYLE_USAGE( .BOTH., #1179 );
#678 = FACE_OUTER_BOUND( '', #1180, .T. );
#679 = PLANE( '', #1181 );
#680 = SURFACE_STYLE_USAGE( .BOTH., #1182 );
#681 = FACE_OUTER_BOUND( '', #1183, .T. );
#682 = PLANE( '', #1184 );
#683 = SURFACE_STYLE_USAGE( .BOTH., #1185 );
#684 = FACE_OUTER_BOUND( '', #1186, .T. );
#685 = PLANE( '', #1187 );
#686 = SURFACE_STYLE_USAGE( .BOTH., #1188 );
#687 = FACE_OUTER_BOUND( '', #1189, .T. );
#688 = PLANE( '', #1190 );
#689 = SURFACE_STYLE_USAGE( .BOTH., #1191 );
#690 = FACE_OUTER_BOUND( '', #1192, .T. );
#691 = PLANE( '', #1193 );
#692 = SURFACE_STYLE_USAGE( .BOTH., #1194 );
#693 = FACE_OUTER_BOUND( '', #1195, .T. );
#694 = PLANE( '', #1196 );
#695 = SURFACE_STYLE_USAGE( .BOTH., #1197 );
#696 = FACE_OUTER_BOUND( '', #1198, .T. );
#697 = PLANE( '', #1199 );
#698 = SURFACE_STYLE_USAGE( .BOTH., #1200 );
#699 = FACE_OUTER_BOUND( '', #1201, .T. );
#700 = PLANE( '', #1202 );
#701 = SURFACE_STYLE_USAGE( .BOTH., #1203 );
#702 = FACE_OUTER_BOUND( '', #1204, .T. );
#703 = PLANE( '', #1205 );
#704 = SURFACE_STYLE_USAGE( .BOTH., #1206 );
#705 = FACE_OUTER_BOUND( '', #1207, .T. );
#706 = PLANE( '', #1208 );
#707 = SURFACE_STYLE_USAGE( .BOTH., #1209 );
#708 = FACE_OUTER_BOUND( '', #1210, .T. );
#709 = PLANE( '', #1211 );
#710 = SURFACE_STYLE_USAGE( .BOTH., #1212 );
#711 = FACE_OUTER_BOUND( '', #1213, .T. );
#712 = PLANE( '', #1214 );
#713 = SURFACE_STYLE_USAGE( .BOTH., #1215 );
#714 = FACE_OUTER_BOUND( '', #1216, .T. );
#715 = PLANE( '', #1217 );
#716 = SURFACE_STYLE_USAGE( .BOTH., #1218 );
#717 = FACE_OUTER_BOUND( '', #1219, .T. );
#718 = PLANE( '', #1220 );
#719 = SURFACE_STYLE_USAGE( .BOTH., #1221 );
#720 = FACE_OUTER_BOUND( '', #1222, .T. );
#721 = PLANE( '', #1223 );
#722 = SURFACE_STYLE_USAGE( .BOTH., #1224 );
#723 = FACE_OUTER_BOUND( '', #1225, .T. );
#724 = PLANE( '', #1226 );
#725 = SURFACE_STYLE_USAGE( .BOTH., #1227 );
#726 = FACE_OUTER_BOUND( '', #1228, .T. );
#727 = PLANE( '', #1229 );
#728 = SURFACE_STYLE_USAGE( .BOTH., #1230 );
#729 = FACE_OUTER_BOUND( '', #1231, .T. );
#730 = PLANE( '', #1232 );
#731 = SURFACE_STYLE_USAGE( .BOTH., #1233 );
#732 = FACE_OUTER_BOUND( '', #1234, .T. );
#733 = PLANE( '', #1235 );
#734 = SURFACE_STYLE_USAGE( .BOTH., #1236 );
#735 = FACE_OUTER_BOUND( '', #1237, .T. );
#736 = PLANE( '', #1238 );
#737 = SURFACE_STYLE_USAGE( .BOTH., #1239 );
#738 = FACE_OUTER_BOUND( '', #1240, .T. );
#739 = PLANE( '', #1241 );
#740 = SURFACE_STYLE_USAGE( .BOTH., #1242 );
#741 = FACE_OUTER_BOUND( '', #1243, .T. );
#742 = PLANE( '', #1244 );
#743 = SURFACE_STYLE_USAGE( .BOTH., #1245 );
#744 = FACE_OUTER_BOUND( '', #1246, .T. );
#745 = PLANE( '', #1247 );
#746 = SURFACE_STYLE_USAGE( .BOTH., #1248 );
#747 = FACE_OUTER_BOUND( '', #1249, .T. );
#748 = PLANE( '', #1250 );
#749 = SURFACE_STYLE_USAGE( .BOTH., #1251 );
#750 = FACE_OUTER_BOUND( '', #1252, .T. );
#751 = CONICAL_SURFACE( '', #1253, 5.00000000000000, 0.785398163397449 );
#752 = SURFACE_STYLE_USAGE( .BOTH., #1254 );
#753 = FACE_OUTER_BOUND( '', #1255, .T. );
#754 = PLANE( '', #1256 );
#755 = SURFACE_STYLE_USAGE( .BOTH., #1257 );
#756 = FACE_BOUND( '', #1258, .T. );
#757 = FACE_OUTER_BOUND( '', #1259, .T. );
#758 = CONICAL_SURFACE( '', #1260, 3.11850000000000, 0.785398163397448 );
#759 = SURFACE_STYLE_USAGE( .BOTH., #1261 );
#760 = FACE_OUTER_BOUND( '', #1262, .T. );
#761 = PLANE( '', #1263 );
#762 = SURFACE_STYLE_USAGE( .BOTH., #1264 );
#763 = FACE_OUTER_BOUND( '', #1265, .T. );
#764 = PLANE( '', #1266 );
#765 = SURFACE_STYLE_USAGE( .BOTH., #1267 );
#766 = FACE_OUTER_BOUND( '', #1268, .T. );
#767 = PLANE( '', #1269 );
#768 = SURFACE_STYLE_USAGE( .BOTH., #1270 );
#769 = FACE_OUTER_BOUND( '', #1271, .T. );
#770 = PLANE( '', #1272 );
#771 = SURFACE_STYLE_USAGE( .BOTH., #1273 );
#772 = FACE_OUTER_BOUND( '', #1274, .T. );
#773 = PLANE( '', #1275 );
#774 = SURFACE_STYLE_USAGE( .BOTH., #1276 );
#775 = FACE_OUTER_BOUND( '', #1277, .T. );
#776 = PLANE( '', #1278 );
#777 = SURFACE_STYLE_USAGE( .BOTH., #1279 );
#778 = FACE_OUTER_BOUND( '', #1280, .T. );
#779 = PLANE( '', #1281 );
#780 = SURFACE_STYLE_USAGE( .BOTH., #1282 );
#781 = FACE_OUTER_BOUND( '', #1283, .T. );
#782 = PLANE( '', #1284 );
#783 = SURFACE_STYLE_USAGE( .BOTH., #1285 );
#784 = FACE_OUTER_BOUND( '', #1286, .T. );
#785 = PLANE( '', #1287 );
#786 = SURFACE_STYLE_USAGE( .BOTH., #1288 );
#787 = FACE_OUTER_BOUND( '', #1289, .T. );
#788 = PLANE( '', #1290 );
#789 = SURFACE_STYLE_USAGE( .BOTH., #1291 );
#790 = FACE_OUTER_BOUND( '', #1292, .T. );
#791 = PLANE( '', #1293 );
#792 = SURFACE_STYLE_USAGE( .BOTH., #1294 );
#793 = FACE_OUTER_BOUND( '', #1295, .T. );
#794 = PLANE( '', #1296 );
#795 = SURFACE_STYLE_USAGE( .BOTH., #1297 );
#796 = FACE_OUTER_BOUND( '', #1298, .T. );
#797 = PLANE( '', #1299 );
#798 = SURFACE_STYLE_USAGE( .BOTH., #1300 );
#799 = FACE_OUTER_BOUND( '', #1301, .T. );
#800 = PLANE( '', #1302 );
#801 = SURFACE_STYLE_USAGE( .BOTH., #1303 );
#802 = FACE_OUTER_BOUND( '', #1304, .T. );
#803 = PLANE( '', #1305 );
#804 = SURFACE_STYLE_USAGE( .BOTH., #1306 );
#805 = FACE_OUTER_BOUND( '', #1307, .T. );
#806 = CONICAL_SURFACE( '', #1308, 5.00000000000000, 0.785398163397449 );
#807 = SURFACE_STYLE_USAGE( .BOTH., #1309 );
#808 = FACE_OUTER_BOUND( '', #1310, .T. );
#809 = PLANE( '', #1311 );
#810 = SURFACE_STYLE_USAGE( .BOTH., #1312 );
#811 = FACE_OUTER_BOUND( '', #1313, .T. );
#812 = PLANE( '', #1314 );
#813 = SURFACE_STYLE_USAGE( .BOTH., #1315 );
#814 = FACE_OUTER_BOUND( '', #1316, .T. );
#815 = PLANE( '', #1317 );
#816 = SURFACE_STYLE_USAGE( .BOTH., #1318 );
#817 = FACE_OUTER_BOUND( '', #1319, .T. );
#818 = PLANE( '', #1320 );
#819 = SURFACE_STYLE_USAGE( .BOTH., #1321 );
#820 = FACE_OUTER_BOUND( '', #1322, .T. );
#821 = PLANE( '', #1323 );
#822 = SURFACE_STYLE_USAGE( .BOTH., #1324 );
#823 = FACE_OUTER_BOUND( '', #1325, .T. );
#824 = PLANE( '', #1326 );
#825 = SURFACE_STYLE_USAGE( .BOTH., #1327 );
#826 = FACE_OUTER_BOUND( '', #1328, .T. );
#827 = PLANE( '', #1329 );
#828 = SURFACE_STYLE_USAGE( .BOTH., #1330 );
#829 = FACE_OUTER_BOUND( '', #1331, .T. );
#830 = PLANE( '', #1332 );
#831 = SURFACE_STYLE_USAGE( .BOTH., #1333 );
#832 = FACE_OUTER_BOUND( '', #1334, .T. );
#833 = PLANE( '', #1335 );
#834 = SURFACE_STYLE_USAGE( .BOTH., #1336 );
#835 = FACE_OUTER_BOUND( '', #1337, .T. );
#836 = FACE_BOUND( '', #1338, .T. );
#837 = CONICAL_SURFACE( '', #1339, 2.45850000000000, 1.02974425867665 );
#838 = SURFACE_STYLE_USAGE( .BOTH., #1340 );
#839 = FACE_OUTER_BOUND( '', #1341, .T. );
#840 = CONICAL_SURFACE( '', #1342, 5.00000000000000, 0.785398163397449 );
#841 = SURFACE_STYLE_USAGE( .BOTH., #1343 );
#842 = FACE_OUTER_BOUND( '', #1344, .T. );
#843 = PLANE( '', #1345 );
#844 = SURFACE_STYLE_USAGE( .BOTH., #1346 );
#845 = FACE_OUTER_BOUND( '', #1347, .T. );
#846 = PLANE( '', #1348 );
#847 = SURFACE_STYLE_USAGE( .BOTH., #1349 );
#848 = FACE_OUTER_BOUND( '', #1350, .T. );
#849 = PLANE( '', #1351 );
#850 = SURFACE_STYLE_USAGE( .BOTH., #1352 );
#851 = FACE_OUTER_BOUND( '', #1353, .T. );
#852 = PLANE( '', #1354 );
#853 = SURFACE_STYLE_USAGE( .BOTH., #1355 );
#854 = FACE_OUTER_BOUND( '', #1356, .T. );
#855 = PLANE( '', #1357 );
#856 = SURFACE_STYLE_USAGE( .BOTH., #1358 );
#857 = FACE_OUTER_BOUND( '', #1359, .T. );
#858 = PLANE( '', #1360 );
#859 = SURFACE_STYLE_USAGE( .BOTH., #1361 );
#860 = FACE_OUTER_BOUND( '', #1362, .T. );
#861 = PLANE( '', #1363 );
#862 = SURFACE_STYLE_USAGE( .BOTH., #1364 );
#863 = FACE_OUTER_BOUND( '', #1365, .T. );
#864 = PLANE( '', #1366 );
#865 = SURFACE_STYLE_USAGE( .BOTH., #1367 );
#866 = FACE_OUTER_BOUND( '', #1368, .T. );
#867 = PLANE( '', #1369 );
#868 = SURFACE_STYLE_USAGE( .BOTH., #1370 );
#869 = FACE_OUTER_BOUND( '', #1371, .T. );
#870 = PLANE( '', #1372 );
#871 = SURFACE_STYLE_USAGE( .BOTH., #1373 );
#872 = FACE_OUTER_BOUND( '', #1374, .T. );
#873 = PLANE( '', #1375 );
#874 = SURFACE_STYLE_USAGE( .BOTH., #1376 );
#875 = FACE_OUTER_BOUND( '', #1377, .T. );
#876 = PLANE( '', #1378 );
#877 = SURFACE_STYLE_USAGE( .BOTH., #1379 );
#878 = FACE_BOUND( '', #1380, .T. );
#879 = FACE_BOUND( '', #1381, .T. );
#880 = FACE_BOUND( '', #1382, .T. );
#881 = FACE_BOUND( '', #1383, .T. );
#882 = FACE_BOUND( '', #1384, .T. );
#883 = FACE_BOUND( '', #1385, .T. );
#884 = FACE_BOUND( '', #1386, .T. );
#885 = FACE_BOUND( '', #1387, .T. );
#886 = FACE_BOUND( '', #1388, .T. );
#887 = FACE_BOUND( '', #1389, .T. );
#888 = FACE_BOUND( '', #1390, .T. );
#889 = FACE_BOUND( '', #1391, .T. );
#890 = FACE_BOUND( '', #1392, .T. );
#891 = FACE_BOUND( '', #1393, .T. );
#892 = FACE_BOUND( '', #1394, .T. );
#893 = FACE_OUTER_BOUND( '', #1395, .T. );
#894 = FACE_BOUND( '', #1396, .T. );
#895 = PLANE( '', #1397 );
#896 = SURFACE_STYLE_USAGE( .BOTH., #1398 );
#897 = FACE_OUTER_BOUND( '', #1399, .T. );
#898 = PLANE( '', #1400 );
#899 = SURFACE_STYLE_USAGE( .BOTH., #1401 );
#900 = FACE_OUTER_BOUND( '', #1402, .T. );
#901 = PLANE( '', #1403 );
#902 = SURFACE_STYLE_USAGE( .BOTH., #1404 );
#903 = FACE_OUTER_BOUND( '', #1405, .T. );
#904 = PLANE( '', #1406 );
#905 = SURFACE_STYLE_USAGE( .BOTH., #1407 );
#906 = FACE_OUTER_BOUND( '', #1408, .T. );
#907 = PLANE( '', #1409 );
#908 = SURFACE_STYLE_USAGE( .BOTH., #1410 );
#909 = FACE_OUTER_BOUND( '', #1411, .T. );
#910 = PLANE( '', #1412 );
#911 = SURFACE_STYLE_USAGE( .BOTH., #1413 );
#912 = FACE_OUTER_BOUND( '', #1414, .T. );
#913 = PLANE( '', #1415 );
#914 = SURFACE_STYLE_USAGE( .BOTH., #1416 );
#915 = FACE_OUTER_BOUND( '', #1417, .T. );
#916 = PLANE( '', #1418 );
#917 = SURFACE_STYLE_USAGE( .BOTH., #1419 );
#918 = FACE_OUTER_BOUND( '', #1420, .T. );
#919 = PLANE( '', #1421 );
#920 = SURFACE_STYLE_USAGE( .BOTH., #1422 );
#921 = FACE_OUTER_BOUND( '', #1423, .T. );
#922 = PLANE( '', #1424 );
#923 = SURFACE_STYLE_USAGE( .BOTH., #1425 );
#924 = FACE_OUTER_BOUND( '', #1426, .T. );
#925 = PLANE( '', #1427 );
#926 = SURFACE_STYLE_USAGE( .BOTH., #1428 );
#927 = FACE_OUTER_BOUND( '', #1429, .T. );
#928 = PLANE( '', #1430 );
#929 = SURFACE_STYLE_USAGE( .BOTH., #1431 );
#930 = FACE_OUTER_BOUND( '', #1432, .T. );
#931 = PLANE( '', #1433 );
#932 = SURFACE_STYLE_USAGE( .BOTH., #1434 );
#933 = FACE_OUTER_BOUND( '', #1435, .T. );
#934 = PLANE( '', #1436 );
#935 = SURFACE_STYLE_USAGE( .BOTH., #1437 );
#936 = FACE_OUTER_BOUND( '', #1438, .T. );
#937 = PLANE( '', #1439 );
#938 = SURFACE_STYLE_USAGE( .BOTH., #1440 );
#939 = FACE_OUTER_BOUND( '', #1441, .T. );
#940 = PLANE( '', #1442 );
#941 = SURFACE_STYLE_USAGE( .BOTH., #1443 );
#942 = FACE_OUTER_BOUND( '', #1444, .T. );
#943 = PLANE( '', #1445 );
#944 = SURFACE_STYLE_USAGE( .BOTH., #1446 );
#945 = FACE_OUTER_BOUND( '', #1447, .T. );
#946 = FACE_OUTER_BOUND( '', #1448, .T. );
#947 = CYLINDRICAL_SURFACE( '', #1449, 2.45850000000000 );
#948 = SURFACE_STYLE_USAGE( .BOTH., #1450 );
#949 = FACE_OUTER_BOUND( '', #1451, .T. );
#950 = PLANE( '', #1452 );
#951 = SURFACE_STYLE_USAGE( .BOTH., #1453 );
#952 = FACE_OUTER_BOUND( '', #1454, .T. );
#953 = PLANE( '', #1455 );
#954 = SURFACE_STYLE_USAGE( .BOTH., #1456 );
#955 = FACE_OUTER_BOUND( '', #1457, .T. );
#956 = PLANE( '', #1458 );
#957 = SURFACE_STYLE_USAGE( .BOTH., #1459 );
#958 = FACE_OUTER_BOUND( '', #1460, .T. );
#959 = PLANE( '', #1461 );
#960 = SURFACE_STYLE_USAGE( .BOTH., #1462 );
#961 = FACE_OUTER_BOUND( '', #1463, .T. );
#962 = CONICAL_SURFACE( '', #1464, 5.00000000000000, 0.785398163397449 );
#963 = SURFACE_STYLE_USAGE( .BOTH., #1465 );
#964 = FACE_OUTER_BOUND( '', #1466, .T. );
#965 = PLANE( '', #1467 );
#966 = SURFACE_STYLE_USAGE( .BOTH., #1468 );
#967 = FACE_OUTER_BOUND( '', #1469, .T. );
#968 = PLANE( '', #1470 );
#969 = SURFACE_STYLE_USAGE( .BOTH., #1471 );
#970 = FACE_OUTER_BOUND( '', #1472, .T. );
#971 = PLANE( '', #1473 );
#972 = SURFACE_STYLE_USAGE( .BOTH., #1474 );
#973 = FACE_OUTER_BOUND( '', #1475, .T. );
#974 = PLANE( '', #1476 );
#975 = SURFACE_STYLE_USAGE( .BOTH., #1477 );
#976 = FACE_OUTER_BOUND( '', #1478, .T. );
#977 = PLANE( '', #1479 );
#978 = SURFACE_STYLE_USAGE( .BOTH., #1480 );
#979 = FACE_OUTER_BOUND( '', #1481, .T. );
#980 = PLANE( '', #1482 );
#981 = SURFACE_STYLE_USAGE( .BOTH., #1483 );
#982 = FACE_OUTER_BOUND( '', #1484, .T. );
#983 = PLANE( '', #1485 );
#984 = SURFACE_STYLE_USAGE( .BOTH., #1486 );
#985 = FACE_OUTER_BOUND( '', #1487, .T. );
#986 = PLANE( '', #1488 );
#987 = SURFACE_STYLE_USAGE( .BOTH., #1489 );
#988 = FACE_OUTER_BOUND( '', #1490, .T. );
#989 = PLANE( '', #1491 );
#990 = SURFACE_STYLE_USAGE( .BOTH., #1492 );
#991 = FACE_OUTER_BOUND( '', #1493, .T. );
#992 = PLANE( '', #1494 );
#993 = SURFACE_STYLE_USAGE( .BOTH., #1495 );
#994 = FACE_OUTER_BOUND( '', #1496, .T. );
#995 = PLANE( '', #1497 );
#996 = SURFACE_STYLE_USAGE( .BOTH., #1498 );
#997 = FACE_BOUND( '', #1499, .T. );
#998 = FACE_OUTER_BOUND( '', #1500, .T. );
#999 = PLANE( '', #1501 );
#1000 = SURFACE_STYLE_USAGE( .BOTH., #1502 );
#1001 = FACE_OUTER_BOUND( '', #1503, .T. );
#1002 = PLANE( '', #1504 );
#1003 = SURFACE_STYLE_USAGE( .BOTH., #1505 );
#1004 = FACE_OUTER_BOUND( '', #1506, .T. );
#1005 = PLANE( '', #1507 );
#1006 = SURFACE_STYLE_USAGE( .BOTH., #1508 );
#1007 = FACE_OUTER_BOUND( '', #1509, .T. );
#1008 = PLANE( '', #1510 );
#1009 = PRODUCT_CONTEXT( '', #168, 'mechanical' );
#1010 = PRODUCT_DEFINITION_FORMATION_WITH_SPECIFIED_SOURCE( ' ', 'NONE', #497, .NOT_KNOWN. );
#1011 = CLOSED_SHELL( '', ( #276, #342, #394, #456, #184, #282, #280, #194, #476, #316, #266, #238, #292, #490, #466, #374, #338, #422, #294, #436, #258, #206, #368, #396, #288, #312, #478, #296, #414, #448, #486, #356, #488, #442, #286, #480, #416, #196, #230, #372, #234, #268, #332, #190, #322, #304, #482, #310, #384, #192, #360, #350, #388, #278, #458, #250, #272, #284, #302, #324, #326, #382, #246, #392, #460, #386, #446, #378, #418, #470, #462, #492, #308, #300, #380, #420, #236, #496, #260, #472, #228, #474, #314, #340, #358, #232, #290, #402, #306, #252, #348, #212, #468, #454, #376, #398, #210, #404, #198, #200, #424, #330, #188, #320, #224, #434, #352, #430, #426, #444, #450, #370, #406, #262, #202, #216, #362, #336, #440, #428, #346, #364, #218, #274, #400, #242, #412, #240, #248, #182, #328, #432, #270, #264, #484, #214, #254, #464, #452, #344, #244, #410, #408, #208, #494, #298, #354, #390, #438, #226, #318, #256, #334, #204, #220, #366, #186, #222 ) );
#1012 = CARTESIAN_POINT( '', ( 0.000000000000000, 0.000000000000000, 0.000000000000000 ) );
#1013 = DIRECTION( '', ( 0.000000000000000, 0.000000000000000, 1.00000000000000 ) );
#1014 = DIRECTION( '', ( 1.00000000000000, 0.000000000000000, 0.000000000000000 ) );
#1015 =  ( LENGTH_UNIT(  )NAMED_UNIT( #506 )SI_UNIT( .MILLI., .METRE. ) );
#1016 = SURFACE_SIDE_STYLE( '', ( #1512 ) );
#1017 = EDGE_LOOP( '', ( #1513, #1514, #1515, #1516 ) );
#1018 = AXIS2_PLACEMENT_3D( '', #1517, #1518, #1519 );
#1019 = SURFACE_SIDE_STYLE( '', ( #1520 ) );
#1020 = EDGE_LOOP( '', ( #1521, #1522, #1523, #1524 ) );
#1021 = AXIS2_PLACEMENT_3D( '', #1525, #1526, #1527 );
#1022 = SURFACE_SIDE_STYLE( '', ( #1528 ) );
#1023 = EDGE_LOOP( '', ( #1529, #1530, #1531, #1532 ) );
#1024 = AXIS2_PLACEMENT_3D( '', #1533, #1534, #1535 );
#1025 = SURFACE_SIDE_STYLE( '', ( #1536 ) );
#1026 = EDGE_LOOP( '', ( #1537, #1538, #1539, #1540 ) );
#1027 = AXIS2_PLACEMENT_3D( '', #1541, #1542, #1543 );
#1028 = SURFACE_SIDE_STYLE( '', ( #1544 ) );
#1029 = EDGE_LOOP( '', ( #1545, #1546, #1547, #1548 ) );
#1030 = AXIS2_PLACEMENT_3D( '', #1549, #1550, #1551 );
#1031 = SURFACE_SIDE_STYLE( '', ( #1552 ) );
#1032 = EDGE_LOOP( '', ( #1553, #1554, #1555, #1556 ) );
#1033 = AXIS2_PLACEMENT_3D( '', #1557, #1558, #1559 );
#1034 = SURFACE_SIDE_STYLE( '', ( #1560 ) );
#1035 = EDGE_LOOP( '', ( #1561, #1562, #1563, #1564 ) );
#1036 = AXIS2_PLACEMENT_3D( '', #1565, #1566, #1567 );
#1037 = SURFACE_SIDE_STYLE( '', ( #1568 ) );
#1038 = EDGE_LOOP( '', ( #1569, #1570, #1571, #1572 ) );
#1039 = AXIS2_PLACEMENT_3D( '', #1573, #1574, #1575 );
#1040 = SURFACE_SIDE_STYLE( '', ( #1576 ) );
#1041 = EDGE_LOOP( '', ( #1577, #1578, #1579, #1580 ) );
#1042 = AXIS2_PLACEMENT_3D( '', #1581, #1582, #1583 );
#1043 = SURFACE_SIDE_STYLE( '', ( #1584 ) );
#1044 = EDGE_LOOP( '', ( #1585, #1586, #1587, #1588 ) );
#1045 = AXIS2_PLACEMENT_3D( '', #1589, #1590, #1591 );
#1046 = SURFACE_SIDE_STYLE( '', ( #1592 ) );
#1047 = EDGE_LOOP( '', ( #1593, #1594, #1595, #1596 ) );
#1048 = AXIS2_PLACEMENT_3D( '', #1597, #1598, #1599 );
#1049 = SURFACE_SIDE_STYLE( '', ( #1600 ) );
#1050 = EDGE_LOOP( '', ( #1601, #1602, #1603, #1604 ) );
#1051 = AXIS2_PLACEMENT_3D( '', #1605, #1606, #1607 );
#1052 = SURFACE_SIDE_STYLE( '', ( #1608 ) );
#1053 = EDGE_LOOP( '', ( #1609, #1610, #1611, #1612, #1613 ) );
#1054 = AXIS2_PLACEMENT_3D( '', #1614, #1615, #1616 );
#1055 = SURFACE_SIDE_STYLE( '', ( #1617 ) );
#1056 = EDGE_LOOP( '', ( #1618, #1619, #1620, #1621 ) );
#1057 = AXIS2_PLACEMENT_3D( '', #1622, #1623, #1624 );
#1058 = SURFACE_SIDE_STYLE( '', ( #1625 ) );
#1059 = EDGE_LOOP( '', ( #1626, #1627, #1628, #1629 ) );
#1060 = AXIS2_PLACEMENT_3D( '', #1630, #1631, #1632 );
#1061 = SURFACE_SIDE_STYLE( '', ( #1633 ) );
#1062 = EDGE_LOOP( '', ( #1634, #1635, #1636, #1637 ) );
#1063 = AXIS2_PLACEMENT_3D( '', #1638, #1639, #1640 );
#1064 = SURFACE_SIDE_STYLE( '', ( #1641 ) );
#1065 = EDGE_LOOP( '', ( #1642, #1643, #1644, #1645 ) );
#1066 = AXIS2_PLACEMENT_3D( '', #1646, #1647, #1648 );
#1067 = SURFACE_SIDE_STYLE( '', ( #1649 ) );
#1068 = EDGE_LOOP( '', ( #1650, #1651, #1652, #1653 ) );
#1069 = AXIS2_PLACEMENT_3D( '', #1654, #1655, #1656 );
#1070 = SURFACE_SIDE_STYLE( '', ( #1657 ) );
#1071 = EDGE_LOOP( '', ( #1658, #1659, #1660, #1661 ) );
#1072 = AXIS2_PLACEMENT_3D( '', #1662, #1663, #1664 );
#1073 = SURFACE_SIDE_STYLE( '', ( #1665 ) );
#1074 = EDGE_LOOP( '', ( #1666, #1667, #1668, #1669 ) );
#1075 = AXIS2_PLACEMENT_3D( '', #1670, #1671, #1672 );
#1076 = SURFACE_SIDE_STYLE( '', ( #1673 ) );
#1077 = EDGE_LOOP( '', ( #1674, #1675, #1676, #1677 ) );
#1078 = AXIS2_PLACEMENT_3D( '', #1678, #1679, #1680 );
#1079 = SURFACE_SIDE_STYLE( '', ( #1681 ) );
#1080 = EDGE_LOOP( '', ( #1682, #1683, #1684, #1685 ) );
#1081 = AXIS2_PLACEMENT_3D( '', #1686, #1687, #1688 );
#1082 = SURFACE_SIDE_STYLE( '', ( #1689 ) );
#1083 = EDGE_LOOP( '', ( #1690, #1691, #1692, #1693 ) );
#1084 = AXIS2_PLACEMENT_3D( '', #1694, #1695, #1696 );
#1085 = SURFACE_SIDE_STYLE( '', ( #1697 ) );
#1086 = EDGE_LOOP( '', ( #1698, #1699, #1700, #1701 ) );
#1087 = AXIS2_PLACEMENT_3D( '', #1702, #1703, #1704 );
#1088 = SURFACE_SIDE_STYLE( '', ( #1705 ) );
#1089 = EDGE_LOOP( '', ( #1706, #1707, #1708, #1709 ) );
#1090 = AXIS2_PLACEMENT_3D( '', #1710, #1711, #1712 );
#1091 = SURFACE_SIDE_STYLE( '', ( #1713 ) );
#1092 = EDGE_LOOP( '', ( #1714, #1715, #1716, #1717 ) );
#1093 = AXIS2_PLACEMENT_3D( '', #1718, #1719, #1720 );
#1094 = SURFACE_SIDE_STYLE( '', ( #1721 ) );
#1095 = EDGE_LOOP( '', ( #1722, #1723, #1724, #1725 ) );
#1096 = AXIS2_PLACEMENT_3D( '', #1726, #1727, #1728 );
#1097 = SURFACE_SIDE_STYLE( '', ( #1729 ) );
#1098 = EDGE_LOOP( '', ( #1730, #1731, #1732, #1733 ) );
#1099 = AXIS2_PLACEMENT_3D( '', #1734, #1735, #1736 );
#1100 = SURFACE_SIDE_STYLE( '', ( #1737 ) );
#1101 = EDGE_LOOP( '', ( #1738, #1739, #1740, #1741 ) );
#1102 = AXIS2_PLACEMENT_3D( '', #1742, #1743, #1744 );
#1103 = SURFACE_SIDE_STYLE( '', ( #1745 ) );
#1104 = EDGE_LOOP( '', ( #1746, #1747, #1748, #1749 ) );
#1105 = AXIS2_PLACEMENT_3D( '', #1750, #1751, #1752 );
#1106 = SURFACE_SIDE_STYLE( '', ( #1753 ) );
#1107 = EDGE_LOOP( '', ( #1754, #1755, #1756, #1757 ) );
#1108 = AXIS2_PLACEMENT_3D( '', #1758, #1759, #1760 );
#1109 = SURFACE_SIDE_STYLE( '', ( #1761 ) );
#1110 = EDGE_LOOP( '', ( #1762, #1763, #1764, #1765 ) );
#1111 = AXIS2_PLACEMENT_3D( '', #1766, #1767, #1768 );
#1112 = SURFACE_SIDE_STYLE( '', ( #1769 ) );
#1113 = EDGE_LOOP( '', ( #1770, #1771, #1772, #1773 ) );
#1114 = AXIS2_PLACEMENT_3D( '', #1774, #1775, #1776 );
#1115 = SURFACE_SIDE_STYLE( '', ( #1777 ) );
#1116 = EDGE_LOOP( '', ( #1778, #1779, #1780, #1781 ) );
#1117 = AXIS2_PLACEMENT_3D( '', #1782, #1783, #1784 );
#1118 = SURFACE_SIDE_STYLE( '', ( #1785 ) );
#1119 = EDGE_LOOP( '', ( #1786, #1787, #1788, #1789 ) );
#1120 = AXIS2_PLACEMENT_3D( '', #1790, #1791, #1792 );
#1121 = SURFACE_SIDE_STYLE( '', ( #1793 ) );
#1122 = EDGE_LOOP( '', ( #1794, #1795, #1796, #1797 ) );
#1123 = AXIS2_PLACEMENT_3D( '', #1798, #1799, #1800 );
#1124 = SURFACE_SIDE_STYLE( '', ( #1801 ) );
#1125 = EDGE_LOOP( '', ( #1802, #1803, #1804, #1805 ) );
#1126 = AXIS2_PLACEMENT_3D( '', #1806, #1807, #1808 );
#1127 = SURFACE_SIDE_STYLE( '', ( #1809 ) );
#1128 = EDGE_LOOP( '', ( #1810, #1811, #1812, #1813 ) );
#1129 = AXIS2_PLACEMENT_3D( '', #1814, #1815, #1816 );
#1130 = SURFACE_SIDE_STYLE( '', ( #1817 ) );
#1131 = EDGE_LOOP( '', ( #1818, #1819, #1820, #1821, #1822 ) );
#1132 = AXIS2_PLACEMENT_3D( '', #1823, #1824, #1825 );
#1133 = SURFACE_SIDE_STYLE( '', ( #1826 ) );
#1134 = EDGE_LOOP( '', ( #1827, #1828, #1829, #1830 ) );
#1135 = AXIS2_PLACEMENT_3D( '', #1831, #1832, #1833 );
#1136 = SURFACE_SIDE_STYLE( '', ( #1834 ) );
#1137 = EDGE_LOOP( '', ( #1835, #1836, #1837, #1838 ) );
#1138 = AXIS2_PLACEMENT_3D( '', #1839, #1840, #1841 );
#1139 = SURFACE_SIDE_STYLE( '', ( #1842 ) );
#1140 = EDGE_LOOP( '', ( #1843, #1844, #1845, #1846 ) );
#1141 = AXIS2_PLACEMENT_3D( '', #1847, #1848, #1849 );
#1142 = SURFACE_SIDE_STYLE( '', ( #1850 ) );
#1143 = EDGE_LOOP( '', ( #1851, #1852, #1853, #1854 ) );
#1144 = AXIS2_PLACEMENT_3D( '', #1855, #1856, #1857 );
#1145 = SURFACE_SIDE_STYLE( '', ( #1858 ) );
#1146 = EDGE_LOOP( '', ( #1859, #1860, #1861, #1862 ) );
#1147 = AXIS2_PLACEMENT_3D( '', #1863, #1864, #1865 );
#1148 = SURFACE_SIDE_STYLE( '', ( #1866 ) );
#1149 = EDGE_LOOP( '', ( #1867, #1868, #1869, #1870 ) );
#1150 = AXIS2_PLACEMENT_3D( '', #1871, #1872, #1873 );
#1151 = SURFACE_SIDE_STYLE( '', ( #1874 ) );
#1152 = EDGE_LOOP( '', ( #1875, #1876, #1877, #1878 ) );
#1153 = AXIS2_PLACEMENT_3D( '', #1879, #1880, #1881 );
#1154 = SURFACE_SIDE_STYLE( '', ( #1882 ) );
#1155 = EDGE_LOOP( '', ( #1883, #1884, #1885, #1886 ) );
#1156 = AXIS2_PLACEMENT_3D( '', #1887, #1888, #1889 );
#1157 = SURFACE_SIDE_STYLE( '', ( #1890 ) );
#1158 = EDGE_LOOP( '', ( #1891 ) );
#1159 = EDGE_LOOP( '', ( #1892 ) );
#1160 = AXIS2_PLACEMENT_3D( '', #1893, #1894, #1895 );
#1161 = SURFACE_SIDE_STYLE( '', ( #1896 ) );
#1162 = EDGE_LOOP( '', ( #1897, #1898, #1899, #1900 ) );
#1163 = AXIS2_PLACEMENT_3D( '', #1901, #1902, #1903 );
#1164 = SURFACE_SIDE_STYLE( '', ( #1904 ) );
#1165 = EDGE_LOOP( '', ( #1905, #1906, #1907, #1908 ) );
#1166 = AXIS2_PLACEMENT_3D( '', #1909, #1910, #1911 );
#1167 = SURFACE_SIDE_STYLE( '', ( #1912 ) );
#1168 = EDGE_LOOP( '', ( #1913, #1914, #1915, #1916 ) );
#1169 = AXIS2_PLACEMENT_3D( '', #1917, #1918, #1919 );
#1170 = SURFACE_SIDE_STYLE( '', ( #1920 ) );
#1171 = EDGE_LOOP( '', ( #1921, #1922, #1923, #1924 ) );
#1172 = AXIS2_PLACEMENT_3D( '', #1925, #1926, #1927 );
#1173 = SURFACE_SIDE_STYLE( '', ( #1928 ) );
#1174 = EDGE_LOOP( '', ( #1929, #1930, #1931, #1932 ) );
#1175 = AXIS2_PLACEMENT_3D( '', #1933, #1934, #1935 );
#1176 = SURFACE_SIDE_STYLE( '', ( #1936 ) );
#1177 = EDGE_LOOP( '', ( #1937, #1938, #1939, #1940 ) );
#1178 = AXIS2_PLACEMENT_3D( '', #1941, #1942, #1943 );
#1179 = SURFACE_SIDE_STYLE( '', ( #1944 ) );
#1180 = EDGE_LOOP( '', ( #1945, #1946, #1947, #1948 ) );
#1181 = AXIS2_PLACEMENT_3D( '', #1949, #1950, #1951 );
#1182 = SURFACE_SIDE_STYLE( '', ( #1952 ) );
#1183 = EDGE_LOOP( '', ( #1953, #1954, #1955, #1956 ) );
#1184 = AXIS2_PLACEMENT_3D( '', #1957, #1958, #1959 );
#1185 = SURFACE_SIDE_STYLE( '', ( #1960 ) );
#1186 = EDGE_LOOP( '', ( #1961, #1962, #1963, #1964, #1965 ) );
#1187 = AXIS2_PLACEMENT_3D( '', #1966, #1967, #1968 );
#1188 = SURFACE_SIDE_STYLE( '', ( #1969 ) );
#1189 = EDGE_LOOP( '', ( #1970, #1971, #1972, #1973 ) );
#1190 = AXIS2_PLACEMENT_3D( '', #1974, #1975, #1976 );
#1191 = SURFACE_SIDE_STYLE( '', ( #1977 ) );
#1192 = EDGE_LOOP( '', ( #1978, #1979, #1980, #1981 ) );
#1193 = AXIS2_PLACEMENT_3D( '', #1982, #1983, #1984 );
#1194 = SURFACE_SIDE_STYLE( '', ( #1985 ) );
#1195 = EDGE_LOOP( '', ( #1986, #1987, #1988, #1989 ) );
#1196 = AXIS2_PLACEMENT_3D( '', #1990, #1991, #1992 );
#1197 = SURFACE_SIDE_STYLE( '', ( #1993 ) );
#1198 = EDGE_LOOP( '', ( #1994, #1995, #1996, #1997 ) );
#1199 = AXIS2_PLACEMENT_3D( '', #1998, #1999, #2000 );
#1200 = SURFACE_SIDE_STYLE( '', ( #2001 ) );
#1201 = EDGE_LOOP( '', ( #2002, #2003, #2004, #2005 ) );
#1202 = AXIS2_PLACEMENT_3D( '', #2006, #2007, #2008 );
#1203 = SURFACE_SIDE_STYLE( '', ( #2009 ) );
#1204 = EDGE_LOOP( '', ( #2010, #2011, #2012, #2013 ) );
#1205 = AXIS2_PLACEMENT_3D( '', #2014, #2015, #2016 );
#1206 = SURFACE_SIDE_STYLE( '', ( #2017 ) );
#1207 = EDGE_LOOP( '', ( #2018, #2019, #2020, #2021 ) );
#1208 = AXIS2_PLACEMENT_3D( '', #2022, #2023, #2024 );
#1209 = SURFACE_SIDE_STYLE( '', ( #2025 ) );
#1210 = EDGE_LOOP( '', ( #2026, #2027, #2028, #2029 ) );
#1211 = AXIS2_PLACEMENT_3D( '', #2030, #2031, #2032 );
#1212 = SURFACE_SIDE_STYLE( '', ( #2033 ) );
#1213 = EDGE_LOOP( '', ( #2034, #2035, #2036, #2037 ) );
#1214 = AXIS2_PLACEMENT_3D( '', #2038, #2039, #2040 );
#1215 = SURFACE_SIDE_STYLE( '', ( #2041 ) );
#1216 = EDGE_LOOP( '', ( #2042, #2043, #2044, #2045 ) );
#1217 = AXIS2_PLACEMENT_3D( '', #2046, #2047, #2048 );
#1218 = SURFACE_SIDE_STYLE( '', ( #2049 ) );
#1219 = EDGE_LOOP( '', ( #2050, #2051, #2052, #2053 ) );
#1220 = AXIS2_PLACEMENT_3D( '', #2054, #2055, #2056 );
#1221 = SURFACE_SIDE_STYLE( '', ( #2057 ) );
#1222 = EDGE_LOOP( '', ( #2058, #2059, #2060, #2061 ) );
#1223 = AXIS2_PLACEMENT_3D( '', #2062, #2063, #2064 );
#1224 = SURFACE_SIDE_STYLE( '', ( #2065 ) );
#1225 = EDGE_LOOP( '', ( #2066, #2067, #2068, #2069 ) );
#1226 = AXIS2_PLACEMENT_3D( '', #2070, #2071, #2072 );
#1227 = SURFACE_SIDE_STYLE( '', ( #2073 ) );
#1228 = EDGE_LOOP( '', ( #2074, #2075, #2076, #2077 ) );
#1229 = AXIS2_PLACEMENT_3D( '', #2078, #2079, #2080 );
#1230 = SURFACE_SIDE_STYLE( '', ( #2081 ) );
#1231 = EDGE_LOOP( '', ( #2082, #2083, #2084, #2085 ) );
#1232 = AXIS2_PLACEMENT_3D( '', #2086, #2087, #2088 );
#1233 = SURFACE_SIDE_STYLE( '', ( #2089 ) );
#1234 = EDGE_LOOP( '', ( #2090, #2091, #2092, #2093 ) );
#1235 = AXIS2_PLACEMENT_3D( '', #2094, #2095, #2096 );
#1236 = SURFACE_SIDE_STYLE( '', ( #2097 ) );
#1237 = EDGE_LOOP( '', ( #2098, #2099, #2100, #2101 ) );
#1238 = AXIS2_PLACEMENT_3D( '', #2102, #2103, #2104 );
#1239 = SURFACE_SIDE_STYLE( '', ( #2105 ) );
#1240 = EDGE_LOOP( '', ( #2106, #2107, #2108, #2109 ) );
#1241 = AXIS2_PLACEMENT_3D( '', #2110, #2111, #2112 );
#1242 = SURFACE_SIDE_STYLE( '', ( #2113 ) );
#1243 = EDGE_LOOP( '', ( #2114, #2115, #2116, #2117 ) );
#1244 = AXIS2_PLACEMENT_3D( '', #2118, #2119, #2120 );
#1245 = SURFACE_SIDE_STYLE( '', ( #2121 ) );
#1246 = EDGE_LOOP( '', ( #2122, #2123, #2124, #2125 ) );
#1247 = AXIS2_PLACEMENT_3D( '', #2126, #2127, #2128 );
#1248 = SURFACE_SIDE_STYLE( '', ( #2129 ) );
#1249 = EDGE_LOOP( '', ( #2130, #2131, #2132, #2133 ) );
#1250 = AXIS2_PLACEMENT_3D( '', #2134, #2135, #2136 );
#1251 = SURFACE_SIDE_STYLE( '', ( #2137 ) );
#1252 = EDGE_LOOP( '', ( #2138, #2139, #2140 ) );
#1253 = AXIS2_PLACEMENT_3D( '', #2141, #2142, #2143 );
#1254 = SURFACE_SIDE_STYLE( '', ( #2144 ) );
#1255 = EDGE_LOOP( '', ( #2145, #2146, #2147, #2148 ) );
#1256 = AXIS2_PLACEMENT_3D( '', #2149, #2150, #2151 );
#1257 = SURFACE_SIDE_STYLE( '', ( #2152 ) );
#1258 = EDGE_LOOP( '', ( #2153 ) );
#1259 = EDGE_LOOP( '', ( #2154 ) );
#1260 = AXIS2_PLACEMENT_3D( '', #2155, #2156, #2157 );
#1261 = SURFACE_SIDE_STYLE( '', ( #2158 ) );
#1262 = EDGE_LOOP( '', ( #2159, #2160, #2161, #2162 ) );
#1263 = AXIS2_PLACEMENT_3D( '', #2163, #2164, #2165 );
#1264 = SURFACE_SIDE_STYLE( '', ( #2166 ) );
#1265 = EDGE_LOOP( '', ( #2167, #2168, #2169, #2170 ) );
#1266 = AXIS2_PLACEMENT_3D( '', #2171, #2172, #2173 );
#1267 = SURFACE_SIDE_STYLE( '', ( #2174 ) );
#1268 = EDGE_LOOP( '', ( #2175, #2176, #2177, #2178 ) );
#1269 = AXIS2_PLACEMENT_3D( '', #2179, #2180, #2181 );
#1270 = SURFACE_SIDE_STYLE( '', ( #2182 ) );
#1271 = EDGE_LOOP( '', ( #2183, #2184, #2185, #2186 ) );
#1272 = AXIS2_PLACEMENT_3D( '', #2187, #2188, #2189 );
#1273 = SURFACE_SIDE_STYLE( '', ( #2190 ) );
#1274 = EDGE_LOOP( '', ( #2191, #2192, #2193, #2194 ) );
#1275 = AXIS2_PLACEMENT_3D( '', #2195, #2196, #2197 );
#1276 = SURFACE_SIDE_STYLE( '', ( #2198 ) );
#1277 = EDGE_LOOP( '', ( #2199, #2200, #2201, #2202 ) );
#1278 = AXIS2_PLACEMENT_3D( '', #2203, #2204, #2205 );
#1279 = SURFACE_SIDE_STYLE( '', ( #2206 ) );
#1280 = EDGE_LOOP( '', ( #2207, #2208, #2209, #2210 ) );
#1281 = AXIS2_PLACEMENT_3D( '', #2211, #2212, #2213 );
#1282 = SURFACE_SIDE_STYLE( '', ( #2214 ) );
#1283 = EDGE_LOOP( '', ( #2215, #2216, #2217, #2218 ) );
#1284 = AXIS2_PLACEMENT_3D( '', #2219, #2220, #2221 );
#1285 = SURFACE_SIDE_STYLE( '', ( #2222 ) );
#1286 = EDGE_LOOP( '', ( #2223, #2224, #2225, #2226 ) );
#1287 = AXIS2_PLACEMENT_3D( '', #2227, #2228, #2229 );
#1288 = SURFACE_SIDE_STYLE( '', ( #2230 ) );
#1289 = EDGE_LOOP( '', ( #2231, #2232, #2233, #2234 ) );
#1290 = AXIS2_PLACEMENT_3D( '', #2235, #2236, #2237 );
#1291 = SURFACE_SIDE_STYLE( '', ( #2238 ) );
#1292 = EDGE_LOOP( '', ( #2239, #2240, #2241, #2242 ) );
#1293 = AXIS2_PLACEMENT_3D( '', #2243, #2244, #2245 );
#1294 = SURFACE_SIDE_STYLE( '', ( #2246 ) );
#1295 = EDGE_LOOP( '', ( #2247, #2248, #2249, #2250 ) );
#1296 = AXIS2_PLACEMENT_3D( '', #2251, #2252, #2253 );
#1297 = SURFACE_SIDE_STYLE( '', ( #2254 ) );
#1298 = EDGE_LOOP( '', ( #2255, #2256, #2257, #2258, #2259 ) );
#1299 = AXIS2_PLACEMENT_3D( '', #2260, #2261, #2262 );
#1300 = SURFACE_SIDE_STYLE( '', ( #2263 ) );
#1301 = EDGE_LOOP( '', ( #2264, #2265, #2266, #2267 ) );
#1302 = AXIS2_PLACEMENT_3D( '', #2268, #2269, #2270 );
#1303 = SURFACE_SIDE_STYLE( '', ( #2271 ) );
#1304 = EDGE_LOOP( '', ( #2272, #2273, #2274, #2275 ) );
#1305 = AXIS2_PLACEMENT_3D( '', #2276, #2277, #2278 );
#1306 = SURFACE_SIDE_STYLE( '', ( #2279 ) );
#1307 = EDGE_LOOP( '', ( #2280, #2281, #2282 ) );
#1308 = AXIS2_PLACEMENT_3D( '', #2283, #2284, #2285 );
#1309 = SURFACE_SIDE_STYLE( '', ( #2286 ) );
#1310 = EDGE_LOOP( '', ( #2287, #2288, #2289, #2290 ) );
#1311 = AXIS2_PLACEMENT_3D( '', #2291, #2292, #2293 );
#1312 = SURFACE_SIDE_STYLE( '', ( #2294 ) );
#1313 = EDGE_LOOP( '', ( #2295, #2296, #2297, #2298 ) );
#1314 = AXIS2_PLACEMENT_3D( '', #2299, #2300, #2301 );
#1315 = SURFACE_SIDE_STYLE( '', ( #2302 ) );
#1316 = EDGE_LOOP( '', ( #2303, #2304, #2305, #2306 ) );
#1317 = AXIS2_PLACEMENT_3D( '', #2307, #2308, #2309 );
#1318 = SURFACE_SIDE_STYLE( '', ( #2310 ) );
#1319 = EDGE_LOOP( '', ( #2311, #2312, #2313, #2314 ) );
#1320 = AXIS2_PLACEMENT_3D( '', #2315, #2316, #2317 );
#1321 = SURFACE_SIDE_STYLE( '', ( #2318 ) );
#1322 = EDGE_LOOP( '', ( #2319, #2320, #2321, #2322 ) );
#1323 = AXIS2_PLACEMENT_3D( '', #2323, #2324, #2325 );
#1324 = SURFACE_SIDE_STYLE( '', ( #2326 ) );
#1325 = EDGE_LOOP( '', ( #2327, #2328, #2329, #2330 ) );
#1326 = AXIS2_PLACEMENT_3D( '', #2331, #2332, #2333 );
#1327 = SURFACE_SIDE_STYLE( '', ( #2334 ) );
#1328 = EDGE_LOOP( '', ( #2335, #2336, #2337, #2338 ) );
#1329 = AXIS2_PLACEMENT_3D( '', #2339, #2340, #2341 );
#1330 = SURFACE_SIDE_STYLE( '', ( #2342 ) );
#1331 = EDGE_LOOP( '', ( #2343, #2344, #2345, #2346 ) );
#1332 = AXIS2_PLACEMENT_3D( '', #2347, #2348, #2349 );
#1333 = SURFACE_SIDE_STYLE( '', ( #2350 ) );
#1334 = EDGE_LOOP( '', ( #2351, #2352, #2353, #2354 ) );
#1335 = AXIS2_PLACEMENT_3D( '', #2355, #2356, #2357 );
#1336 = SURFACE_SIDE_STYLE( '', ( #2358 ) );
#1337 = EDGE_LOOP( '', ( #2359 ) );
#1338 = VERTEX_LOOP( '', #2360 );
#1339 = AXIS2_PLACEMENT_3D( '', #2361, #2362, #2363 );
#1340 = SURFACE_SIDE_STYLE( '', ( #2364 ) );
#1341 = EDGE_LOOP( '', ( #2365, #2366, #2367 ) );
#1342 = AXIS2_PLACEMENT_3D( '', #2368, #2369, #2370 );
#1343 = SURFACE_SIDE_STYLE( '', ( #2371 ) );
#1344 = EDGE_LOOP( '', ( #2372, #2373, #2374, #2375 ) );
#1345 = AXIS2_PLACEMENT_3D( '', #2376, #2377, #2378 );
#1346 = SURFACE_SIDE_STYLE( '', ( #2379 ) );
#1347 = EDGE_LOOP( '', ( #2380, #2381, #2382, #2383 ) );
#1348 = AXIS2_PLACEMENT_3D( '', #2384, #2385, #2386 );
#1349 = SURFACE_SIDE_STYLE( '', ( #2387 ) );
#1350 = EDGE_LOOP( '', ( #2388, #2389, #2390, #2391 ) );
#1351 = AXIS2_PLACEMENT_3D( '', #2392, #2393, #2394 );
#1352 = SURFACE_SIDE_STYLE( '', ( #2395 ) );
#1353 = EDGE_LOOP( '', ( #2396, #2397, #2398, #2399 ) );
#1354 = AXIS2_PLACEMENT_3D( '', #2400, #2401, #2402 );
#1355 = SURFACE_SIDE_STYLE( '', ( #2403 ) );
#1356 = EDGE_LOOP( '', ( #2404, #2405, #2406, #2407 ) );
#1357 = AXIS2_PLACEMENT_3D( '', #2408, #2409, #2410 );
#1358 = SURFACE_SIDE_STYLE( '', ( #2411 ) );
#1359 = EDGE_LOOP( '', ( #2412, #2413, #2414, #2415 ) );
#1360 = AXIS2_PLACEMENT_3D( '', #2416, #2417, #2418 );
#1361 = SURFACE_SIDE_STYLE( '', ( #2419 ) );
#1362 = EDGE_LOOP( '', ( #2420, #2421, #2422, #2423 ) );
#1363 = AXIS2_PLACEMENT_3D( '', #2424, #2425, #2426 );
#1364 = SURFACE_SIDE_STYLE( '', ( #2427 ) );
#1365 = EDGE_LOOP( '', ( #2428, #2429, #2430, #2431 ) );
#1366 = AXIS2_PLACEMENT_3D( '', #2432, #2433, #2434 );
#1367 = SURFACE_SIDE_STYLE( '', ( #2435 ) );
#1368 = EDGE_LOOP( '', ( #2436, #2437, #2438, #2439 ) );
#1369 = AXIS2_PLACEMENT_3D( '', #2440, #2441, #2442 );
#1370 = SURFACE_SIDE_STYLE( '', ( #2443 ) );
#1371 = EDGE_LOOP( '', ( #2444, #2445, #2446, #2447 ) );
#1372 = AXIS2_PLACEMENT_3D( '', #2448, #2449, #2450 );
#1373 = SURFACE_SIDE_STYLE( '', ( #2451 ) );
#1374 = EDGE_LOOP( '', ( #2452, #2453, #2454, #2455 ) );
#1375 = AXIS2_PLACEMENT_3D( '', #2456, #2457, #2458 );
#1376 = SURFACE_SIDE_STYLE( '', ( #2459 ) );
#1377 = EDGE_LOOP( '', ( #2460, #2461, #2462, #2463 ) );
#1378 = AXIS2_PLACEMENT_3D( '', #2464, #2465, #2466 );
#1379 = SURFACE_SIDE_STYLE( '', ( #2467 ) );
#1380 = EDGE_LOOP( '', ( #2468, #2469, #2470, #2471 ) );
#1381 = EDGE_LOOP( '', ( #2472, #2473, #2474, #2475 ) );
#1382 = EDGE_LOOP( '', ( #2476, #2477, #2478, #2479 ) );
#1383 = EDGE_LOOP( '', ( #2480, #2481, #2482, #2483 ) );
#1384 = EDGE_LOOP( '', ( #2484, #2485, #2486, #2487 ) );
#1385 = EDGE_LOOP( '', ( #2488, #2489, #2490, #2491 ) );
#1386 = EDGE_LOOP( '', ( #2492, #2493, #2494, #2495 ) );
#1387 = EDGE_LOOP( '', ( #2496, #2497, #2498, #2499 ) );
#1388 = EDGE_LOOP( '', ( #2500, #2501, #2502, #2503 ) );
#1389 = EDGE_LOOP( '', ( #2504, #2505, #2506, #2507 ) );
#1390 = EDGE_LOOP( '', ( #2508, #2509, #2510, #2511 ) );
#1391 = EDGE_LOOP( '', ( #2512, #2513, #2514, #2515 ) );
#1392 = EDGE_LOOP( '', ( #2516, #2517, #2518, #2519 ) );
#1393 = EDGE_LOOP( '', ( #2520, #2521, #2522, #2523 ) );
#1394 = EDGE_LOOP( '', ( #2524, #2525, #2526, #2527 ) );
#1395 = EDGE_LOOP( '', ( #2528, #2529, #2530, #2531 ) );
#1396 = EDGE_LOOP( '', ( #2532, #2533, #2534, #2535 ) );
#1397 = AXIS2_PLACEMENT_3D( '', #2536, #2537, #2538 );
#1398 = SURFACE_SIDE_STYLE( '', ( #2539 ) );
#1399 = EDGE_LOOP( '', ( #2540, #2541, #2542, #2543 ) );
#1400 = AXIS2_PLACEMENT_3D( '', #2544, #2545, #2546 );
#1401 = SURFACE_SIDE_STYLE( '', ( #2547 ) );
#1402 = EDGE_LOOP( '', ( #2548, #2549, #2550, #2551 ) );
#1403 = AXIS2_PLACEMENT_3D( '', #2552, #2553, #2554 );
#1404 = SURFACE_SIDE_STYLE( '', ( #2555 ) );
#1405 = EDGE_LOOP( '', ( #2556, #2557, #2558, #2559 ) );
#1406 = AXIS2_PLACEMENT_3D( '', #2560, #2561, #2562 );
#1407 = SURFACE_SIDE_STYLE( '', ( #2563 ) );
#1408 = EDGE_LOOP( '', ( #2564, #2565, #2566, #2567 ) );
#1409 = AXIS2_PLACEMENT_3D( '', #2568, #2569, #2570 );
#1410 = SURFACE_SIDE_STYLE( '', ( #2571 ) );
#1411 = EDGE_LOOP( '', ( #2572, #2573, #2574, #2575 ) );
#1412 = AXIS2_PLACEMENT_3D( '', #2576, #2577, #2578 );
#1413 = SURFACE_SIDE_STYLE( '', ( #2579 ) );
#1414 = EDGE_LOOP( '', ( #2580, #2581, #2582, #2583 ) );
#1415 = AXIS2_PLACEMENT_3D( '', #2584, #2585, #2586 );
#1416 = SURFACE_SIDE_STYLE( '', ( #2587 ) );
#1417 = EDGE_LOOP( '', ( #2588, #2589, #2590, #2591 ) );
#1418 = AXIS2_PLACEMENT_3D( '', #2592, #2593, #2594 );
#1419 = SURFACE_SIDE_STYLE( '', ( #2595 ) );
#1420 = EDGE_LOOP( '', ( #2596, #2597, #2598, #2599 ) );
#1421 = AXIS2_PLACEMENT_3D( '', #2600, #2601, #2602 );
#1422 = SURFACE_SIDE_STYLE( '', ( #2603 ) );
#1423 = EDGE_LOOP( '', ( #2604, #2605, #2606, #2607 ) );
#1424 = AXIS2_PLACEMENT_3D( '', #2608, #2609, #2610 );
#1425 = SURFACE_SIDE_STYLE( '', ( #2611 ) );
#1426 = EDGE_LOOP( '', ( #2612, #2613, #2614, #2615 ) );
#1427 = AXIS2_PLACEMENT_3D( '', #2616, #2617, #2618 );
#1428 = SURFACE_SIDE_STYLE( '', ( #2619 ) );
#1429 = EDGE_LOOP( '', ( #2620, #2621, #2622, #2623 ) );
#1430 = AXIS2_PLACEMENT_3D( '', #2624, #2625, #2626 );
#1431 = SURFACE_SIDE_STYLE( '', ( #2627 ) );
#1432 = EDGE_LOOP( '', ( #2628, #2629, #2630, #2631 ) );
#1433 = AXIS2_PLACEMENT_3D( '', #2632, #2633, #2634 );
#1434 = SURFACE_SIDE_STYLE( '', ( #2635 ) );
#1435 = EDGE_LOOP( '', ( #2636, #2637, #2638, #2639 ) );
#1436 = AXIS2_PLACEMENT_3D( '', #2640, #2641, #2642 );
#1437 = SURFACE_SIDE_STYLE( '', ( #2643 ) );
#1438 = EDGE_LOOP( '', ( #2644, #2645, #2646, #2647 ) );
#1439 = AXIS2_PLACEMENT_3D( '', #2648, #2649, #2650 );
#1440 = SURFACE_SIDE_STYLE( '', ( #2651 ) );
#1441 = EDGE_LOOP( '', ( #2652, #2653, #2654, #2655 ) );
#1442 = AXIS2_PLACEMENT_3D( '', #2656, #2657, #2658 );
#1443 = SURFACE_SIDE_STYLE( '', ( #2659 ) );
#1444 = EDGE_LOOP( '', ( #2660, #2661, #2662, #2663 ) );
#1445 = AXIS2_PLACEMENT_3D( '', #2664, #2665, #2666 );
#1446 = SURFACE_SIDE_STYLE( '', ( #2667 ) );
#1447 = EDGE_LOOP( '', ( #2668 ) );
#1448 = EDGE_LOOP( '', ( #2669 ) );
#1449 = AXIS2_PLACEMENT_3D( '', #2670, #2671, #2672 );
#1450 = SURFACE_SIDE_STYLE( '', ( #2673 ) );
#1451 = EDGE_LOOP( '', ( #2674, #2675, #2676, #2677 ) );
#1452 = AXIS2_PLACEMENT_3D( '', #2678, #2679, #2680 );
#1453 = SURFACE_SIDE_STYLE( '', ( #2681 ) );
#1454 = EDGE_LOOP( '', ( #2682, #2683, #2684, #2685 ) );
#1455 = AXIS2_PLACEMENT_3D( '', #2686, #2687, #2688 );
#1456 = SURFACE_SIDE_STYLE( '', ( #2689 ) );
#1457 = EDGE_LOOP( '', ( #2690, #2691, #2692, #2693 ) );
#1458 = AXIS2_PLACEMENT_3D( '', #2694, #2695, #2696 );
#1459 = SURFACE_SIDE_STYLE( '', ( #2697 ) );
#1460 = EDGE_LOOP( '', ( #2698, #2699, #2700, #2701 ) );
#1461 = AXIS2_PLACEMENT_3D( '', #2702, #2703, #2704 );
#1462 = SURFACE_SIDE_STYLE( '', ( #2705 ) );
#1463 = EDGE_LOOP( '', ( #2706, #2707, #2708 ) );
#1464 = AXIS2_PLACEMENT_3D( '', #2709, #2710, #2711 );
#1465 = SURFACE_SIDE_STYLE( '', ( #2712 ) );
#1466 = EDGE_LOOP( '', ( #2713, #2714, #2715, #2716 ) );
#1467 = AXIS2_PLACEMENT_3D( '', #2717, #2718, #2719 );
#1468 = SURFACE_SIDE_STYLE( '', ( #2720 ) );
#1469 = EDGE_LOOP( '', ( #2721, #2722, #2723, #2724 ) );
#1470 = AXIS2_PLACEMENT_3D( '', #2725, #2726, #2727 );
#1471 = SURFACE_SIDE_STYLE( '', ( #2728 ) );
#1472 = EDGE_LOOP( '', ( #2729, #2730, #2731, #2732 ) );
#1473 = AXIS2_PLACEMENT_3D( '', #2733, #2734, #2735 );
#1474 = SURFACE_SIDE_STYLE( '', ( #2736 ) );
#1475 = EDGE_LOOP( '', ( #2737, #2738, #2739, #2740 ) );
#1476 = AXIS2_PLACEMENT_3D( '', #2741, #2742, #2743 );
#1477 = SURFACE_SIDE_STYLE( '', ( #2744 ) );
#1478 = EDGE_LOOP( '', ( #2745, #2746, #2747, #2748 ) );
#1479 = AXIS2_PLACEMENT_3D( '', #2749, #2750, #2751 );
#1480 = SURFACE_SIDE_STYLE( '', ( #2752 ) );
#1481 = EDGE_LOOP( '', ( #2753, #2754, #2755, #2756 ) );
#1482 = AXIS2_PLACEMENT_3D( '', #2757, #2758, #2759 );
#1483 = SURFACE_SIDE_STYLE( '', ( #2760 ) );
#1484 = EDGE_LOOP( '', ( #2761, #2762, #2763, #2764 ) );
#1485 = AXIS2_PLACEMENT_3D( '', #2765, #2766, #2767 );
#1486 = SURFACE_SIDE_STYLE( '', ( #2768 ) );
#1487 = EDGE_LOOP( '', ( #2769, #2770, #2771, #2772 ) );
#1488 = AXIS2_PLACEMENT_3D( '', #2773, #2774, #2775 );
#1489 = SURFACE_SIDE_STYLE( '', ( #2776 ) );
#1490 = EDGE_LOOP( '', ( #2777, #2778, #2779, #2780 ) );
#1491 = AXIS2_PLACEMENT_3D( '', #2781, #2782, #2783 );
#1492 = SURFACE_SIDE_STYLE( '', ( #2784 ) );
#1493 = EDGE_LOOP( '', ( #2785, #2786, #2787, #2788 ) );
#1494 = AXIS2_PLACEMENT_3D( '', #2789, #2790, #2791 );
#1495 = SURFACE_SIDE_STYLE( '', ( #2792 ) );
#1496 = EDGE_LOOP( '', ( #2793, #2794, #2795, #2796 ) );
#1497 = AXIS2_PLACEMENT_3D( '', #2797, #2798, #2799 );
#1498 = SURFACE_SIDE_STYLE( '', ( #2800 ) );
#1499 = EDGE_LOOP( '', ( #2801 ) );
#1500 = EDGE_LOOP( '', ( #2802, #2803, #2804, #2805 ) );
#1501 = AXIS2_PLACEMENT_3D( '', #2806, #2807, #2808 );
#1502 = SURFACE_SIDE_STYLE( '', ( #2809 ) );
#1503 = EDGE_LOOP( '', ( #2810, #2811, #2812, #2813 ) );
#1504 = AXIS2_PLACEMENT_3D( '', #2814, #2815, #2816 );
#1505 = SURFACE_SIDE_STYLE( '', ( #2817 ) );
#1506 = EDGE_LOOP( '', ( #2818, #2819, #2820, #2821 ) );
#1507 = AXIS2_PLACEMENT_3D( '', #2822, #2823, #2824 );
#1508 = SURFACE_SIDE_STYLE( '', ( #2825 ) );
#1509 = EDGE_LOOP( '', ( #2826, #2827, #2828, #2829 ) );
#1510 = AXIS2_PLACEMENT_3D( '', #2830, #2831, #2832 );
#1512 = SURFACE_STYLE_FILL_AREA( #2833 );
#1513 = ORIENTED_EDGE( '', *, *, #2834, .T. );
#1514 = ORIENTED_EDGE( '', *, *, #2835, .F. );
#1515 = ORIENTED_EDGE( '', *, *, #2836, .F. );
#1516 = ORIENTED_EDGE( '', *, *, #2837, .F. );
#1517 = CARTESIAN_POINT( '', ( 3.54500000000000, -3.24500000000000, -3.50000000000000 ) );
#1518 = DIRECTION( '', ( -0.707106781186548, -1.08551746313866E-015, -0.707106781186548 ) );
#1519 = DIRECTION( '', ( -0.707106781186548, 0.000000000000000, 0.707106781186548 ) );
#1520 = SURFACE_STYLE_FILL_AREA( #2838 );
#1521 = ORIENTED_EDGE( '', *, *, #2839, .T. );
#1522 = ORIENTED_EDGE( '', *, *, #2840, .F. );
#1523 = ORIENTED_EDGE( '', *, *, #2841, .T. );
#1524 = ORIENTED_EDGE( '', *, *, #2842, .F. );
#1525 = CARTESIAN_POINT( '', ( -4.37500000000000, -4.07500000000000, -3.50000000000000 ) );
#1526 = DIRECTION( '', ( 2.17103492627735E-015, -0.707106781186548, -0.707106781186548 ) );
#1527 = DIRECTION( '', ( 0.000000000000000, 0.707106781186548, -0.707106781186548 ) );
#1528 = SURFACE_STYLE_FILL_AREA( #2843 );
#1529 = ORIENTED_EDGE( '', *, *, #2844, .T. );
#1530 = ORIENTED_EDGE( '', *, *, #2845, .F. );
#1531 = ORIENTED_EDGE( '', *, *, #2846, .F. );
#1532 = ORIENTED_EDGE( '', *, *, #2847, .F. );
#1533 = CARTESIAN_POINT( '', ( 3.54500000000000, 4.37500000000000, -3.50000000000000 ) );
#1534 = DIRECTION( '', ( -0.707106781186548, -1.08551746313866E-015, -0.707106781186548 ) );
#1535 = DIRECTION( '', ( -0.707106781186548, 0.000000000000000, 0.707106781186548 ) );
#1536 = SURFACE_STYLE_FILL_AREA( #2848 );
#1537 = ORIENTED_EDGE( '', *, *, #2849, .T. );
#1538 = ORIENTED_EDGE( '', *, *, #2850, .F. );
#1539 = ORIENTED_EDGE( '', *, *, #2851, .F. );
#1540 = ORIENTED_EDGE( '', *, *, #2852, .F. );
#1541 = CARTESIAN_POINT( '', ( 1.00500000000000, -0.704999999999992, -3.50000000000000 ) );
#1542 = DIRECTION( '', ( -0.707106781186548, -1.08551746313866E-015, -0.707106781186548 ) );
#1543 = DIRECTION( '', ( -0.707106781186548, 0.000000000000000, 0.707106781186548 ) );
#1544 = SURFACE_STYLE_FILL_AREA( #2853 );
#1545 = ORIENTED_EDGE( '', *, *, #2854, .T. );
#1546 = ORIENTED_EDGE( '', *, *, #2855, .T. );
#1547 = ORIENTED_EDGE( '', *, *, #2856, .T. );
#1548 = ORIENTED_EDGE( '', *, *, #2857, .T. );
#1549 = CARTESIAN_POINT( '', ( -4.37500000000000, 4.37500000000000, -3.50000000000000 ) );
#1550 = DIRECTION( '', ( 0.000000000000000, 0.000000000000000, -1.00000000000000 ) );
#1551 = DIRECTION( '', ( -1.00000000000000, 0.000000000000000, 0.000000000000000 ) );
#1552 = SURFACE_STYLE_FILL_AREA( #2858 );
#1553 = ORIENTED_EDGE( '', *, *, #2859, .F. );
#1554 = ORIENTED_EDGE( '', *, *, #2860, .F. );
#1555 = ORIENTED_EDGE( '', *, *, #2861, .F. );
#1556 = ORIENTED_EDGE( '', *, *, #2857, .F. );
#1557 = CARTESIAN_POINT( '', ( -4.37500000000000, 4.07500000000000, -3.50000000000000 ) );
#1558 = DIRECTION( '', ( 4.61344921833937E-015, 0.707106781186548, -0.707106781186547 ) );
#1559 = DIRECTION( '', ( 0.000000000000000, 0.707106781186547, 0.707106781186548 ) );
#1560 = SURFACE_STYLE_FILL_AREA( #2862 );
#1561 = ORIENTED_EDGE( '', *, *, #2863, .T. );
#1562 = ORIENTED_EDGE( '', *, *, #2842, .T. );
#1563 = ORIENTED_EDGE( '', *, *, #2864, .T. );
#1564 = ORIENTED_EDGE( '', *, *, #2865, .T. );
#1565 = CARTESIAN_POINT( '', ( -4.37500000000000, -3.24500000000000, -3.50000000000000 ) );
#1566 = DIRECTION( '', ( 0.000000000000000, 0.000000000000000, -1.00000000000000 ) );
#1567 = DIRECTION( '', ( -1.00000000000000, 0.000000000000000, 0.000000000000000 ) );
#1568 = SURFACE_STYLE_FILL_AREA( #2866 );
#1569 = ORIENTED_EDGE( '', *, *, #2867, .F. );
#1570 = ORIENTED_EDGE( '', *, *, #2868, .T. );
#1571 = ORIENTED_EDGE( '', *, *, #2869, .T. );
#1572 = ORIENTED_EDGE( '', *, *, #2870, .T. );
#1573 = CARTESIAN_POINT( '', ( -4.37500000000000, 1.83500000000000, -3.50000000000000 ) );
#1574 = DIRECTION( '', ( -6.52440245389509E-015, -1.00000000000000, 0.000000000000000 ) );
#1575 = DIRECTION( '', ( 1.00000000000000, -6.52440245389509E-015, 0.000000000000000 ) );
#1576 = SURFACE_STYLE_FILL_AREA( #2871 );
#1577 = ORIENTED_EDGE( '', *, *, #2872, .F. );
#1578 = ORIENTED_EDGE( '', *, *, #2873, .T. );
#1579 = ORIENTED_EDGE( '', *, *, #2874, .T. );
#1580 = ORIENTED_EDGE( '', *, *, #2875, .T. );
#1581 = CARTESIAN_POINT( '', ( 1.83500000000000, -1.83500000000000, -3.50000000000000 ) );
#1582 = DIRECTION( '', ( -3.07030703712710E-015, 1.00000000000000, 0.000000000000000 ) );
#1583 = DIRECTION( '', ( -1.00000000000000, -3.07030703712710E-015, 0.000000000000000 ) );
#1584 = SURFACE_STYLE_FILL_AREA( #2876 );
#1585 = ORIENTED_EDGE( '', *, *, #2874, .F. );
#1586 = ORIENTED_EDGE( '', *, *, #2877, .T. );
#1587 = ORIENTED_EDGE( '', *, *, #2878, .T. );
#1588 = ORIENTED_EDGE( '', *, *, #2879, .T. );
#1589 = CARTESIAN_POINT( '', ( 1.83500000000000, -0.705000000000000, -3.50000000000000 ) );
#1590 = DIRECTION( '', ( -1.00000000000000, -1.53515351856355E-015, 0.000000000000000 ) );
#1591 = DIRECTION( '', ( 1.53515351856355E-015, -1.00000000000000, 0.000000000000000 ) );
#1592 = SURFACE_STYLE_FILL_AREA( #2880 );
#1593 = ORIENTED_EDGE( '', *, *, #2881, .T. );
#1594 = ORIENTED_EDGE( '', *, *, #2882, .F. );
#1595 = ORIENTED_EDGE( '', *, *, #2883, .T. );
#1596 = ORIENTED_EDGE( '', *, *, #2884, .F. );
#1597 = CARTESIAN_POINT( '', ( 0.705000000000000, 1.00500000000000, -3.50000000000000 ) );
#1598 = DIRECTION( '', ( 2.17103492627735E-015, -0.707106781186548, -0.707106781186548 ) );
#1599 = DIRECTION( '', ( 0.000000000000000, 0.707106781186548, -0.707106781186548 ) );
#1600 = SURFACE_STYLE_FILL_AREA( #2885 );
#1601 = ORIENTED_EDGE( '', *, *, #2886, .F. );
#1602 = ORIENTED_EDGE( '', *, *, #2887, .T. );
#1603 = ORIENTED_EDGE( '', *, *, #2888, .T. );
#1604 = ORIENTED_EDGE( '', *, *, #2889, .T. );
#1605 = CARTESIAN_POINT( '', ( 4.37500000000000, 4.37500000000000, -3.50000000000000 ) );
#1606 = DIRECTION( '', ( -1.00000000000000, -1.53515351856355E-015, 0.000000000000000 ) );
#1607 = DIRECTION( '', ( 1.53515351856355E-015, -1.00000000000000, 0.000000000000000 ) );
#1608 = SURFACE_STYLE_FILL_AREA( #2890 );
#1609 = ORIENTED_EDGE( '', *, *, #2891, .F. );
#1610 = ORIENTED_EDGE( '', *, *, #2892, .T. );
#1611 = ORIENTED_EDGE( '', *, *, #2893, .T. );
#1612 = ORIENTED_EDGE( '', *, *, #2894, .T. );
#1613 = ORIENTED_EDGE( '', *, *, #2895, .T. );
#1614 = CARTESIAN_POINT( '', ( 5.00000000000000, -5.00000000000000, 10.5000000000000 ) );
#1615 = DIRECTION( '', ( -1.00000000000000, 1.73472347597680E-016, 0.000000000000000 ) );
#1616 = DIRECTION( '', ( -1.73472347597680E-016, -1.00000000000000, 0.000000000000000 ) );
#1617 = SURFACE_STYLE_FILL_AREA( #2896 );
#1618 = ORIENTED_EDGE( '', *, *, #2897, .F. );
#1619 = ORIENTED_EDGE( '', *, *, #2898, .T. );
#1620 = ORIENTED_EDGE( '', *, *, #2899, .T. );
#1621 = ORIENTED_EDGE( '', *, *, #2900, .T. );
#1622 = CARTESIAN_POINT( '', ( 4.37500000000000, 0.705000000000000, -3.50000000000000 ) );
#1623 = DIRECTION( '', ( -3.07030703712710E-015, 1.00000000000000, 0.000000000000000 ) );
#1624 = DIRECTION( '', ( -1.00000000000000, -3.07030703712710E-015, 0.000000000000000 ) );
#1625 = SURFACE_STYLE_FILL_AREA( #2901 );
#1626 = ORIENTED_EDGE( '', *, *, #2902, .T. );
#1627 = ORIENTED_EDGE( '', *, *, #2903, .F. );
#1628 = ORIENTED_EDGE( '', *, *, #2904, .T. );
#1629 = ORIENTED_EDGE( '', *, *, #2905, .F. );
#1630 = CARTESIAN_POINT( '', ( 0.705000000000000, -4.07500000000000, -3.50000000000000 ) );
#1631 = DIRECTION( '', ( 2.17103492627735E-015, -0.707106781186548, -0.707106781186548 ) );
#1632 = DIRECTION( '', ( 0.000000000000000, 0.707106781186548, -0.707106781186548 ) );
#1633 = SURFACE_STYLE_FILL_AREA( #2906 );
#1634 = ORIENTED_EDGE( '', *, *, #2907, .F. );
#1635 = ORIENTED_EDGE( '', *, *, #2908, .T. );
#1636 = ORIENTED_EDGE( '', *, *, #2909, .T. );
#1637 = ORIENTED_EDGE( '', *, *, #2910, .T. );
#1638 = CARTESIAN_POINT( '', ( 0.705000000000000, -3.24500000000000, -3.50000000000000 ) );
#1639 = DIRECTION( '', ( -6.52440245389509E-015, -1.00000000000000, 0.000000000000000 ) );
#1640 = DIRECTION( '', ( 1.00000000000000, -6.52440245389509E-015, 0.000000000000000 ) );
#1641 = SURFACE_STYLE_FILL_AREA( #2911 );
#1642 = ORIENTED_EDGE( '', *, *, #2912, .F. );
#1643 = ORIENTED_EDGE( '', *, *, #2913, .T. );
#1644 = ORIENTED_EDGE( '', *, *, #2914, .T. );
#1645 = ORIENTED_EDGE( '', *, *, #2915, .T. );
#1646 = CARTESIAN_POINT( '', ( 4.37500000000000, -0.705000000000000, -3.50000000000000 ) );
#1647 = DIRECTION( '', ( -1.00000000000000, -1.53515351856355E-015, 0.000000000000000 ) );
#1648 = DIRECTION( '', ( 1.53515351856355E-015, -1.00000000000000, 0.000000000000000 ) );
#1649 = SURFACE_STYLE_FILL_AREA( #2916 );
#1650 = ORIENTED_EDGE( '', *, *, #2917, .T. );
#1651 = ORIENTED_EDGE( '', *, *, #2918, .T. );
#1652 = ORIENTED_EDGE( '', *, *, #2919, .T. );
#1653 = ORIENTED_EDGE( '', *, *, #2920, .T. );
#1654 = CARTESIAN_POINT( '', ( 0.705000000000000, 4.37500000000000, -3.50000000000000 ) );
#1655 = DIRECTION( '', ( 0.000000000000000, 0.000000000000000, -1.00000000000000 ) );
#1656 = DIRECTION( '', ( -1.00000000000000, 0.000000000000000, 0.000000000000000 ) );
#1657 = SURFACE_STYLE_FILL_AREA( #2921 );
#1658 = ORIENTED_EDGE( '', *, *, #2922, .T. );
#1659 = ORIENTED_EDGE( '', *, *, #2923, .F. );
#1660 = ORIENTED_EDGE( '', *, *, #2924, .F. );
#1661 = ORIENTED_EDGE( '', *, *, #2917, .F. );
#1662 = CARTESIAN_POINT( '', ( 1.53500000000000, 4.37500000000000, -3.50000000000000 ) );
#1663 = DIRECTION( '', ( 0.707106781186548, 1.08551746313867E-015, -0.707106781186548 ) );
#1664 = DIRECTION( '', ( -0.707106781186548, 0.000000000000000, -0.707106781186548 ) );
#1665 = SURFACE_STYLE_FILL_AREA( #2925 );
#1666 = ORIENTED_EDGE( '', *, *, #2888, .F. );
#1667 = ORIENTED_EDGE( '', *, *, #2926, .T. );
#1668 = ORIENTED_EDGE( '', *, *, #2927, .T. );
#1669 = ORIENTED_EDGE( '', *, *, #2928, .T. );
#1670 = CARTESIAN_POINT( '', ( 3.24500000000000, 4.37500000000000, -3.50000000000000 ) );
#1671 = DIRECTION( '', ( -6.52440245389509E-015, -1.00000000000000, 0.000000000000000 ) );
#1672 = DIRECTION( '', ( 1.00000000000000, -6.52440245389509E-015, 0.000000000000000 ) );
#1673 = SURFACE_STYLE_FILL_AREA( #2929 );
#1674 = ORIENTED_EDGE( '', *, *, #2844, .F. );
#1675 = ORIENTED_EDGE( '', *, *, #2926, .F. );
#1676 = ORIENTED_EDGE( '', *, *, #2930, .F. );
#1677 = ORIENTED_EDGE( '', *, *, #2931, .F. );
#1678 = CARTESIAN_POINT( '', ( 3.24500000000000, 4.07500000000000, -3.50000000000000 ) );
#1679 = DIRECTION( '', ( 4.61344921833937E-015, 0.707106781186548, -0.707106781186547 ) );
#1680 = DIRECTION( '', ( 0.000000000000000, 0.707106781186547, 0.707106781186548 ) );
#1681 = SURFACE_STYLE_FILL_AREA( #2932 );
#1682 = ORIENTED_EDGE( '', *, *, #2933, .T. );
#1683 = ORIENTED_EDGE( '', *, *, #2877, .F. );
#1684 = ORIENTED_EDGE( '', *, *, #2934, .F. );
#1685 = ORIENTED_EDGE( '', *, *, #2935, .F. );
#1686 = CARTESIAN_POINT( '', ( 1.53500000000000, -0.704999999999991, -3.50000000000000 ) );
#1687 = DIRECTION( '', ( 0.707106781186548, 1.08551746313867E-015, -0.707106781186548 ) );
#1688 = DIRECTION( '', ( -0.707106781186548, 0.000000000000000, -0.707106781186548 ) );
#1689 = SURFACE_STYLE_FILL_AREA( #2936 );
#1690 = ORIENTED_EDGE( '', *, *, #2937, .T. );
#1691 = ORIENTED_EDGE( '', *, *, #2938, .F. );
#1692 = ORIENTED_EDGE( '', *, *, #2939, .F. );
#1693 = ORIENTED_EDGE( '', *, *, #2940, .F. );
#1694 = CARTESIAN_POINT( '', ( 4.07500000000000, 1.83500000000000, -3.50000000000000 ) );
#1695 = DIRECTION( '', ( 0.707106781186548, 1.08551746313867E-015, -0.707106781186548 ) );
#1696 = DIRECTION( '', ( -0.707106781186548, 0.000000000000000, -0.707106781186548 ) );
#1697 = SURFACE_STYLE_FILL_AREA( #2941 );
#1698 = ORIENTED_EDGE( '', *, *, #2942, .F. );
#1699 = ORIENTED_EDGE( '', *, *, #2943, .T. );
#1700 = ORIENTED_EDGE( '', *, *, #2944, .T. );
#1701 = ORIENTED_EDGE( '', *, *, #2945, .T. );
#1702 = CARTESIAN_POINT( '', ( -0.705000000000000, 3.24500000000000, -3.50000000000000 ) );
#1703 = DIRECTION( '', ( -3.07030703712710E-015, 1.00000000000000, 0.000000000000000 ) );
#1704 = DIRECTION( '', ( -1.00000000000000, -3.07030703712710E-015, 0.000000000000000 ) );
#1705 = SURFACE_STYLE_FILL_AREA( #2946 );
#1706 = ORIENTED_EDGE( '', *, *, #2869, .F. );
#1707 = ORIENTED_EDGE( '', *, *, #2947, .T. );
#1708 = ORIENTED_EDGE( '', *, *, #2948, .T. );
#1709 = ORIENTED_EDGE( '', *, *, #2949, .T. );
#1710 = CARTESIAN_POINT( '', ( -4.37500000000000, 0.705000000000000, -3.50000000000000 ) );
#1711 = DIRECTION( '', ( 1.00000000000000, 1.53515351856353E-015, 0.000000000000000 ) );
#1712 = DIRECTION( '', ( -1.53515351856353E-015, 1.00000000000000, 0.000000000000000 ) );
#1713 = SURFACE_STYLE_FILL_AREA( #2950 );
#1714 = ORIENTED_EDGE( '', *, *, #2951, .F. );
#1715 = ORIENTED_EDGE( '', *, *, #2952, .F. );
#1716 = ORIENTED_EDGE( '', *, *, #2953, .F. );
#1717 = ORIENTED_EDGE( '', *, *, #2954, .F. );
#1718 = CARTESIAN_POINT( '', ( -1.83500000000000, 4.07500000000000, -3.50000000000000 ) );
#1719 = DIRECTION( '', ( 4.61344921833937E-015, 0.707106781186548, -0.707106781186547 ) );
#1720 = DIRECTION( '', ( 0.000000000000000, 0.707106781186547, 0.707106781186548 ) );
#1721 = SURFACE_STYLE_FILL_AREA( #2955 );
#1722 = ORIENTED_EDGE( '', *, *, #2956, .F. );
#1723 = ORIENTED_EDGE( '', *, *, #2868, .F. );
#1724 = ORIENTED_EDGE( '', *, *, #2957, .F. );
#1725 = ORIENTED_EDGE( '', *, *, #2958, .F. );
#1726 = CARTESIAN_POINT( '', ( -4.37500000000000, 1.53500000000000, -3.50000000000000 ) );
#1727 = DIRECTION( '', ( 4.61344921833937E-015, 0.707106781186548, -0.707106781186547 ) );
#1728 = DIRECTION( '', ( 0.000000000000000, 0.707106781186547, 0.707106781186548 ) );
#1729 = SURFACE_STYLE_FILL_AREA( #2959 );
#1730 = ORIENTED_EDGE( '', *, *, #2960, .F. );
#1731 = ORIENTED_EDGE( '', *, *, #2961, .F. );
#1732 = ORIENTED_EDGE( '', *, *, #2962, .F. );
#1733 = ORIENTED_EDGE( '', *, *, #2963, .F. );
#1734 = CARTESIAN_POINT( '', ( -1.83500000000000, 1.53500000000000, -3.50000000000000 ) );
#1735 = DIRECTION( '', ( 4.61344921833937E-015, 0.707106781186548, -0.707106781186547 ) );
#1736 = DIRECTION( '', ( 0.000000000000000, 0.707106781186547, 0.707106781186548 ) );
#1737 = SURFACE_STYLE_FILL_AREA( #2964 );
#1738 = ORIENTED_EDGE( '', *, *, #2965, .F. );
#1739 = ORIENTED_EDGE( '', *, *, #2966, .T. );
#1740 = ORIENTED_EDGE( '', *, *, #2967, .T. );
#1741 = ORIENTED_EDGE( '', *, *, #2968, .T. );
#1742 = CARTESIAN_POINT( '', ( -4.37500000000000, -3.24500000000000, -3.50000000000000 ) );
#1743 = DIRECTION( '', ( -6.52440245389509E-015, -1.00000000000000, 0.000000000000000 ) );
#1744 = DIRECTION( '', ( 1.00000000000000, -6.52440245389509E-015, 0.000000000000000 ) );
#1745 = SURFACE_STYLE_FILL_AREA( #2969 );
#1746 = ORIENTED_EDGE( '', *, *, #2970, .F. );
#1747 = ORIENTED_EDGE( '', *, *, #2971, .T. );
#1748 = ORIENTED_EDGE( '', *, *, #2972, .T. );
#1749 = ORIENTED_EDGE( '', *, *, #2973, .T. );
#1750 = CARTESIAN_POINT( '', ( 3.24500000000000, -3.24500000000000, -3.50000000000000 ) );
#1751 = DIRECTION( '', ( -6.52440245389509E-015, -1.00000000000000, 0.000000000000000 ) );
#1752 = DIRECTION( '', ( 1.00000000000000, -6.52440245389509E-015, 0.000000000000000 ) );
#1753 = SURFACE_STYLE_FILL_AREA( #2974 );
#1754 = ORIENTED_EDGE( '', *, *, #2975, .F. );
#1755 = ORIENTED_EDGE( '', *, *, #2976, .T. );
#1756 = ORIENTED_EDGE( '', *, *, #2977, .T. );
#1757 = ORIENTED_EDGE( '', *, *, #2978, .T. );
#1758 = CARTESIAN_POINT( '', ( 4.37500000000000, -4.37500000000000, -3.50000000000000 ) );
#1759 = DIRECTION( '', ( -3.07030703712710E-015, 1.00000000000000, 0.000000000000000 ) );
#1760 = DIRECTION( '', ( -1.00000000000000, -3.07030703712710E-015, 0.000000000000000 ) );
#1761 = SURFACE_STYLE_FILL_AREA( #2979 );
#1762 = ORIENTED_EDGE( '', *, *, #2980, .T. );
#1763 = ORIENTED_EDGE( '', *, *, #2913, .F. );
#1764 = ORIENTED_EDGE( '', *, *, #2981, .F. );
#1765 = ORIENTED_EDGE( '', *, *, #2982, .F. );
#1766 = CARTESIAN_POINT( '', ( 4.07500000000000, -0.704999999999991, -3.50000000000000 ) );
#1767 = DIRECTION( '', ( 0.707106781186548, 1.08551746313867E-015, -0.707106781186548 ) );
#1768 = DIRECTION( '', ( -0.707106781186548, 0.000000000000000, -0.707106781186548 ) );
#1769 = SURFACE_STYLE_FILL_AREA( #2983 );
#1770 = ORIENTED_EDGE( '', *, *, #2984, .F. );
#1771 = ORIENTED_EDGE( '', *, *, #2985, .T. );
#1772 = ORIENTED_EDGE( '', *, *, #2986, .T. );
#1773 = ORIENTED_EDGE( '', *, *, #2987, .T. );
#1774 = CARTESIAN_POINT( '', ( -0.705000000000000, -1.83500000000000, -3.50000000000000 ) );
#1775 = DIRECTION( '', ( -3.07030703712710E-015, 1.00000000000000, 0.000000000000000 ) );
#1776 = DIRECTION( '', ( -1.00000000000000, -3.07030703712710E-015, 0.000000000000000 ) );
#1777 = SURFACE_STYLE_FILL_AREA( #2988 );
#1778 = ORIENTED_EDGE( '', *, *, #2972, .F. );
#1779 = ORIENTED_EDGE( '', *, *, #2837, .T. );
#1780 = ORIENTED_EDGE( '', *, *, #2975, .T. );
#1781 = ORIENTED_EDGE( '', *, *, #2989, .T. );
#1782 = CARTESIAN_POINT( '', ( 3.24500000000000, -4.37500000000000, -3.50000000000000 ) );
#1783 = DIRECTION( '', ( 1.00000000000000, 1.53515351856353E-015, 0.000000000000000 ) );
#1784 = DIRECTION( '', ( -1.53515351856353E-015, 1.00000000000000, 0.000000000000000 ) );
#1785 = SURFACE_STYLE_FILL_AREA( #2990 );
#1786 = ORIENTED_EDGE( '', *, *, #2991, .F. );
#1787 = ORIENTED_EDGE( '', *, *, #2992, .T. );
#1788 = ORIENTED_EDGE( '', *, *, #2993, .T. );
#1789 = ORIENTED_EDGE( '', *, *, #2994, .T. );
#1790 = CARTESIAN_POINT( '', ( -1.83500000000000, -3.24500000000000, -3.50000000000000 ) );
#1791 = DIRECTION( '', ( -6.52440245389509E-015, -1.00000000000000, 0.000000000000000 ) );
#1792 = DIRECTION( '', ( 1.00000000000000, -6.52440245389509E-015, 0.000000000000000 ) );
#1793 = SURFACE_STYLE_FILL_AREA( #2995 );
#1794 = ORIENTED_EDGE( '', *, *, #2996, .F. );
#1795 = ORIENTED_EDGE( '', *, *, #2903, .T. );
#1796 = ORIENTED_EDGE( '', *, *, #2997, .T. );
#1797 = ORIENTED_EDGE( '', *, *, #2998, .T. );
#1798 = CARTESIAN_POINT( '', ( 1.83500000000000, -4.37500000000000, -3.50000000000000 ) );
#1799 = DIRECTION( '', ( -3.07030703712710E-015, 1.00000000000000, 0.000000000000000 ) );
#1800 = DIRECTION( '', ( -1.00000000000000, -3.07030703712710E-015, 0.000000000000000 ) );
#1801 = SURFACE_STYLE_FILL_AREA( #2999 );
#1802 = ORIENTED_EDGE( '', *, *, #2914, .F. );
#1803 = ORIENTED_EDGE( '', *, *, #3000, .T. );
#1804 = ORIENTED_EDGE( '', *, *, #3001, .T. );
#1805 = ORIENTED_EDGE( '', *, *, #3002, .T. );
#1806 = CARTESIAN_POINT( '', ( 3.24500000000000, -0.705000000000000, -3.50000000000000 ) );
#1807 = DIRECTION( '', ( -6.52440245389509E-015, -1.00000000000000, 0.000000000000000 ) );
#1808 = DIRECTION( '', ( 1.00000000000000, -6.52440245389509E-015, 0.000000000000000 ) );
#1809 = SURFACE_STYLE_FILL_AREA( #3003 );
#1810 = ORIENTED_EDGE( '', *, *, #3004, .T. );
#1811 = ORIENTED_EDGE( '', *, *, #3005, .T. );
#1812 = ORIENTED_EDGE( '', *, *, #2845, .T. );
#1813 = ORIENTED_EDGE( '', *, *, #2931, .T. );
#1814 = CARTESIAN_POINT( '', ( 3.24500000000000, 4.37500000000000, -3.50000000000000 ) );
#1815 = DIRECTION( '', ( 0.000000000000000, 0.000000000000000, -1.00000000000000 ) );
#1816 = DIRECTION( '', ( -1.00000000000000, 0.000000000000000, 0.000000000000000 ) );
#1817 = SURFACE_STYLE_FILL_AREA( #3006 );
#1818 = ORIENTED_EDGE( '', *, *, #2894, .F. );
#1819 = ORIENTED_EDGE( '', *, *, #3007, .T. );
#1820 = ORIENTED_EDGE( '', *, *, #3008, .T. );
#1821 = ORIENTED_EDGE( '', *, *, #3009, .T. );
#1822 = ORIENTED_EDGE( '', *, *, #3010, .T. );
#1823 = CARTESIAN_POINT( '', ( -5.00000000000000, -5.00000000000000, 10.5000000000000 ) );
#1824 = DIRECTION( '', ( 0.000000000000000, 1.00000000000000, 0.000000000000000 ) );
#1825 = DIRECTION( '', ( 0.000000000000000, 0.000000000000000, 1.00000000000000 ) );
#1826 = SURFACE_STYLE_FILL_AREA( #3011 );
#1827 = ORIENTED_EDGE( '', *, *, #3012, .T. );
#1828 = ORIENTED_EDGE( '', *, *, #3013, .F. );
#1829 = ORIENTED_EDGE( '', *, *, #3014, .T. );
#1830 = ORIENTED_EDGE( '', *, *, #3015, .F. );
#1831 = CARTESIAN_POINT( '', ( -1.83500000000000, 1.00500000000000, -3.50000000000000 ) );
#1832 = DIRECTION( '', ( 2.17103492627735E-015, -0.707106781186548, -0.707106781186548 ) );
#1833 = DIRECTION( '', ( 0.000000000000000, 0.707106781186548, -0.707106781186548 ) );
#1834 = SURFACE_STYLE_FILL_AREA( #3016 );
#1835 = ORIENTED_EDGE( '', *, *, #3017, .T. );
#1836 = ORIENTED_EDGE( '', *, *, #3018, .F. );
#1837 = ORIENTED_EDGE( '', *, *, #2881, .F. );
#1838 = ORIENTED_EDGE( '', *, *, #3019, .F. );
#1839 = CARTESIAN_POINT( '', ( 1.53500000000000, 1.83500000000000, -3.50000000000000 ) );
#1840 = DIRECTION( '', ( 0.707106781186548, 1.08551746313867E-015, -0.707106781186548 ) );
#1841 = DIRECTION( '', ( -0.707106781186548, 0.000000000000000, -0.707106781186548 ) );
#1842 = SURFACE_STYLE_FILL_AREA( #3020 );
#1843 = ORIENTED_EDGE( '', *, *, #2982, .T. );
#1844 = ORIENTED_EDGE( '', *, *, #3021, .T. );
#1845 = ORIENTED_EDGE( '', *, *, #3022, .T. );
#1846 = ORIENTED_EDGE( '', *, *, #3023, .T. );
#1847 = CARTESIAN_POINT( '', ( 3.24500000000000, -0.705000000000000, -3.50000000000000 ) );
#1848 = DIRECTION( '', ( 0.000000000000000, 0.000000000000000, -1.00000000000000 ) );
#1849 = DIRECTION( '', ( -1.00000000000000, 0.000000000000000, 0.000000000000000 ) );
#1850 = SURFACE_STYLE_FILL_AREA( #3024 );
#1851 = ORIENTED_EDGE( '', *, *, #3025, .F. );
#1852 = ORIENTED_EDGE( '', *, *, #3026, .T. );
#1853 = ORIENTED_EDGE( '', *, *, #2965, .T. );
#1854 = ORIENTED_EDGE( '', *, *, #3027, .T. );
#1855 = CARTESIAN_POINT( '', ( -3.24500000000000, -3.24500000000000, -3.50000000000000 ) );
#1856 = DIRECTION( '', ( -1.00000000000000, -1.53515351856355E-015, 0.000000000000000 ) );
#1857 = DIRECTION( '', ( 1.53515351856355E-015, -1.00000000000000, 0.000000000000000 ) );
#1858 = SURFACE_STYLE_FILL_AREA( #3028 );
#1859 = ORIENTED_EDGE( '', *, *, #2957, .T. );
#1860 = ORIENTED_EDGE( '', *, *, #3029, .F. );
#1861 = ORIENTED_EDGE( '', *, *, #3030, .F. );
#1862 = ORIENTED_EDGE( '', *, *, #3031, .F. );
#1863 = CARTESIAN_POINT( '', ( -3.54500000000000, 1.83500000000000, -3.50000000000000 ) );
#1864 = DIRECTION( '', ( 0.707106781186548, 1.08551746313867E-015, -0.707106781186548 ) );
#1865 = DIRECTION( '', ( -0.707106781186548, 0.000000000000000, -0.707106781186548 ) );
#1866 = SURFACE_STYLE_FILL_AREA( #3032 );
#1867 = ORIENTED_EDGE( '', *, *, #3033, .T. );
#1868 = ORIENTED_EDGE( '', *, *, #2976, .F. );
#1869 = ORIENTED_EDGE( '', *, *, #2836, .T. );
#1870 = ORIENTED_EDGE( '', *, *, #3034, .F. );
#1871 = CARTESIAN_POINT( '', ( 3.24500000000000, -4.07500000000000, -3.50000000000000 ) );
#1872 = DIRECTION( '', ( 2.17103492627735E-015, -0.707106781186548, -0.707106781186548 ) );
#1873 = DIRECTION( '', ( 0.000000000000000, 0.707106781186548, -0.707106781186548 ) );
#1874 = SURFACE_STYLE_FILL_AREA( #3035 );
#1875 = ORIENTED_EDGE( '', *, *, #2993, .F. );
#1876 = ORIENTED_EDGE( '', *, *, #3036, .T. );
#1877 = ORIENTED_EDGE( '', *, *, #3037, .T. );
#1878 = ORIENTED_EDGE( '', *, *, #3038, .T. );
#1879 = CARTESIAN_POINT( '', ( -1.83500000000000, -4.37500000000000, -3.50000000000000 ) );
#1880 = DIRECTION( '', ( 1.00000000000000, 1.53515351856353E-015, 0.000000000000000 ) );
#1881 = DIRECTION( '', ( -1.53515351856353E-015, 1.00000000000000, 0.000000000000000 ) );
#1882 = SURFACE_STYLE_FILL_AREA( #3039 );
#1883 = ORIENTED_EDGE( '', *, *, #2924, .T. );
#1884 = ORIENTED_EDGE( '', *, *, #3040, .F. );
#1885 = ORIENTED_EDGE( '', *, *, #3041, .T. );
#1886 = ORIENTED_EDGE( '', *, *, #2918, .F. );
#1887 = CARTESIAN_POINT( '', ( 0.705000000000000, 3.54500000000000, -3.50000000000000 ) );
#1888 = DIRECTION( '', ( 2.17103492627735E-015, -0.707106781186548, -0.707106781186548 ) );
#1889 = DIRECTION( '', ( 0.000000000000000, 0.707106781186548, -0.707106781186548 ) );
#1890 = SURFACE_STYLE_FILL_AREA( #3042 );
#1891 = ORIENTED_EDGE( '', *, *, #3043, .T. );
#1892 = ORIENTED_EDGE( '', *, *, #3044, .T. );
#1893 = CARTESIAN_POINT( '', ( 0.000000000000000, 0.000000000000000, 10.5000000000000 ) );
#1894 = DIRECTION( '', ( -0.000000000000000, -0.000000000000000, 1.00000000000000 ) );
#1895 = DIRECTION( '', ( 0.000000000000000, -1.00000000000000, 0.000000000000000 ) );
#1896 = SURFACE_STYLE_FILL_AREA( #3045 );
#1897 = ORIENTED_EDGE( '', *, *, #3037, .F. );
#1898 = ORIENTED_EDGE( '', *, *, #3046, .T. );
#1899 = ORIENTED_EDGE( '', *, *, #3047, .T. );
#1900 = ORIENTED_EDGE( '', *, *, #3048, .T. );
#1901 = CARTESIAN_POINT( '', ( -0.705000000000000, -4.37500000000000, -3.50000000000000 ) );
#1902 = DIRECTION( '', ( -3.07030703712710E-015, 1.00000000000000, 0.000000000000000 ) );
#1903 = DIRECTION( '', ( -1.00000000000000, -3.07030703712710E-015, 0.000000000000000 ) );
#1904 = SURFACE_STYLE_FILL_AREA( #3049 );
#1905 = ORIENTED_EDGE( '', *, *, #2930, .T. );
#1906 = ORIENTED_EDGE( '', *, *, #2887, .F. );
#1907 = ORIENTED_EDGE( '', *, *, #3050, .F. );
#1908 = ORIENTED_EDGE( '', *, *, #3004, .F. );
#1909 = CARTESIAN_POINT( '', ( 4.07500000000000, 4.37500000000000, -3.50000000000000 ) );
#1910 = DIRECTION( '', ( 0.707106781186548, 1.08551746313867E-015, -0.707106781186548 ) );
#1911 = DIRECTION( '', ( -0.707106781186548, 0.000000000000000, -0.707106781186548 ) );
#1912 = SURFACE_STYLE_FILL_AREA( #3051 );
#1913 = ORIENTED_EDGE( '', *, *, #3050, .T. );
#1914 = ORIENTED_EDGE( '', *, *, #3052, .F. );
#1915 = ORIENTED_EDGE( '', *, *, #2846, .T. );
#1916 = ORIENTED_EDGE( '', *, *, #3005, .F. );
#1917 = CARTESIAN_POINT( '', ( 3.24500000000000, 3.54500000000000, -3.50000000000000 ) );
#1918 = DIRECTION( '', ( 2.17103492627735E-015, -0.707106781186548, -0.707106781186548 ) );
#1919 = DIRECTION( '', ( 0.000000000000000, 0.707106781186548, -0.707106781186548 ) );
#1920 = SURFACE_STYLE_FILL_AREA( #3053 );
#1921 = ORIENTED_EDGE( '', *, *, #3054, .T. );
#1922 = ORIENTED_EDGE( '', *, *, #3055, .F. );
#1923 = ORIENTED_EDGE( '', *, *, #3056, .F. );
#1924 = ORIENTED_EDGE( '', *, *, #3036, .F. );
#1925 = CARTESIAN_POINT( '', ( -1.53500000000000, -3.24500000000000, -3.50000000000000 ) );
#1926 = DIRECTION( '', ( -0.707106781186548, -1.08551746313866E-015, -0.707106781186548 ) );
#1927 = DIRECTION( '', ( -0.707106781186548, 0.000000000000000, 0.707106781186548 ) );
#1928 = SURFACE_STYLE_FILL_AREA( #3057 );
#1929 = ORIENTED_EDGE( '', *, *, #3031, .T. );
#1930 = ORIENTED_EDGE( '', *, *, #3058, .T. );
#1931 = ORIENTED_EDGE( '', *, *, #3059, .T. );
#1932 = ORIENTED_EDGE( '', *, *, #2958, .T. );
#1933 = CARTESIAN_POINT( '', ( -4.37500000000000, 1.83500000000000, -3.50000000000000 ) );
#1934 = DIRECTION( '', ( 0.000000000000000, 0.000000000000000, -1.00000000000000 ) );
#1935 = DIRECTION( '', ( -1.00000000000000, 0.000000000000000, 0.000000000000000 ) );
#1936 = SURFACE_STYLE_FILL_AREA( #3060 );
#1937 = ORIENTED_EDGE( '', *, *, #3061, .T. );
#1938 = ORIENTED_EDGE( '', *, *, #2864, .F. );
#1939 = ORIENTED_EDGE( '', *, *, #2841, .F. );
#1940 = ORIENTED_EDGE( '', *, *, #3062, .F. );
#1941 = CARTESIAN_POINT( '', ( -4.07500000000000, -3.24500000000000, -3.50000000000000 ) );
#1942 = DIRECTION( '', ( -0.707106781186548, -1.08551746313866E-015, -0.707106781186548 ) );
#1943 = DIRECTION( '', ( -0.707106781186548, 0.000000000000000, 0.707106781186548 ) );
#1944 = SURFACE_STYLE_FILL_AREA( #3063 );
#1945 = ORIENTED_EDGE( '', *, *, #2953, .T. );
#1946 = ORIENTED_EDGE( '', *, *, #3064, .F. );
#1947 = ORIENTED_EDGE( '', *, *, #3065, .F. );
#1948 = ORIENTED_EDGE( '', *, *, #3066, .F. );
#1949 = CARTESIAN_POINT( '', ( -1.00500000000000, 4.37500000000000, -3.50000000000000 ) );
#1950 = DIRECTION( '', ( 0.707106781186548, 1.08551746313867E-015, -0.707106781186548 ) );
#1951 = DIRECTION( '', ( -0.707106781186548, 0.000000000000000, -0.707106781186548 ) );
#1952 = SURFACE_STYLE_FILL_AREA( #3067 );
#1953 = ORIENTED_EDGE( '', *, *, #2967, .F. );
#1954 = ORIENTED_EDGE( '', *, *, #3062, .T. );
#1955 = ORIENTED_EDGE( '', *, *, #3068, .T. );
#1956 = ORIENTED_EDGE( '', *, *, #3069, .T. );
#1957 = CARTESIAN_POINT( '', ( -4.37500000000000, -4.37500000000000, -3.50000000000000 ) );
#1958 = DIRECTION( '', ( 1.00000000000000, 1.53515351856353E-015, 0.000000000000000 ) );
#1959 = DIRECTION( '', ( -1.53515351856353E-015, 1.00000000000000, 0.000000000000000 ) );
#1960 = SURFACE_STYLE_FILL_AREA( #3070 );
#1961 = ORIENTED_EDGE( '', *, *, #3009, .F. );
#1962 = ORIENTED_EDGE( '', *, *, #3071, .T. );
#1963 = ORIENTED_EDGE( '', *, *, #3072, .T. );
#1964 = ORIENTED_EDGE( '', *, *, #3073, .T. );
#1965 = ORIENTED_EDGE( '', *, *, #3074, .T. );
#1966 = CARTESIAN_POINT( '', ( -5.00000000000000, 5.00000000000000, 10.5000000000000 ) );
#1967 = DIRECTION( '', ( 1.00000000000000, -1.73472347597680E-016, 0.000000000000000 ) );
#1968 = DIRECTION( '', ( 1.73472347597680E-016, 1.00000000000000, 0.000000000000000 ) );
#1969 = SURFACE_STYLE_FILL_AREA( #3075 );
#1970 = ORIENTED_EDGE( '', *, *, #3076, .F. );
#1971 = ORIENTED_EDGE( '', *, *, #3077, .T. );
#1972 = ORIENTED_EDGE( '', *, *, #3078, .T. );
#1973 = ORIENTED_EDGE( '', *, *, #3079, .T. );
#1974 = CARTESIAN_POINT( '', ( -3.24500000000000, -0.705000000000000, -3.50000000000000 ) );
#1975 = DIRECTION( '', ( -1.00000000000000, -1.53515351856355E-015, 0.000000000000000 ) );
#1976 = DIRECTION( '', ( 1.53515351856355E-015, -1.00000000000000, 0.000000000000000 ) );
#1977 = SURFACE_STYLE_FILL_AREA( #3080 );
#1978 = ORIENTED_EDGE( '', *, *, #3081, .F. );
#1979 = ORIENTED_EDGE( '', *, *, #3082, .T. );
#1980 = ORIENTED_EDGE( '', *, *, #3083, .T. );
#1981 = ORIENTED_EDGE( '', *, *, #3084, .T. );
#1982 = CARTESIAN_POINT( '', ( 3.24500000000000, 1.83500000000000, -3.50000000000000 ) );
#1983 = DIRECTION( '', ( -6.52440245389509E-015, -1.00000000000000, 0.000000000000000 ) );
#1984 = DIRECTION( '', ( 1.00000000000000, -6.52440245389509E-015, 0.000000000000000 ) );
#1985 = SURFACE_STYLE_FILL_AREA( #3085 );
#1986 = ORIENTED_EDGE( '', *, *, #3086, .F. );
#1987 = ORIENTED_EDGE( '', *, *, #2961, .T. );
#1988 = ORIENTED_EDGE( '', *, *, #3087, .T. );
#1989 = ORIENTED_EDGE( '', *, *, #3088, .T. );
#1990 = CARTESIAN_POINT( '', ( -1.83500000000000, 1.83500000000000, -3.50000000000000 ) );
#1991 = DIRECTION( '', ( -6.52440245389509E-015, -1.00000000000000, 0.000000000000000 ) );
#1992 = DIRECTION( '', ( 1.00000000000000, -6.52440245389509E-015, 0.000000000000000 ) );
#1993 = SURFACE_STYLE_FILL_AREA( #3089 );
#1994 = ORIENTED_EDGE( '', *, *, #3054, .F. );
#1995 = ORIENTED_EDGE( '', *, *, #2992, .F. );
#1996 = ORIENTED_EDGE( '', *, *, #3090, .F. );
#1997 = ORIENTED_EDGE( '', *, *, #3091, .F. );
#1998 = CARTESIAN_POINT( '', ( -1.83500000000000, -3.54500000000000, -3.50000000000000 ) );
#1999 = DIRECTION( '', ( 4.61344921833937E-015, 0.707106781186548, -0.707106781186547 ) );
#2000 = DIRECTION( '', ( 0.000000000000000, 0.707106781186547, 0.707106781186548 ) );
#2001 = SURFACE_STYLE_FILL_AREA( #3092 );
#2002 = ORIENTED_EDGE( '', *, *, #3093, .F. );
#2003 = ORIENTED_EDGE( '', *, *, #3094, .T. );
#2004 = ORIENTED_EDGE( '', *, *, #3095, .T. );
#2005 = ORIENTED_EDGE( '', *, *, #3096, .T. );
#2006 = CARTESIAN_POINT( '', ( -3.24500000000000, 4.37500000000000, -3.50000000000000 ) );
#2007 = DIRECTION( '', ( -1.00000000000000, -1.53515351856355E-015, 0.000000000000000 ) );
#2008 = DIRECTION( '', ( 1.53515351856355E-015, -1.00000000000000, 0.000000000000000 ) );
#2009 = SURFACE_STYLE_FILL_AREA( #3097 );
#2010 = ORIENTED_EDGE( '', *, *, #3098, .T. );
#2011 = ORIENTED_EDGE( '', *, *, #2905, .T. );
#2012 = ORIENTED_EDGE( '', *, *, #3099, .T. );
#2013 = ORIENTED_EDGE( '', *, *, #3100, .T. );
#2014 = CARTESIAN_POINT( '', ( 0.705000000000000, -3.24500000000000, -3.50000000000000 ) );
#2015 = DIRECTION( '', ( 0.000000000000000, 0.000000000000000, -1.00000000000000 ) );
#2016 = DIRECTION( '', ( -1.00000000000000, 0.000000000000000, 0.000000000000000 ) );
#2017 = SURFACE_STYLE_FILL_AREA( #3101 );
#2018 = ORIENTED_EDGE( '', *, *, #3102, .F. );
#2019 = ORIENTED_EDGE( '', *, *, #3103, .T. );
#2020 = ORIENTED_EDGE( '', *, *, #3086, .T. );
#2021 = ORIENTED_EDGE( '', *, *, #3104, .T. );
#2022 = CARTESIAN_POINT( '', ( -0.705000000000000, 1.83500000000000, -3.50000000000000 ) );
#2023 = DIRECTION( '', ( -1.00000000000000, -1.53515351856355E-015, 0.000000000000000 ) );
#2024 = DIRECTION( '', ( 1.53515351856355E-015, -1.00000000000000, 0.000000000000000 ) );
#2025 = SURFACE_STYLE_FILL_AREA( #3105 );
#2026 = ORIENTED_EDGE( '', *, *, #3106, .F. );
#2027 = ORIENTED_EDGE( '', *, *, #3107, .T. );
#2028 = ORIENTED_EDGE( '', *, *, #3108, .T. );
#2029 = ORIENTED_EDGE( '', *, *, #3109, .T. );
#2030 = CARTESIAN_POINT( '', ( -4.37500000000000, 3.24500000000000, -3.50000000000000 ) );
#2031 = DIRECTION( '', ( 1.00000000000000, 1.53515351856353E-015, 0.000000000000000 ) );
#2032 = DIRECTION( '', ( -1.53515351856353E-015, 1.00000000000000, 0.000000000000000 ) );
#2033 = SURFACE_STYLE_FILL_AREA( #3110 );
#2034 = ORIENTED_EDGE( '', *, *, #3111, .T. );
#2035 = ORIENTED_EDGE( '', *, *, #3026, .F. );
#2036 = ORIENTED_EDGE( '', *, *, #2839, .F. );
#2037 = ORIENTED_EDGE( '', *, *, #2863, .F. );
#2038 = CARTESIAN_POINT( '', ( -3.54500000000000, -3.24500000000000, -3.50000000000000 ) );
#2039 = DIRECTION( '', ( 0.707106781186548, 1.08551746313867E-015, -0.707106781186548 ) );
#2040 = DIRECTION( '', ( -0.707106781186548, 0.000000000000000, -0.707106781186548 ) );
#2041 = SURFACE_STYLE_FILL_AREA( #3112 );
#2042 = ORIENTED_EDGE( '', *, *, #3113, .F. );
#2043 = ORIENTED_EDGE( '', *, *, #2952, .T. );
#2044 = ORIENTED_EDGE( '', *, *, #3114, .T. );
#2045 = ORIENTED_EDGE( '', *, *, #3115, .T. );
#2046 = CARTESIAN_POINT( '', ( -1.83500000000000, 4.37500000000000, -3.50000000000000 ) );
#2047 = DIRECTION( '', ( -6.52440245389509E-015, -1.00000000000000, 0.000000000000000 ) );
#2048 = DIRECTION( '', ( 1.00000000000000, -6.52440245389509E-015, 0.000000000000000 ) );
#2049 = SURFACE_STYLE_FILL_AREA( #3116 );
#2050 = ORIENTED_EDGE( '', *, *, #3068, .F. );
#2051 = ORIENTED_EDGE( '', *, *, #2840, .T. );
#2052 = ORIENTED_EDGE( '', *, *, #3025, .T. );
#2053 = ORIENTED_EDGE( '', *, *, #3117, .T. );
#2054 = CARTESIAN_POINT( '', ( -3.24500000000000, -4.37500000000000, -3.50000000000000 ) );
#2055 = DIRECTION( '', ( -3.07030703712710E-015, 1.00000000000000, 0.000000000000000 ) );
#2056 = DIRECTION( '', ( -1.00000000000000, -3.07030703712710E-015, 0.000000000000000 ) );
#2057 = SURFACE_STYLE_FILL_AREA( #3118 );
#2058 = ORIENTED_EDGE( '', *, *, #2939, .T. );
#2059 = ORIENTED_EDGE( '', *, *, #2898, .F. );
#2060 = ORIENTED_EDGE( '', *, *, #3119, .T. );
#2061 = ORIENTED_EDGE( '', *, *, #3120, .F. );
#2062 = CARTESIAN_POINT( '', ( 3.24500000000000, 1.00500000000000, -3.50000000000000 ) );
#2063 = DIRECTION( '', ( 2.17103492627735E-015, -0.707106781186548, -0.707106781186548 ) );
#2064 = DIRECTION( '', ( 0.000000000000000, 0.707106781186548, -0.707106781186548 ) );
#2065 = SURFACE_STYLE_FILL_AREA( #3121 );
#2066 = ORIENTED_EDGE( '', *, *, #2849, .F. );
#2067 = ORIENTED_EDGE( '', *, *, #3122, .F. );
#2068 = ORIENTED_EDGE( '', *, *, #2933, .F. );
#2069 = ORIENTED_EDGE( '', *, *, #3123, .F. );
#2070 = CARTESIAN_POINT( '', ( 0.705000000000000, -1.00500000000000, -3.50000000000000 ) );
#2071 = DIRECTION( '', ( 4.61344921833937E-015, 0.707106781186548, -0.707106781186547 ) );
#2072 = DIRECTION( '', ( 0.000000000000000, 0.707106781186547, 0.707106781186548 ) );
#2073 = SURFACE_STYLE_FILL_AREA( #3124 );
#2074 = ORIENTED_EDGE( '', *, *, #3108, .F. );
#2075 = ORIENTED_EDGE( '', *, *, #3125, .T. );
#2076 = ORIENTED_EDGE( '', *, *, #3093, .T. );
#2077 = ORIENTED_EDGE( '', *, *, #3126, .T. );
#2078 = CARTESIAN_POINT( '', ( -3.24500000000000, 3.24500000000000, -3.50000000000000 ) );
#2079 = DIRECTION( '', ( -3.07030703712710E-015, 1.00000000000000, 0.000000000000000 ) );
#2080 = DIRECTION( '', ( -1.00000000000000, -3.07030703712710E-015, 0.000000000000000 ) );
#2081 = SURFACE_STYLE_FILL_AREA( #3127 );
#2082 = ORIENTED_EDGE( '', *, *, #3090, .T. );
#2083 = ORIENTED_EDGE( '', *, *, #3128, .F. );
#2084 = ORIENTED_EDGE( '', *, *, #3129, .F. );
#2085 = ORIENTED_EDGE( '', *, *, #3130, .F. );
#2086 = CARTESIAN_POINT( '', ( -1.00500000000000, -3.24500000000000, -3.50000000000000 ) );
#2087 = DIRECTION( '', ( 0.707106781186548, 1.08551746313867E-015, -0.707106781186548 ) );
#2088 = DIRECTION( '', ( -0.707106781186548, 0.000000000000000, -0.707106781186548 ) );
#2089 = SURFACE_STYLE_FILL_AREA( #3131 );
#2090 = ORIENTED_EDGE( '', *, *, #3129, .T. );
#2091 = ORIENTED_EDGE( '', *, *, #3046, .F. );
#2092 = ORIENTED_EDGE( '', *, *, #3056, .T. );
#2093 = ORIENTED_EDGE( '', *, *, #3132, .F. );
#2094 = CARTESIAN_POINT( '', ( -1.83500000000000, -4.07500000000000, -3.50000000000000 ) );
#2095 = DIRECTION( '', ( 2.17103492627735E-015, -0.707106781186548, -0.707106781186548 ) );
#2096 = DIRECTION( '', ( 0.000000000000000, 0.707106781186548, -0.707106781186548 ) );
#2097 = SURFACE_STYLE_FILL_AREA( #3133 );
#2098 = ORIENTED_EDGE( '', *, *, #2834, .F. );
#2099 = ORIENTED_EDGE( '', *, *, #2971, .F. );
#2100 = ORIENTED_EDGE( '', *, *, #3134, .F. );
#2101 = ORIENTED_EDGE( '', *, *, #3135, .F. );
#2102 = CARTESIAN_POINT( '', ( 3.24500000000000, -3.54500000000000, -3.50000000000000 ) );
#2103 = DIRECTION( '', ( 4.61344921833937E-015, 0.707106781186548, -0.707106781186547 ) );
#2104 = DIRECTION( '', ( 0.000000000000000, 0.707106781186547, 0.707106781186548 ) );
#2105 = SURFACE_STYLE_FILL_AREA( #3136 );
#2106 = ORIENTED_EDGE( '', *, *, #3137, .F. );
#2107 = ORIENTED_EDGE( '', *, *, #2852, .T. );
#2108 = ORIENTED_EDGE( '', *, *, #2872, .T. );
#2109 = ORIENTED_EDGE( '', *, *, #3138, .T. );
#2110 = CARTESIAN_POINT( '', ( 0.705000000000000, -1.83500000000000, -3.50000000000000 ) );
#2111 = DIRECTION( '', ( 1.00000000000000, 1.53515351856353E-015, 0.000000000000000 ) );
#2112 = DIRECTION( '', ( -1.53515351856353E-015, 1.00000000000000, 0.000000000000000 ) );
#2113 = SURFACE_STYLE_FILL_AREA( #3139 );
#2114 = ORIENTED_EDGE( '', *, *, #3030, .T. );
#2115 = ORIENTED_EDGE( '', *, *, #3140, .F. );
#2116 = ORIENTED_EDGE( '', *, *, #3141, .T. );
#2117 = ORIENTED_EDGE( '', *, *, #3058, .F. );
#2118 = CARTESIAN_POINT( '', ( -4.37500000000000, 1.00500000000000, -3.50000000000000 ) );
#2119 = DIRECTION( '', ( 2.17103492627735E-015, -0.707106781186548, -0.707106781186548 ) );
#2120 = DIRECTION( '', ( 0.000000000000000, 0.707106781186548, -0.707106781186548 ) );
#2121 = SURFACE_STYLE_FILL_AREA( #3142 );
#2122 = ORIENTED_EDGE( '', *, *, #3143, .F. );
#2123 = ORIENTED_EDGE( '', *, *, #3052, .T. );
#2124 = ORIENTED_EDGE( '', *, *, #2886, .T. );
#2125 = ORIENTED_EDGE( '', *, *, #3144, .T. );
#2126 = CARTESIAN_POINT( '', ( 4.37500000000000, 3.24500000000000, -3.50000000000000 ) );
#2127 = DIRECTION( '', ( -3.07030703712710E-015, 1.00000000000000, 0.000000000000000 ) );
#2128 = DIRECTION( '', ( -1.00000000000000, -3.07030703712710E-015, 0.000000000000000 ) );
#2129 = SURFACE_STYLE_FILL_AREA( #3145 );
#2130 = ORIENTED_EDGE( '', *, *, #3146, .F. );
#2131 = ORIENTED_EDGE( '', *, *, #2923, .T. );
#2132 = ORIENTED_EDGE( '', *, *, #3147, .T. );
#2133 = ORIENTED_EDGE( '', *, *, #3148, .T. );
#2134 = CARTESIAN_POINT( '', ( 1.83500000000000, 4.37500000000000, -3.50000000000000 ) );
#2135 = DIRECTION( '', ( -1.00000000000000, -1.53515351856355E-015, 0.000000000000000 ) );
#2136 = DIRECTION( '', ( 1.53515351856355E-015, -1.00000000000000, 0.000000000000000 ) );
#2137 = SURFACE_STYLE_FILL_AREA( #3149 );
#2138 = ORIENTED_EDGE( '', *, *, #3150, .T. );
#2139 = ORIENTED_EDGE( '', *, *, #3151, .F. );
#2140 = ORIENTED_EDGE( '', *, *, #3072, .F. );
#2141 = CARTESIAN_POINT( '', ( 0.000000000000000, 0.000000000000000, 10.5000000000000 ) );
#2142 = DIRECTION( '', ( -0.000000000000000, 0.000000000000000, -1.00000000000000 ) );
#2143 = DIRECTION( '', ( -1.00000000000000, 0.000000000000000, 0.000000000000000 ) );
#2144 = SURFACE_STYLE_FILL_AREA( #3152 );
#2145 = ORIENTED_EDGE( '', *, *, #3114, .F. );
#2146 = ORIENTED_EDGE( '', *, *, #3153, .T. );
#2147 = ORIENTED_EDGE( '', *, *, #2942, .T. );
#2148 = ORIENTED_EDGE( '', *, *, #3154, .T. );
#2149 = CARTESIAN_POINT( '', ( -1.83500000000000, 3.24500000000000, -3.50000000000000 ) );
#2150 = DIRECTION( '', ( 1.00000000000000, 1.53515351856353E-015, 0.000000000000000 ) );
#2151 = DIRECTION( '', ( -1.53515351856353E-015, 1.00000000000000, 0.000000000000000 ) );
#2152 = SURFACE_STYLE_FILL_AREA( #3155 );
#2153 = ORIENTED_EDGE( '', *, *, #3156, .F. );
#2154 = ORIENTED_EDGE( '', *, *, #3157, .F. );
#2155 = CARTESIAN_POINT( '', ( 0.000000000000000, 0.000000000000000, 10.5000000000000 ) );
#2156 = DIRECTION( '', ( -0.000000000000000, -0.000000000000000, 1.00000000000000 ) );
#2157 = DIRECTION( '', ( 1.00000000000000, 0.000000000000000, 0.000000000000000 ) );
#2158 = SURFACE_STYLE_FILL_AREA( #3158 );
#2159 = ORIENTED_EDGE( '', *, *, #3159, .F. );
#2160 = ORIENTED_EDGE( '', *, *, #3000, .F. );
#2161 = ORIENTED_EDGE( '', *, *, #2980, .F. );
#2162 = ORIENTED_EDGE( '', *, *, #3023, .F. );
#2163 = CARTESIAN_POINT( '', ( 3.24500000000000, -1.00500000000000, -3.50000000000000 ) );
#2164 = DIRECTION( '', ( 4.61344921833937E-015, 0.707106781186548, -0.707106781186547 ) );
#2165 = DIRECTION( '', ( 0.000000000000000, 0.707106781186547, 0.707106781186548 ) );
#2166 = SURFACE_STYLE_FILL_AREA( #3160 );
#2167 = ORIENTED_EDGE( '', *, *, #3161, .T. );
#2168 = ORIENTED_EDGE( '', *, *, #2919, .F. );
#2169 = ORIENTED_EDGE( '', *, *, #3041, .F. );
#2170 = ORIENTED_EDGE( '', *, *, #3162, .F. );
#2171 = CARTESIAN_POINT( '', ( 1.00500000000000, 4.37500000000000, -3.50000000000000 ) );
#2172 = DIRECTION( '', ( -0.707106781186548, -1.08551746313866E-015, -0.707106781186548 ) );
#2173 = DIRECTION( '', ( -0.707106781186548, 0.000000000000000, 0.707106781186548 ) );
#2174 = SURFACE_STYLE_FILL_AREA( #3163 );
#2175 = ORIENTED_EDGE( '', *, *, #2997, .F. );
#2176 = ORIENTED_EDGE( '', *, *, #3164, .T. );
#2177 = ORIENTED_EDGE( '', *, *, #2907, .T. );
#2178 = ORIENTED_EDGE( '', *, *, #3165, .T. );
#2179 = CARTESIAN_POINT( '', ( 1.83500000000000, -3.24500000000000, -3.50000000000000 ) );
#2180 = DIRECTION( '', ( -1.00000000000000, -1.53515351856355E-015, 0.000000000000000 ) );
#2181 = DIRECTION( '', ( 1.53515351856355E-015, -1.00000000000000, 0.000000000000000 ) );
#2182 = SURFACE_STYLE_FILL_AREA( #3166 );
#2183 = ORIENTED_EDGE( '', *, *, #3167, .T. );
#2184 = ORIENTED_EDGE( '', *, *, #3125, .F. );
#2185 = ORIENTED_EDGE( '', *, *, #3168, .T. );
#2186 = ORIENTED_EDGE( '', *, *, #2855, .F. );
#2187 = CARTESIAN_POINT( '', ( -4.37500000000000, 3.54500000000000, -3.50000000000000 ) );
#2188 = DIRECTION( '', ( 2.17103492627735E-015, -0.707106781186548, -0.707106781186548 ) );
#2189 = DIRECTION( '', ( 0.000000000000000, 0.707106781186548, -0.707106781186548 ) );
#2190 = SURFACE_STYLE_FILL_AREA( #3169 );
#2191 = ORIENTED_EDGE( '', *, *, #3019, .T. );
#2192 = ORIENTED_EDGE( '', *, *, #2884, .T. );
#2193 = ORIENTED_EDGE( '', *, *, #3170, .T. );
#2194 = ORIENTED_EDGE( '', *, *, #3171, .T. );
#2195 = CARTESIAN_POINT( '', ( 0.705000000000000, 1.83500000000000, -3.50000000000000 ) );
#2196 = DIRECTION( '', ( 0.000000000000000, 0.000000000000000, -1.00000000000000 ) );
#2197 = DIRECTION( '', ( -1.00000000000000, 0.000000000000000, 0.000000000000000 ) );
#2198 = SURFACE_STYLE_FILL_AREA( #3172 );
#2199 = ORIENTED_EDGE( '', *, *, #3083, .F. );
#2200 = ORIENTED_EDGE( '', *, *, #3173, .T. );
#2201 = ORIENTED_EDGE( '', *, *, #2897, .T. );
#2202 = ORIENTED_EDGE( '', *, *, #3174, .T. );
#2203 = CARTESIAN_POINT( '', ( 3.24500000000000, 0.705000000000000, -3.50000000000000 ) );
#2204 = DIRECTION( '', ( 1.00000000000000, 1.53515351856353E-015, 0.000000000000000 ) );
#2205 = DIRECTION( '', ( -1.53515351856353E-015, 1.00000000000000, 0.000000000000000 ) );
#2206 = SURFACE_STYLE_FILL_AREA( #3175 );
#2207 = ORIENTED_EDGE( '', *, *, #3176, .F. );
#2208 = ORIENTED_EDGE( '', *, *, #3177, .F. );
#2209 = ORIENTED_EDGE( '', *, *, #3178, .F. );
#2210 = ORIENTED_EDGE( '', *, *, #3179, .F. );
#2211 = CARTESIAN_POINT( '', ( -4.37500000000000, -1.00500000000000, -3.50000000000000 ) );
#2212 = DIRECTION( '', ( 4.61344921833937E-015, 0.707106781186548, -0.707106781186547 ) );
#2213 = DIRECTION( '', ( 0.000000000000000, 0.707106781186547, 0.707106781186548 ) );
#2214 = SURFACE_STYLE_FILL_AREA( #3180 );
#2215 = ORIENTED_EDGE( '', *, *, #2951, .T. );
#2216 = ORIENTED_EDGE( '', *, *, #3181, .F. );
#2217 = ORIENTED_EDGE( '', *, *, #3182, .F. );
#2218 = ORIENTED_EDGE( '', *, *, #3153, .F. );
#2219 = CARTESIAN_POINT( '', ( -1.53500000000000, 4.37500000000000, -3.50000000000000 ) );
#2220 = DIRECTION( '', ( -0.707106781186548, -1.08551746313866E-015, -0.707106781186548 ) );
#2221 = DIRECTION( '', ( -0.707106781186548, 0.000000000000000, 0.707106781186548 ) );
#2222 = SURFACE_STYLE_FILL_AREA( #3183 );
#2223 = ORIENTED_EDGE( '', *, *, #2861, .T. );
#2224 = ORIENTED_EDGE( '', *, *, #3094, .F. );
#2225 = ORIENTED_EDGE( '', *, *, #3167, .F. );
#2226 = ORIENTED_EDGE( '', *, *, #2854, .F. );
#2227 = CARTESIAN_POINT( '', ( -3.54500000000000, 4.37500000000000, -3.50000000000000 ) );
#2228 = DIRECTION( '', ( 0.707106781186548, 1.08551746313867E-015, -0.707106781186548 ) );
#2229 = DIRECTION( '', ( -0.707106781186548, 0.000000000000000, -0.707106781186548 ) );
#2230 = SURFACE_STYLE_FILL_AREA( #3184 );
#2231 = ORIENTED_EDGE( '', *, *, #3185, .F. );
#2232 = ORIENTED_EDGE( '', *, *, #3040, .T. );
#2233 = ORIENTED_EDGE( '', *, *, #3146, .T. );
#2234 = ORIENTED_EDGE( '', *, *, #3186, .T. );
#2235 = CARTESIAN_POINT( '', ( 1.83500000000000, 3.24500000000000, -3.50000000000000 ) );
#2236 = DIRECTION( '', ( -3.07030703712710E-015, 1.00000000000000, 0.000000000000000 ) );
#2237 = DIRECTION( '', ( -1.00000000000000, -3.07030703712710E-015, 0.000000000000000 ) );
#2238 = SURFACE_STYLE_FILL_AREA( #3187 );
#2239 = ORIENTED_EDGE( '', *, *, #3161, .F. );
#2240 = ORIENTED_EDGE( '', *, *, #3188, .F. );
#2241 = ORIENTED_EDGE( '', *, *, #2922, .F. );
#2242 = ORIENTED_EDGE( '', *, *, #2920, .F. );
#2243 = CARTESIAN_POINT( '', ( 0.705000000000000, 4.07500000000000, -3.50000000000000 ) );
#2244 = DIRECTION( '', ( 4.61344921833937E-015, 0.707106781186548, -0.707106781186547 ) );
#2245 = DIRECTION( '', ( 0.000000000000000, 0.707106781186547, 0.707106781186548 ) );
#2246 = SURFACE_STYLE_FILL_AREA( #3189 );
#2247 = ORIENTED_EDGE( '', *, *, #2927, .F. );
#2248 = ORIENTED_EDGE( '', *, *, #2847, .T. );
#2249 = ORIENTED_EDGE( '', *, *, #3143, .T. );
#2250 = ORIENTED_EDGE( '', *, *, #3190, .T. );
#2251 = CARTESIAN_POINT( '', ( 3.24500000000000, 3.24500000000000, -3.50000000000000 ) );
#2252 = DIRECTION( '', ( 1.00000000000000, 1.53515351856353E-015, 0.000000000000000 ) );
#2253 = DIRECTION( '', ( -1.53515351856353E-015, 1.00000000000000, 0.000000000000000 ) );
#2254 = SURFACE_STYLE_FILL_AREA( #3191 );
#2255 = ORIENTED_EDGE( '', *, *, #3073, .F. );
#2256 = ORIENTED_EDGE( '', *, *, #3151, .T. );
#2257 = ORIENTED_EDGE( '', *, *, #3192, .T. );
#2258 = ORIENTED_EDGE( '', *, *, #2891, .T. );
#2259 = ORIENTED_EDGE( '', *, *, #3193, .T. );
#2260 = CARTESIAN_POINT( '', ( 5.00000000000000, 5.00000000000000, 10.5000000000000 ) );
#2261 = DIRECTION( '', ( -1.73472347597680E-016, -1.00000000000000, 0.000000000000000 ) );
#2262 = DIRECTION( '', ( 1.00000000000000, -1.73472347597680E-016, 0.000000000000000 ) );
#2263 = SURFACE_STYLE_FILL_AREA( #3194 );
#2264 = ORIENTED_EDGE( '', *, *, #3195, .T. );
#2265 = ORIENTED_EDGE( '', *, *, #3170, .F. );
#2266 = ORIENTED_EDGE( '', *, *, #2883, .F. );
#2267 = ORIENTED_EDGE( '', *, *, #3196, .F. );
#2268 = CARTESIAN_POINT( '', ( 1.00500000000000, 1.83500000000000, -3.50000000000000 ) );
#2269 = DIRECTION( '', ( -0.707106781186548, -1.08551746313866E-015, -0.707106781186548 ) );
#2270 = DIRECTION( '', ( -0.707106781186548, 0.000000000000000, 0.707106781186548 ) );
#2271 = SURFACE_STYLE_FILL_AREA( #3197 );
#2272 = ORIENTED_EDGE( '', *, *, #2956, .T. );
#2273 = ORIENTED_EDGE( '', *, *, #3059, .F. );
#2274 = ORIENTED_EDGE( '', *, *, #3141, .F. );
#2275 = ORIENTED_EDGE( '', *, *, #2947, .F. );
#2276 = CARTESIAN_POINT( '', ( -4.07500000000000, 1.83500000000000, -3.50000000000000 ) );
#2277 = DIRECTION( '', ( -0.707106781186548, -1.08551746313866E-015, -0.707106781186548 ) );
#2278 = DIRECTION( '', ( -0.707106781186548, 0.000000000000000, 0.707106781186548 ) );
#2279 = SURFACE_STYLE_FILL_AREA( #3198 );
#2280 = ORIENTED_EDGE( '', *, *, #2893, .F. );
#2281 = ORIENTED_EDGE( '', *, *, #3199, .F. );
#2282 = ORIENTED_EDGE( '', *, *, #3007, .F. );
#2283 = CARTESIAN_POINT( '', ( 0.000000000000000, 0.000000000000000, 10.5000000000000 ) );
#2284 = DIRECTION( '', ( -0.000000000000000, 0.000000000000000, -1.00000000000000 ) );
#2285 = DIRECTION( '', ( -1.00000000000000, 0.000000000000000, 0.000000000000000 ) );
#2286 = SURFACE_STYLE_FILL_AREA( #3200 );
#2287 = ORIENTED_EDGE( '', *, *, #3201, .F. );
#2288 = ORIENTED_EDGE( '', *, *, #2908, .F. );
#2289 = ORIENTED_EDGE( '', *, *, #3202, .F. );
#2290 = ORIENTED_EDGE( '', *, *, #3100, .F. );
#2291 = CARTESIAN_POINT( '', ( 0.705000000000000, -3.54500000000000, -3.50000000000000 ) );
#2292 = DIRECTION( '', ( 4.61344921833937E-015, 0.707106781186548, -0.707106781186547 ) );
#2293 = DIRECTION( '', ( 0.000000000000000, 0.707106781186547, 0.707106781186548 ) );
#2294 = SURFACE_STYLE_FILL_AREA( #3203 );
#2295 = ORIENTED_EDGE( '', *, *, #3204, .F. );
#2296 = ORIENTED_EDGE( '', *, *, #3205, .F. );
#2297 = ORIENTED_EDGE( '', *, *, #3206, .F. );
#2298 = ORIENTED_EDGE( '', *, *, #3207, .F. );
#2299 = CARTESIAN_POINT( '', ( -1.83500000000000, -1.00500000000000, -3.50000000000000 ) );
#2300 = DIRECTION( '', ( 4.61344921833937E-015, 0.707106781186548, -0.707106781186547 ) );
#2301 = DIRECTION( '', ( 0.000000000000000, 0.707106781186547, 0.707106781186548 ) );
#2302 = SURFACE_STYLE_FILL_AREA( #3208 );
#2303 = ORIENTED_EDGE( '', *, *, #3087, .F. );
#2304 = ORIENTED_EDGE( '', *, *, #3209, .T. );
#2305 = ORIENTED_EDGE( '', *, *, #3210, .T. );
#2306 = ORIENTED_EDGE( '', *, *, #3211, .T. );
#2307 = CARTESIAN_POINT( '', ( -1.83500000000000, 0.705000000000000, -3.50000000000000 ) );
#2308 = DIRECTION( '', ( 1.00000000000000, 1.53515351856353E-015, 0.000000000000000 ) );
#2309 = DIRECTION( '', ( -1.53515351856353E-015, 1.00000000000000, 0.000000000000000 ) );
#2310 = SURFACE_STYLE_FILL_AREA( #3212 );
#2311 = ORIENTED_EDGE( '', *, *, #3213, .T. );
#2312 = ORIENTED_EDGE( '', *, *, #3214, .T. );
#2313 = ORIENTED_EDGE( '', *, *, #3215, .T. );
#2314 = ORIENTED_EDGE( '', *, *, #3207, .T. );
#2315 = CARTESIAN_POINT( '', ( -1.83500000000000, -0.705000000000000, -3.50000000000000 ) );
#2316 = DIRECTION( '', ( 0.000000000000000, 0.000000000000000, -1.00000000000000 ) );
#2317 = DIRECTION( '', ( -1.00000000000000, 0.000000000000000, 0.000000000000000 ) );
#2318 = SURFACE_STYLE_FILL_AREA( #3216 );
#2319 = ORIENTED_EDGE( '', *, *, #2859, .T. );
#2320 = ORIENTED_EDGE( '', *, *, #2856, .F. );
#2321 = ORIENTED_EDGE( '', *, *, #3168, .F. );
#2322 = ORIENTED_EDGE( '', *, *, #3107, .F. );
#2323 = CARTESIAN_POINT( '', ( -4.07500000000000, 4.37500000000000, -3.50000000000000 ) );
#2324 = DIRECTION( '', ( -0.707106781186548, -1.08551746313866E-015, -0.707106781186548 ) );
#2325 = DIRECTION( '', ( -0.707106781186548, 0.000000000000000, 0.707106781186548 ) );
#2326 = SURFACE_STYLE_FILL_AREA( #3217 );
#2327 = ORIENTED_EDGE( '', *, *, #3218, .F. );
#2328 = ORIENTED_EDGE( '', *, *, #3219, .T. );
#2329 = ORIENTED_EDGE( '', *, *, #2984, .T. );
#2330 = ORIENTED_EDGE( '', *, *, #3220, .T. );
#2331 = CARTESIAN_POINT( '', ( -1.83500000000000, -1.83500000000000, -3.50000000000000 ) );
#2332 = DIRECTION( '', ( 1.00000000000000, 1.53515351856353E-015, 0.000000000000000 ) );
#2333 = DIRECTION( '', ( -1.53515351856353E-015, 1.00000000000000, 0.000000000000000 ) );
#2334 = SURFACE_STYLE_FILL_AREA( #3221 );
#2335 = ORIENTED_EDGE( '', *, *, #3130, .T. );
#2336 = ORIENTED_EDGE( '', *, *, #3132, .T. );
#2337 = ORIENTED_EDGE( '', *, *, #3055, .T. );
#2338 = ORIENTED_EDGE( '', *, *, #3091, .T. );
#2339 = CARTESIAN_POINT( '', ( -1.83500000000000, -3.24500000000000, -3.50000000000000 ) );
#2340 = DIRECTION( '', ( 0.000000000000000, 0.000000000000000, -1.00000000000000 ) );
#2341 = DIRECTION( '', ( -1.00000000000000, 0.000000000000000, 0.000000000000000 ) );
#2342 = SURFACE_STYLE_FILL_AREA( #3222 );
#2343 = ORIENTED_EDGE( '', *, *, #3223, .T. );
#2344 = ORIENTED_EDGE( '', *, *, #3224, .F. );
#2345 = ORIENTED_EDGE( '', *, *, #3119, .F. );
#2346 = ORIENTED_EDGE( '', *, *, #3173, .F. );
#2347 = CARTESIAN_POINT( '', ( 3.54500000000000, 1.83500000000000, -3.50000000000000 ) );
#2348 = DIRECTION( '', ( -0.707106781186548, -1.08551746313866E-015, -0.707106781186548 ) );
#2349 = DIRECTION( '', ( -0.707106781186548, 0.000000000000000, 0.707106781186548 ) );
#2350 = SURFACE_STYLE_FILL_AREA( #3225 );
#2351 = ORIENTED_EDGE( '', *, *, #2986, .F. );
#2352 = ORIENTED_EDGE( '', *, *, #3226, .T. );
#2353 = ORIENTED_EDGE( '', *, *, #3227, .T. );
#2354 = ORIENTED_EDGE( '', *, *, #3228, .T. );
#2355 = CARTESIAN_POINT( '', ( -0.705000000000000, -0.705000000000000, -3.50000000000000 ) );
#2356 = DIRECTION( '', ( -1.00000000000000, -1.53515351856355E-015, 0.000000000000000 ) );
#2357 = DIRECTION( '', ( 1.53515351856355E-015, -1.00000000000000, 0.000000000000000 ) );
#2358 = SURFACE_STYLE_FILL_AREA( #3229 );
#2359 = ORIENTED_EDGE( '', *, *, #3043, .F. );
#2360 = VERTEX_POINT( '', #3230 );
#2361 = CARTESIAN_POINT( '', ( 0.000000000000000, 0.000000000000000, 1.97721583187926 ) );
#2362 = DIRECTION( '', ( -0.000000000000000, -0.000000000000000, 1.00000000000000 ) );
#2363 = DIRECTION( '', ( 0.000000000000000, 1.00000000000000, 0.000000000000000 ) );
#2364 = SURFACE_STYLE_FILL_AREA( #3231 );
#2365 = ORIENTED_EDGE( '', *, *, #3232, .F. );
#2366 = ORIENTED_EDGE( '', *, *, #3071, .F. );
#2367 = ORIENTED_EDGE( '', *, *, #3008, .F. );
#2368 = CARTESIAN_POINT( '', ( 0.000000000000000, 0.000000000000000, 10.5000000000000 ) );
#2369 = DIRECTION( '', ( -0.000000000000000, 0.000000000000000, -1.00000000000000 ) );
#2370 = DIRECTION( '', ( -1.00000000000000, 0.000000000000000, 0.000000000000000 ) );
#2371 = SURFACE_STYLE_FILL_AREA( #3233 );
#2372 = ORIENTED_EDGE( '', *, *, #3202, .T. );
#2373 = ORIENTED_EDGE( '', *, *, #3164, .F. );
#2374 = ORIENTED_EDGE( '', *, *, #2902, .F. );
#2375 = ORIENTED_EDGE( '', *, *, #3098, .F. );
#2376 = CARTESIAN_POINT( '', ( 1.53500000000000, -3.24500000000000, -3.50000000000000 ) );
#2377 = DIRECTION( '', ( 0.707106781186548, 1.08551746313867E-015, -0.707106781186548 ) );
#2378 = DIRECTION( '', ( -0.707106781186548, 0.000000000000000, -0.707106781186548 ) );
#2379 = SURFACE_STYLE_FILL_AREA( #3234 );
#2380 = ORIENTED_EDGE( '', *, *, #3235, .T. );
#2381 = ORIENTED_EDGE( '', *, *, #3034, .T. );
#2382 = ORIENTED_EDGE( '', *, *, #2835, .T. );
#2383 = ORIENTED_EDGE( '', *, *, #3135, .T. );
#2384 = CARTESIAN_POINT( '', ( 3.24500000000000, -3.24500000000000, -3.50000000000000 ) );
#2385 = DIRECTION( '', ( 0.000000000000000, 0.000000000000000, -1.00000000000000 ) );
#2386 = DIRECTION( '', ( -1.00000000000000, 0.000000000000000, 0.000000000000000 ) );
#2387 = SURFACE_STYLE_FILL_AREA( #3236 );
#2388 = ORIENTED_EDGE( '', *, *, #3065, .T. );
#2389 = ORIENTED_EDGE( '', *, *, #2943, .F. );
#2390 = ORIENTED_EDGE( '', *, *, #3182, .T. );
#2391 = ORIENTED_EDGE( '', *, *, #3237, .F. );
#2392 = CARTESIAN_POINT( '', ( -1.83500000000000, 3.54500000000000, -3.50000000000000 ) );
#2393 = DIRECTION( '', ( 2.17103492627735E-015, -0.707106781186548, -0.707106781186548 ) );
#2394 = DIRECTION( '', ( 0.000000000000000, 0.707106781186548, -0.707106781186548 ) );
#2395 = SURFACE_STYLE_FILL_AREA( #3238 );
#2396 = ORIENTED_EDGE( '', *, *, #2935, .T. );
#2397 = ORIENTED_EDGE( '', *, *, #3239, .T. );
#2398 = ORIENTED_EDGE( '', *, *, #2850, .T. );
#2399 = ORIENTED_EDGE( '', *, *, #3123, .T. );
#2400 = CARTESIAN_POINT( '', ( 0.705000000000000, -0.705000000000000, -3.50000000000000 ) );
#2401 = DIRECTION( '', ( 0.000000000000000, 0.000000000000000, -1.00000000000000 ) );
#2402 = DIRECTION( '', ( -1.00000000000000, 0.000000000000000, 0.000000000000000 ) );
#2403 = SURFACE_STYLE_FILL_AREA( #3240 );
#2404 = ORIENTED_EDGE( '', *, *, #3195, .F. );
#2405 = ORIENTED_EDGE( '', *, *, #3241, .F. );
#2406 = ORIENTED_EDGE( '', *, *, #3017, .F. );
#2407 = ORIENTED_EDGE( '', *, *, #3171, .F. );
#2408 = CARTESIAN_POINT( '', ( 0.705000000000000, 1.53500000000000, -3.50000000000000 ) );
#2409 = DIRECTION( '', ( 4.61344921833937E-015, 0.707106781186548, -0.707106781186547 ) );
#2410 = DIRECTION( '', ( 0.000000000000000, 0.707106781186547, 0.707106781186548 ) );
#2411 = SURFACE_STYLE_FILL_AREA( #3242 );
#2412 = ORIENTED_EDGE( '', *, *, #2940, .T. );
#2413 = ORIENTED_EDGE( '', *, *, #3120, .T. );
#2414 = ORIENTED_EDGE( '', *, *, #3224, .T. );
#2415 = ORIENTED_EDGE( '', *, *, #3243, .T. );
#2416 = CARTESIAN_POINT( '', ( 3.24500000000000, 1.83500000000000, -3.50000000000000 ) );
#2417 = DIRECTION( '', ( 0.000000000000000, 0.000000000000000, -1.00000000000000 ) );
#2418 = DIRECTION( '', ( -1.00000000000000, 0.000000000000000, 0.000000000000000 ) );
#2419 = SURFACE_STYLE_FILL_AREA( #3244 );
#2420 = ORIENTED_EDGE( '', *, *, #2981, .T. );
#2421 = ORIENTED_EDGE( '', *, *, #3245, .F. );
#2422 = ORIENTED_EDGE( '', *, *, #3246, .T. );
#2423 = ORIENTED_EDGE( '', *, *, #3021, .F. );
#2424 = CARTESIAN_POINT( '', ( 3.24500000000000, -1.53500000000000, -3.50000000000000 ) );
#2425 = DIRECTION( '', ( 2.17103492627735E-015, -0.707106781186548, -0.707106781186548 ) );
#2426 = DIRECTION( '', ( 0.000000000000000, 0.707106781186548, -0.707106781186548 ) );
#2427 = SURFACE_STYLE_FILL_AREA( #3247 );
#2428 = ORIENTED_EDGE( '', *, *, #2977, .F. );
#2429 = ORIENTED_EDGE( '', *, *, #3248, .T. );
#2430 = ORIENTED_EDGE( '', *, *, #2970, .T. );
#2431 = ORIENTED_EDGE( '', *, *, #3249, .T. );
#2432 = CARTESIAN_POINT( '', ( 4.37500000000000, -3.24500000000000, -3.50000000000000 ) );
#2433 = DIRECTION( '', ( -1.00000000000000, -1.53515351856355E-015, 0.000000000000000 ) );
#2434 = DIRECTION( '', ( 1.53515351856355E-015, -1.00000000000000, 0.000000000000000 ) );
#2435 = SURFACE_STYLE_FILL_AREA( #3250 );
#2436 = ORIENTED_EDGE( '', *, *, #3078, .F. );
#2437 = ORIENTED_EDGE( '', *, *, #3177, .T. );
#2438 = ORIENTED_EDGE( '', *, *, #3251, .T. );
#2439 = ORIENTED_EDGE( '', *, *, #3252, .T. );
#2440 = CARTESIAN_POINT( '', ( -4.37500000000000, -0.705000000000000, -3.50000000000000 ) );
#2441 = DIRECTION( '', ( -6.52440245389509E-015, -1.00000000000000, 0.000000000000000 ) );
#2442 = DIRECTION( '', ( 1.00000000000000, -6.52440245389509E-015, 0.000000000000000 ) );
#2443 = SURFACE_STYLE_FILL_AREA( #3253 );
#2444 = ORIENTED_EDGE( '', *, *, #3254, .F. );
#2445 = ORIENTED_EDGE( '', *, *, #3029, .T. );
#2446 = ORIENTED_EDGE( '', *, *, #2867, .T. );
#2447 = ORIENTED_EDGE( '', *, *, #3255, .T. );
#2448 = CARTESIAN_POINT( '', ( -3.24500000000000, 1.83500000000000, -3.50000000000000 ) );
#2449 = DIRECTION( '', ( -1.00000000000000, -1.53515351856355E-015, 0.000000000000000 ) );
#2450 = DIRECTION( '', ( 1.53515351856355E-015, -1.00000000000000, 0.000000000000000 ) );
#2451 = SURFACE_STYLE_FILL_AREA( #3256 );
#2452 = ORIENTED_EDGE( '', *, *, #3206, .T. );
#2453 = ORIENTED_EDGE( '', *, *, #3226, .F. );
#2454 = ORIENTED_EDGE( '', *, *, #3257, .F. );
#2455 = ORIENTED_EDGE( '', *, *, #3213, .F. );
#2456 = CARTESIAN_POINT( '', ( -1.00500000000000, -0.704999999999991, -3.50000000000000 ) );
#2457 = DIRECTION( '', ( 0.707106781186548, 1.08551746313867E-015, -0.707106781186548 ) );
#2458 = DIRECTION( '', ( -0.707106781186548, 0.000000000000000, -0.707106781186548 ) );
#2459 = SURFACE_STYLE_FILL_AREA( #3258 );
#2460 = ORIENTED_EDGE( '', *, *, #2960, .T. );
#2461 = ORIENTED_EDGE( '', *, *, #3259, .F. );
#2462 = ORIENTED_EDGE( '', *, *, #3014, .F. );
#2463 = ORIENTED_EDGE( '', *, *, #3209, .F. );
#2464 = CARTESIAN_POINT( '', ( -1.53500000000000, 1.83500000000000, -3.50000000000000 ) );
#2465 = DIRECTION( '', ( -0.707106781186548, -1.08551746313866E-015, -0.707106781186548 ) );
#2466 = DIRECTION( '', ( -0.707106781186548, 0.000000000000000, 0.707106781186548 ) );
#2467 = SURFACE_STYLE_FILL_AREA( #3260 );
#2468 = ORIENTED_EDGE( '', *, *, #3190, .F. );
#2469 = ORIENTED_EDGE( '', *, *, #3144, .F. );
#2470 = ORIENTED_EDGE( '', *, *, #2889, .F. );
#2471 = ORIENTED_EDGE( '', *, *, #2928, .F. );
#2472 = ORIENTED_EDGE( '', *, *, #3174, .F. );
#2473 = ORIENTED_EDGE( '', *, *, #2900, .F. );
#2474 = ORIENTED_EDGE( '', *, *, #3261, .F. );
#2475 = ORIENTED_EDGE( '', *, *, #3084, .F. );
#2476 = ORIENTED_EDGE( '', *, *, #3262, .F. );
#2477 = ORIENTED_EDGE( '', *, *, #3263, .F. );
#2478 = ORIENTED_EDGE( '', *, *, #2915, .F. );
#2479 = ORIENTED_EDGE( '', *, *, #3002, .F. );
#2480 = ORIENTED_EDGE( '', *, *, #2989, .F. );
#2481 = ORIENTED_EDGE( '', *, *, #2978, .F. );
#2482 = ORIENTED_EDGE( '', *, *, #3249, .F. );
#2483 = ORIENTED_EDGE( '', *, *, #2973, .F. );
#2484 = ORIENTED_EDGE( '', *, *, #3264, .F. );
#2485 = ORIENTED_EDGE( '', *, *, #3186, .F. );
#2486 = ORIENTED_EDGE( '', *, *, #3148, .F. );
#2487 = ORIENTED_EDGE( '', *, *, #3265, .F. );
#2488 = ORIENTED_EDGE( '', *, *, #3266, .F. );
#2489 = ORIENTED_EDGE( '', *, *, #3267, .F. );
#2490 = ORIENTED_EDGE( '', *, *, #3268, .F. );
#2491 = ORIENTED_EDGE( '', *, *, #3269, .F. );
#2492 = ORIENTED_EDGE( '', *, *, #3138, .F. );
#2493 = ORIENTED_EDGE( '', *, *, #2875, .F. );
#2494 = ORIENTED_EDGE( '', *, *, #2879, .F. );
#2495 = ORIENTED_EDGE( '', *, *, #3270, .F. );
#2496 = ORIENTED_EDGE( '', *, *, #3271, .F. );
#2497 = ORIENTED_EDGE( '', *, *, #2998, .F. );
#2498 = ORIENTED_EDGE( '', *, *, #3165, .F. );
#2499 = ORIENTED_EDGE( '', *, *, #2910, .F. );
#2500 = ORIENTED_EDGE( '', *, *, #3154, .F. );
#2501 = ORIENTED_EDGE( '', *, *, #2945, .F. );
#2502 = ORIENTED_EDGE( '', *, *, #3272, .F. );
#2503 = ORIENTED_EDGE( '', *, *, #3115, .F. );
#2504 = ORIENTED_EDGE( '', *, *, #3211, .F. );
#2505 = ORIENTED_EDGE( '', *, *, #3273, .F. );
#2506 = ORIENTED_EDGE( '', *, *, #3104, .F. );
#2507 = ORIENTED_EDGE( '', *, *, #3088, .F. );
#2508 = ORIENTED_EDGE( '', *, *, #3220, .F. );
#2509 = ORIENTED_EDGE( '', *, *, #2987, .F. );
#2510 = ORIENTED_EDGE( '', *, *, #3228, .F. );
#2511 = ORIENTED_EDGE( '', *, *, #3274, .F. );
#2512 = ORIENTED_EDGE( '', *, *, #3038, .F. );
#2513 = ORIENTED_EDGE( '', *, *, #3048, .F. );
#2514 = ORIENTED_EDGE( '', *, *, #3275, .F. );
#2515 = ORIENTED_EDGE( '', *, *, #2994, .F. );
#2516 = ORIENTED_EDGE( '', *, *, #3109, .F. );
#2517 = ORIENTED_EDGE( '', *, *, #3126, .F. );
#2518 = ORIENTED_EDGE( '', *, *, #3096, .F. );
#2519 = ORIENTED_EDGE( '', *, *, #3276, .F. );
#2520 = ORIENTED_EDGE( '', *, *, #2949, .F. );
#2521 = ORIENTED_EDGE( '', *, *, #3277, .F. );
#2522 = ORIENTED_EDGE( '', *, *, #3255, .F. );
#2523 = ORIENTED_EDGE( '', *, *, #2870, .F. );
#2524 = ORIENTED_EDGE( '', *, *, #3278, .F. );
#2525 = ORIENTED_EDGE( '', *, *, #3279, .F. );
#2526 = ORIENTED_EDGE( '', *, *, #3079, .F. );
#2527 = ORIENTED_EDGE( '', *, *, #3252, .F. );
#2528 = ORIENTED_EDGE( '', *, *, #3074, .F. );
#2529 = ORIENTED_EDGE( '', *, *, #3193, .F. );
#2530 = ORIENTED_EDGE( '', *, *, #2895, .F. );
#2531 = ORIENTED_EDGE( '', *, *, #3010, .F. );
#2532 = ORIENTED_EDGE( '', *, *, #3069, .F. );
#2533 = ORIENTED_EDGE( '', *, *, #3117, .F. );
#2534 = ORIENTED_EDGE( '', *, *, #3027, .F. );
#2535 = ORIENTED_EDGE( '', *, *, #2968, .F. );
#2536 = CARTESIAN_POINT( '', ( -5.00000000000000, -5.00000000000000, 0.000000000000000 ) );
#2537 = DIRECTION( '', ( 0.000000000000000, 0.000000000000000, 1.00000000000000 ) );
#2538 = DIRECTION( '', ( 1.00000000000000, 0.000000000000000, 0.000000000000000 ) );
#2539 = SURFACE_STYLE_FILL_AREA( #3280 );
#2540 = ORIENTED_EDGE( '', *, *, #2878, .F. );
#2541 = ORIENTED_EDGE( '', *, *, #3122, .T. );
#2542 = ORIENTED_EDGE( '', *, *, #3137, .T. );
#2543 = ORIENTED_EDGE( '', *, *, #3270, .T. );
#2544 = CARTESIAN_POINT( '', ( 0.705000000000000, -0.705000000000000, -3.50000000000000 ) );
#2545 = DIRECTION( '', ( -6.52440245389509E-015, -1.00000000000000, 0.000000000000000 ) );
#2546 = DIRECTION( '', ( 1.00000000000000, -6.52440245389509E-015, 0.000000000000000 ) );
#2547 = SURFACE_STYLE_FILL_AREA( #3281 );
#2548 = ORIENTED_EDGE( '', *, *, #3282, .F. );
#2549 = ORIENTED_EDGE( '', *, *, #3018, .T. );
#2550 = ORIENTED_EDGE( '', *, *, #3283, .T. );
#2551 = ORIENTED_EDGE( '', *, *, #3268, .T. );
#2552 = CARTESIAN_POINT( '', ( 1.83500000000000, 1.83500000000000, -3.50000000000000 ) );
#2553 = DIRECTION( '', ( -1.00000000000000, -1.53515351856355E-015, 0.000000000000000 ) );
#2554 = DIRECTION( '', ( 1.53515351856355E-015, -1.00000000000000, 0.000000000000000 ) );
#2555 = SURFACE_STYLE_FILL_AREA( #3284 );
#2556 = ORIENTED_EDGE( '', *, *, #3285, .F. );
#2557 = ORIENTED_EDGE( '', *, *, #3162, .T. );
#2558 = ORIENTED_EDGE( '', *, *, #3185, .T. );
#2559 = ORIENTED_EDGE( '', *, *, #3264, .T. );
#2560 = CARTESIAN_POINT( '', ( 0.705000000000000, 3.24500000000000, -3.50000000000000 ) );
#2561 = DIRECTION( '', ( 1.00000000000000, 1.53515351856353E-015, 0.000000000000000 ) );
#2562 = DIRECTION( '', ( -1.53515351856353E-015, 1.00000000000000, 0.000000000000000 ) );
#2563 = SURFACE_STYLE_FILL_AREA( #3286 );
#2564 = ORIENTED_EDGE( '', *, *, #3287, .F. );
#2565 = ORIENTED_EDGE( '', *, *, #2882, .T. );
#2566 = ORIENTED_EDGE( '', *, *, #3282, .T. );
#2567 = ORIENTED_EDGE( '', *, *, #3267, .T. );
#2568 = CARTESIAN_POINT( '', ( 1.83500000000000, 0.705000000000000, -3.50000000000000 ) );
#2569 = DIRECTION( '', ( -3.07030703712710E-015, 1.00000000000000, 0.000000000000000 ) );
#2570 = DIRECTION( '', ( -1.00000000000000, -3.07030703712710E-015, 0.000000000000000 ) );
#2571 = SURFACE_STYLE_FILL_AREA( #3288 );
#2572 = ORIENTED_EDGE( '', *, *, #3134, .T. );
#2573 = ORIENTED_EDGE( '', *, *, #3248, .F. );
#2574 = ORIENTED_EDGE( '', *, *, #3033, .F. );
#2575 = ORIENTED_EDGE( '', *, *, #3235, .F. );
#2576 = CARTESIAN_POINT( '', ( 4.07500000000000, -3.24500000000000, -3.50000000000000 ) );
#2577 = DIRECTION( '', ( 0.707106781186548, 1.08551746313867E-015, -0.707106781186548 ) );
#2578 = DIRECTION( '', ( -0.707106781186548, 0.000000000000000, -0.707106781186548 ) );
#2579 = SURFACE_STYLE_FILL_AREA( #3289 );
#2580 = ORIENTED_EDGE( '', *, *, #2934, .T. );
#2581 = ORIENTED_EDGE( '', *, *, #2873, .F. );
#2582 = ORIENTED_EDGE( '', *, *, #2851, .T. );
#2583 = ORIENTED_EDGE( '', *, *, #3239, .F. );
#2584 = CARTESIAN_POINT( '', ( 0.705000000000000, -1.53500000000000, -3.50000000000000 ) );
#2585 = DIRECTION( '', ( 2.17103492627735E-015, -0.707106781186548, -0.707106781186548 ) );
#2586 = DIRECTION( '', ( 0.000000000000000, 0.707106781186548, -0.707106781186548 ) );
#2587 = SURFACE_STYLE_FILL_AREA( #3290 );
#2588 = ORIENTED_EDGE( '', *, *, #3291, .T. );
#2589 = ORIENTED_EDGE( '', *, *, #3292, .T. );
#2590 = ORIENTED_EDGE( '', *, *, #3293, .T. );
#2591 = ORIENTED_EDGE( '', *, *, #3179, .T. );
#2592 = CARTESIAN_POINT( '', ( -4.37500000000000, -0.705000000000000, -3.50000000000000 ) );
#2593 = DIRECTION( '', ( 0.000000000000000, 0.000000000000000, -1.00000000000000 ) );
#2594 = DIRECTION( '', ( -1.00000000000000, 0.000000000000000, 0.000000000000000 ) );
#2595 = SURFACE_STYLE_FILL_AREA( #3294 );
#2596 = ORIENTED_EDGE( '', *, *, #3223, .F. );
#2597 = ORIENTED_EDGE( '', *, *, #3082, .F. );
#2598 = ORIENTED_EDGE( '', *, *, #2937, .F. );
#2599 = ORIENTED_EDGE( '', *, *, #3243, .F. );
#2600 = CARTESIAN_POINT( '', ( 3.24500000000000, 1.53500000000000, -3.50000000000000 ) );
#2601 = DIRECTION( '', ( 4.61344921833937E-015, 0.707106781186548, -0.707106781186547 ) );
#2602 = DIRECTION( '', ( 0.000000000000000, 0.707106781186547, 0.707106781186548 ) );
#2603 = SURFACE_STYLE_FILL_AREA( #3295 );
#2604 = ORIENTED_EDGE( '', *, *, #3147, .F. );
#2605 = ORIENTED_EDGE( '', *, *, #3188, .T. );
#2606 = ORIENTED_EDGE( '', *, *, #3285, .T. );
#2607 = ORIENTED_EDGE( '', *, *, #3265, .T. );
#2608 = CARTESIAN_POINT( '', ( 0.705000000000000, 4.37500000000000, -3.50000000000000 ) );
#2609 = DIRECTION( '', ( -6.52440245389509E-015, -1.00000000000000, 0.000000000000000 ) );
#2610 = DIRECTION( '', ( 1.00000000000000, -6.52440245389509E-015, 0.000000000000000 ) );
#2611 = SURFACE_STYLE_FILL_AREA( #3296 );
#2612 = ORIENTED_EDGE( '', *, *, #3297, .T. );
#2613 = ORIENTED_EDGE( '', *, *, #3298, .F. );
#2614 = ORIENTED_EDGE( '', *, *, #3299, .T. );
#2615 = ORIENTED_EDGE( '', *, *, #3292, .F. );
#2616 = CARTESIAN_POINT( '', ( -4.37500000000000, -1.53500000000000, -3.50000000000000 ) );
#2617 = DIRECTION( '', ( 2.17103492627735E-015, -0.707106781186548, -0.707106781186548 ) );
#2618 = DIRECTION( '', ( 0.000000000000000, 0.707106781186548, -0.707106781186548 ) );
#2619 = SURFACE_STYLE_FILL_AREA( #3300 );
#2620 = ORIENTED_EDGE( '', *, *, #3283, .F. );
#2621 = ORIENTED_EDGE( '', *, *, #3241, .T. );
#2622 = ORIENTED_EDGE( '', *, *, #3301, .T. );
#2623 = ORIENTED_EDGE( '', *, *, #3269, .T. );
#2624 = CARTESIAN_POINT( '', ( 0.705000000000000, 1.83500000000000, -3.50000000000000 ) );
#2625 = DIRECTION( '', ( -6.52440245389509E-015, -1.00000000000000, 0.000000000000000 ) );
#2626 = DIRECTION( '', ( 1.00000000000000, -6.52440245389509E-015, 0.000000000000000 ) );
#2627 = SURFACE_STYLE_FILL_AREA( #3302 );
#2628 = ORIENTED_EDGE( '', *, *, #3204, .T. );
#2629 = ORIENTED_EDGE( '', *, *, #3215, .F. );
#2630 = ORIENTED_EDGE( '', *, *, #3303, .F. );
#2631 = ORIENTED_EDGE( '', *, *, #3219, .F. );
#2632 = CARTESIAN_POINT( '', ( -1.53500000000000, -0.704999999999992, -3.50000000000000 ) );
#2633 = DIRECTION( '', ( -0.707106781186548, -1.08551746313866E-015, -0.707106781186548 ) );
#2634 = DIRECTION( '', ( -0.707106781186548, 0.000000000000000, 0.707106781186548 ) );
#2635 = SURFACE_STYLE_FILL_AREA( #3304 );
#2636 = ORIENTED_EDGE( '', *, *, #3251, .F. );
#2637 = ORIENTED_EDGE( '', *, *, #3305, .T. );
#2638 = ORIENTED_EDGE( '', *, *, #3306, .T. );
#2639 = ORIENTED_EDGE( '', *, *, #3278, .T. );
#2640 = CARTESIAN_POINT( '', ( -4.37500000000000, -1.83500000000000, -3.50000000000000 ) );
#2641 = DIRECTION( '', ( 1.00000000000000, 1.53515351856353E-015, 0.000000000000000 ) );
#2642 = DIRECTION( '', ( -1.53515351856353E-015, 1.00000000000000, 0.000000000000000 ) );
#2643 = SURFACE_STYLE_FILL_AREA( #3307 );
#2644 = ORIENTED_EDGE( '', *, *, #3301, .F. );
#2645 = ORIENTED_EDGE( '', *, *, #3196, .T. );
#2646 = ORIENTED_EDGE( '', *, *, #3287, .T. );
#2647 = ORIENTED_EDGE( '', *, *, #3266, .T. );
#2648 = CARTESIAN_POINT( '', ( 0.705000000000000, 0.705000000000000, -3.50000000000000 ) );
#2649 = DIRECTION( '', ( 1.00000000000000, 1.53515351856353E-015, 0.000000000000000 ) );
#2650 = DIRECTION( '', ( -1.53515351856353E-015, 1.00000000000000, 0.000000000000000 ) );
#2651 = SURFACE_STYLE_FILL_AREA( #3308 );
#2652 = ORIENTED_EDGE( '', *, *, #3159, .T. );
#2653 = ORIENTED_EDGE( '', *, *, #3022, .F. );
#2654 = ORIENTED_EDGE( '', *, *, #3246, .F. );
#2655 = ORIENTED_EDGE( '', *, *, #3309, .F. );
#2656 = CARTESIAN_POINT( '', ( 3.54500000000000, -0.704999999999992, -3.50000000000000 ) );
#2657 = DIRECTION( '', ( -0.707106781186548, -1.08551746313866E-015, -0.707106781186548 ) );
#2658 = DIRECTION( '', ( -0.707106781186548, 0.000000000000000, 0.707106781186548 ) );
#2659 = SURFACE_STYLE_FILL_AREA( #3310 );
#2660 = ORIENTED_EDGE( '', *, *, #3201, .T. );
#2661 = ORIENTED_EDGE( '', *, *, #3099, .F. );
#2662 = ORIENTED_EDGE( '', *, *, #2904, .F. );
#2663 = ORIENTED_EDGE( '', *, *, #3311, .F. );
#2664 = CARTESIAN_POINT( '', ( 1.00500000000000, -3.24500000000000, -3.50000000000000 ) );
#2665 = DIRECTION( '', ( -0.707106781186548, -1.08551746313866E-015, -0.707106781186548 ) );
#2666 = DIRECTION( '', ( -0.707106781186548, 0.000000000000000, 0.707106781186548 ) );
#2667 = SURFACE_STYLE_FILL_AREA( #3312 );
#2668 = ORIENTED_EDGE( '', *, *, #3156, .T. );
#2669 = ORIENTED_EDGE( '', *, *, #3044, .F. );
#2670 = CARTESIAN_POINT( '', ( 0.000000000000000, 0.000000000000000, 10.5000000000000 ) );
#2671 = DIRECTION( '', ( -0.000000000000000, -0.000000000000000, 1.00000000000000 ) );
#2672 = DIRECTION( '', ( 0.000000000000000, -1.00000000000000, 0.000000000000000 ) );
#2673 = SURFACE_STYLE_FILL_AREA( #3313 );
#2674 = ORIENTED_EDGE( '', *, *, #3047, .F. );
#2675 = ORIENTED_EDGE( '', *, *, #3128, .T. );
#2676 = ORIENTED_EDGE( '', *, *, #2991, .T. );
#2677 = ORIENTED_EDGE( '', *, *, #3275, .T. );
#2678 = CARTESIAN_POINT( '', ( -0.705000000000000, -3.24500000000000, -3.50000000000000 ) );
#2679 = DIRECTION( '', ( -1.00000000000000, -1.53515351856355E-015, 0.000000000000000 ) );
#2680 = DIRECTION( '', ( 1.53515351856355E-015, -1.00000000000000, 0.000000000000000 ) );
#2681 = SURFACE_STYLE_FILL_AREA( #3314 );
#2682 = ORIENTED_EDGE( '', *, *, #3227, .F. );
#2683 = ORIENTED_EDGE( '', *, *, #3205, .T. );
#2684 = ORIENTED_EDGE( '', *, *, #3218, .T. );
#2685 = ORIENTED_EDGE( '', *, *, #3274, .T. );
#2686 = CARTESIAN_POINT( '', ( -1.83500000000000, -0.705000000000000, -3.50000000000000 ) );
#2687 = DIRECTION( '', ( -6.52440245389509E-015, -1.00000000000000, 0.000000000000000 ) );
#2688 = DIRECTION( '', ( 1.00000000000000, -6.52440245389509E-015, 0.000000000000000 ) );
#2689 = SURFACE_STYLE_FILL_AREA( #3315 );
#2690 = ORIENTED_EDGE( '', *, *, #3316, .T. );
#2691 = ORIENTED_EDGE( '', *, *, #3015, .T. );
#2692 = ORIENTED_EDGE( '', *, *, #3259, .T. );
#2693 = ORIENTED_EDGE( '', *, *, #2963, .T. );
#2694 = CARTESIAN_POINT( '', ( -1.83500000000000, 1.83500000000000, -3.50000000000000 ) );
#2695 = DIRECTION( '', ( 0.000000000000000, 0.000000000000000, -1.00000000000000 ) );
#2696 = DIRECTION( '', ( -1.00000000000000, 0.000000000000000, 0.000000000000000 ) );
#2697 = SURFACE_STYLE_FILL_AREA( #3317 );
#2698 = ORIENTED_EDGE( '', *, *, #3001, .F. );
#2699 = ORIENTED_EDGE( '', *, *, #3309, .T. );
#2700 = ORIENTED_EDGE( '', *, *, #3318, .T. );
#2701 = ORIENTED_EDGE( '', *, *, #3262, .T. );
#2702 = CARTESIAN_POINT( '', ( 3.24500000000000, -1.83500000000000, -3.50000000000000 ) );
#2703 = DIRECTION( '', ( 1.00000000000000, 1.53515351856353E-015, 0.000000000000000 ) );
#2704 = DIRECTION( '', ( -1.53515351856353E-015, 1.00000000000000, 0.000000000000000 ) );
#2705 = SURFACE_STYLE_FILL_AREA( #3319 );
#2706 = ORIENTED_EDGE( '', *, *, #3192, .F. );
#2707 = ORIENTED_EDGE( '', *, *, #3320, .F. );
#2708 = ORIENTED_EDGE( '', *, *, #2892, .F. );
#2709 = CARTESIAN_POINT( '', ( 0.000000000000000, 0.000000000000000, 10.5000000000000 ) );
#2710 = DIRECTION( '', ( -0.000000000000000, 0.000000000000000, -1.00000000000000 ) );
#2711 = DIRECTION( '', ( -1.00000000000000, 0.000000000000000, 0.000000000000000 ) );
#2712 = SURFACE_STYLE_FILL_AREA( #3321 );
#2713 = ORIENTED_EDGE( '', *, *, #2909, .F. );
#2714 = ORIENTED_EDGE( '', *, *, #3311, .T. );
#2715 = ORIENTED_EDGE( '', *, *, #2996, .T. );
#2716 = ORIENTED_EDGE( '', *, *, #3271, .T. );
#2717 = CARTESIAN_POINT( '', ( 0.705000000000000, -4.37500000000000, -3.50000000000000 ) );
#2718 = DIRECTION( '', ( 1.00000000000000, 1.53515351856353E-015, 0.000000000000000 ) );
#2719 = DIRECTION( '', ( -1.53515351856353E-015, 1.00000000000000, 0.000000000000000 ) );
#2720 = SURFACE_STYLE_FILL_AREA( #3322 );
#2721 = ORIENTED_EDGE( '', *, *, #3257, .T. );
#2722 = ORIENTED_EDGE( '', *, *, #2985, .F. );
#2723 = ORIENTED_EDGE( '', *, *, #3303, .T. );
#2724 = ORIENTED_EDGE( '', *, *, #3214, .F. );
#2725 = CARTESIAN_POINT( '', ( -1.83500000000000, -1.53500000000000, -3.50000000000000 ) );
#2726 = DIRECTION( '', ( 2.17103492627735E-015, -0.707106781186548, -0.707106781186548 ) );
#2727 = DIRECTION( '', ( 0.000000000000000, 0.707106781186548, -0.707106781186548 ) );
#2728 = SURFACE_STYLE_FILL_AREA( #3323 );
#2729 = ORIENTED_EDGE( '', *, *, #3066, .T. );
#2730 = ORIENTED_EDGE( '', *, *, #3237, .T. );
#2731 = ORIENTED_EDGE( '', *, *, #3181, .T. );
#2732 = ORIENTED_EDGE( '', *, *, #2954, .T. );
#2733 = CARTESIAN_POINT( '', ( -1.83500000000000, 4.37500000000000, -3.50000000000000 ) );
#2734 = DIRECTION( '', ( 0.000000000000000, 0.000000000000000, -1.00000000000000 ) );
#2735 = DIRECTION( '', ( -1.00000000000000, 0.000000000000000, 0.000000000000000 ) );
#2736 = SURFACE_STYLE_FILL_AREA( #3324 );
#2737 = ORIENTED_EDGE( '', *, *, #2944, .F. );
#2738 = ORIENTED_EDGE( '', *, *, #3064, .T. );
#2739 = ORIENTED_EDGE( '', *, *, #3113, .T. );
#2740 = ORIENTED_EDGE( '', *, *, #3272, .T. );
#2741 = CARTESIAN_POINT( '', ( -0.705000000000000, 4.37500000000000, -3.50000000000000 ) );
#2742 = DIRECTION( '', ( -1.00000000000000, -1.53515351856355E-015, 0.000000000000000 ) );
#2743 = DIRECTION( '', ( 1.53515351856355E-015, -1.00000000000000, 0.000000000000000 ) );
#2744 = SURFACE_STYLE_FILL_AREA( #3325 );
#2745 = ORIENTED_EDGE( '', *, *, #3061, .F. );
#2746 = ORIENTED_EDGE( '', *, *, #2966, .F. );
#2747 = ORIENTED_EDGE( '', *, *, #3111, .F. );
#2748 = ORIENTED_EDGE( '', *, *, #2865, .F. );
#2749 = CARTESIAN_POINT( '', ( -4.37500000000000, -3.54500000000000, -3.50000000000000 ) );
#2750 = DIRECTION( '', ( 4.61344921833937E-015, 0.707106781186548, -0.707106781186547 ) );
#2751 = DIRECTION( '', ( 0.000000000000000, 0.707106781186547, 0.707106781186548 ) );
#2752 = SURFACE_STYLE_FILL_AREA( #3326 );
#2753 = ORIENTED_EDGE( '', *, *, #3306, .F. );
#2754 = ORIENTED_EDGE( '', *, *, #3298, .T. );
#2755 = ORIENTED_EDGE( '', *, *, #3076, .T. );
#2756 = ORIENTED_EDGE( '', *, *, #3279, .T. );
#2757 = CARTESIAN_POINT( '', ( -3.24500000000000, -1.83500000000000, -3.50000000000000 ) );
#2758 = DIRECTION( '', ( -3.07030703712710E-015, 1.00000000000000, 0.000000000000000 ) );
#2759 = DIRECTION( '', ( -1.00000000000000, -3.07030703712710E-015, 0.000000000000000 ) );
#2760 = SURFACE_STYLE_FILL_AREA( #3327 );
#2761 = ORIENTED_EDGE( '', *, *, #2948, .F. );
#2762 = ORIENTED_EDGE( '', *, *, #3140, .T. );
#2763 = ORIENTED_EDGE( '', *, *, #3254, .T. );
#2764 = ORIENTED_EDGE( '', *, *, #3277, .T. );
#2765 = CARTESIAN_POINT( '', ( -3.24500000000000, 0.705000000000000, -3.50000000000000 ) );
#2766 = DIRECTION( '', ( -3.07030703712710E-015, 1.00000000000000, 0.000000000000000 ) );
#2767 = DIRECTION( '', ( -1.00000000000000, -3.07030703712710E-015, 0.000000000000000 ) );
#2768 = SURFACE_STYLE_FILL_AREA( #3328 );
#2769 = ORIENTED_EDGE( '', *, *, #3095, .F. );
#2770 = ORIENTED_EDGE( '', *, *, #2860, .T. );
#2771 = ORIENTED_EDGE( '', *, *, #3106, .T. );
#2772 = ORIENTED_EDGE( '', *, *, #3276, .T. );
#2773 = CARTESIAN_POINT( '', ( -4.37500000000000, 4.37500000000000, -3.50000000000000 ) );
#2774 = DIRECTION( '', ( -6.52440245389509E-015, -1.00000000000000, 0.000000000000000 ) );
#2775 = DIRECTION( '', ( 1.00000000000000, -6.52440245389509E-015, 0.000000000000000 ) );
#2776 = SURFACE_STYLE_FILL_AREA( #3329 );
#2777 = ORIENTED_EDGE( '', *, *, #3318, .F. );
#2778 = ORIENTED_EDGE( '', *, *, #3245, .T. );
#2779 = ORIENTED_EDGE( '', *, *, #2912, .T. );
#2780 = ORIENTED_EDGE( '', *, *, #3263, .T. );
#2781 = CARTESIAN_POINT( '', ( 4.37500000000000, -1.83500000000000, -3.50000000000000 ) );
#2782 = DIRECTION( '', ( -3.07030703712710E-015, 1.00000000000000, 0.000000000000000 ) );
#2783 = DIRECTION( '', ( -1.00000000000000, -3.07030703712710E-015, 0.000000000000000 ) );
#2784 = SURFACE_STYLE_FILL_AREA( #3330 );
#2785 = ORIENTED_EDGE( '', *, *, #3176, .T. );
#2786 = ORIENTED_EDGE( '', *, *, #3293, .F. );
#2787 = ORIENTED_EDGE( '', *, *, #3299, .F. );
#2788 = ORIENTED_EDGE( '', *, *, #3305, .F. );
#2789 = CARTESIAN_POINT( '', ( -4.07500000000000, -0.704999999999992, -3.50000000000000 ) );
#2790 = DIRECTION( '', ( -0.707106781186548, -1.08551746313866E-015, -0.707106781186548 ) );
#2791 = DIRECTION( '', ( -0.707106781186548, 0.000000000000000, 0.707106781186548 ) );
#2792 = SURFACE_STYLE_FILL_AREA( #3331 );
#2793 = ORIENTED_EDGE( '', *, *, #3178, .T. );
#2794 = ORIENTED_EDGE( '', *, *, #3077, .F. );
#2795 = ORIENTED_EDGE( '', *, *, #3297, .F. );
#2796 = ORIENTED_EDGE( '', *, *, #3291, .F. );
#2797 = CARTESIAN_POINT( '', ( -3.54500000000000, -0.704999999999991, -3.50000000000000 ) );
#2798 = DIRECTION( '', ( 0.707106781186548, 1.08551746313867E-015, -0.707106781186548 ) );
#2799 = DIRECTION( '', ( -0.707106781186548, 0.000000000000000, -0.707106781186548 ) );
#2800 = SURFACE_STYLE_FILL_AREA( #3332 );
#2801 = ORIENTED_EDGE( '', *, *, #3157, .T. );
#2802 = ORIENTED_EDGE( '', *, *, #3199, .T. );
#2803 = ORIENTED_EDGE( '', *, *, #3320, .T. );
#2804 = ORIENTED_EDGE( '', *, *, #3150, .F. );
#2805 = ORIENTED_EDGE( '', *, *, #3232, .T. );
#2806 = CARTESIAN_POINT( '', ( -5.00000000000000, -5.00000000000000, 10.5000000000000 ) );
#2807 = DIRECTION( '', ( 0.000000000000000, 0.000000000000000, 1.00000000000000 ) );
#2808 = DIRECTION( '', ( 1.00000000000000, 0.000000000000000, 0.000000000000000 ) );
#2809 = SURFACE_STYLE_FILL_AREA( #3333 );
#2810 = ORIENTED_EDGE( '', *, *, #3210, .F. );
#2811 = ORIENTED_EDGE( '', *, *, #3013, .T. );
#2812 = ORIENTED_EDGE( '', *, *, #3102, .T. );
#2813 = ORIENTED_EDGE( '', *, *, #3273, .T. );
#2814 = CARTESIAN_POINT( '', ( -0.705000000000000, 0.705000000000000, -3.50000000000000 ) );
#2815 = DIRECTION( '', ( -3.07030703712710E-015, 1.00000000000000, 0.000000000000000 ) );
#2816 = DIRECTION( '', ( -1.00000000000000, -3.07030703712710E-015, 0.000000000000000 ) );
#2817 = SURFACE_STYLE_FILL_AREA( #3334 );
#2818 = ORIENTED_EDGE( '', *, *, #2899, .F. );
#2819 = ORIENTED_EDGE( '', *, *, #2938, .T. );
#2820 = ORIENTED_EDGE( '', *, *, #3081, .T. );
#2821 = ORIENTED_EDGE( '', *, *, #3261, .T. );
#2822 = CARTESIAN_POINT( '', ( 4.37500000000000, 1.83500000000000, -3.50000000000000 ) );
#2823 = DIRECTION( '', ( -1.00000000000000, -1.53515351856355E-015, 0.000000000000000 ) );
#2824 = DIRECTION( '', ( 1.53515351856355E-015, -1.00000000000000, 0.000000000000000 ) );
#2825 = SURFACE_STYLE_FILL_AREA( #3335 );
#2826 = ORIENTED_EDGE( '', *, *, #2962, .T. );
#2827 = ORIENTED_EDGE( '', *, *, #3103, .F. );
#2828 = ORIENTED_EDGE( '', *, *, #3012, .F. );
#2829 = ORIENTED_EDGE( '', *, *, #3316, .F. );
#2830 = CARTESIAN_POINT( '', ( -1.00500000000000, 1.83500000000000, -3.50000000000000 ) );
#2831 = DIRECTION( '', ( 0.707106781186548, 1.08551746313867E-015, -0.707106781186548 ) );
#2832 = DIRECTION( '', ( -0.707106781186548, 0.000000000000000, -0.707106781186548 ) );
#2833 = FILL_AREA_STYLE( '', ( #3336 ) );
#2834 = EDGE_CURVE( '', #3337, #3338, #3339, .T. );
#2835 = EDGE_CURVE( '', #3340, #3338, #3341, .T. );
#2836 = EDGE_CURVE( '', #3342, #3340, #3343, .F. );
#2837 = EDGE_CURVE( '', #3337, #3342, #3344, .T. );
#2838 = FILL_AREA_STYLE( '', ( #3345 ) );
#2839 = EDGE_CURVE( '', #3346, #3347, #3348, .F. );
#2840 = EDGE_CURVE( '', #3349, #3347, #3350, .T. );
#2841 = EDGE_CURVE( '', #3349, #3351, #3352, .F. );
#2842 = EDGE_CURVE( '', #3346, #3351, #3353, .T. );
#2843 = FILL_AREA_STYLE( '', ( #3354 ) );
#2844 = EDGE_CURVE( '', #3355, #3356, #3357, .T. );
#2845 = EDGE_CURVE( '', #3358, #3356, #3359, .T. );
#2846 = EDGE_CURVE( '', #3360, #3358, #3361, .F. );
#2847 = EDGE_CURVE( '', #3355, #3360, #3362, .T. );
#2848 = FILL_AREA_STYLE( '', ( #3363 ) );
#2849 = EDGE_CURVE( '', #3364, #3365, #3366, .T. );
#2850 = EDGE_CURVE( '', #3367, #3365, #3368, .T. );
#2851 = EDGE_CURVE( '', #3369, #3367, #3370, .F. );
#2852 = EDGE_CURVE( '', #3364, #3369, #3371, .T. );
#2853 = FILL_AREA_STYLE( '', ( #3372 ) );
#2854 = EDGE_CURVE( '', #3373, #3374, #3375, .T. );
#2855 = EDGE_CURVE( '', #3374, #3376, #3377, .T. );
#2856 = EDGE_CURVE( '', #3376, #3378, #3379, .T. );
#2857 = EDGE_CURVE( '', #3378, #3373, #3380, .T. );
#2858 = FILL_AREA_STYLE( '', ( #3381 ) );
#2859 = EDGE_CURVE( '', #3382, #3378, #3383, .T. );
#2860 = EDGE_CURVE( '', #3384, #3382, #3385, .T. );
#2861 = EDGE_CURVE( '', #3373, #3384, #3386, .F. );
#2862 = FILL_AREA_STYLE( '', ( #3387 ) );
#2863 = EDGE_CURVE( '', #3388, #3346, #3389, .T. );
#2864 = EDGE_CURVE( '', #3351, #3390, #3391, .T. );
#2865 = EDGE_CURVE( '', #3390, #3388, #3392, .T. );
#2866 = FILL_AREA_STYLE( '', ( #3393 ) );
#2867 = EDGE_CURVE( '', #3394, #3395, #3396, .T. );
#2868 = EDGE_CURVE( '', #3394, #3397, #3398, .T. );
#2869 = EDGE_CURVE( '', #3397, #3399, #3400, .T. );
#2870 = EDGE_CURVE( '', #3399, #3395, #3401, .T. );
#2871 = FILL_AREA_STYLE( '', ( #3402 ) );
#2872 = EDGE_CURVE( '', #3369, #3403, #3404, .T. );
#2873 = EDGE_CURVE( '', #3369, #3405, #3406, .T. );
#2874 = EDGE_CURVE( '', #3405, #3407, #3408, .T. );
#2875 = EDGE_CURVE( '', #3407, #3403, #3409, .T. );
#2876 = FILL_AREA_STYLE( '', ( #3410 ) );
#2877 = EDGE_CURVE( '', #3405, #3411, #3412, .T. );
#2878 = EDGE_CURVE( '', #3411, #3413, #3414, .T. );
#2879 = EDGE_CURVE( '', #3413, #3407, #3415, .T. );
#2880 = FILL_AREA_STYLE( '', ( #3416 ) );
#2881 = EDGE_CURVE( '', #3417, #3418, #3419, .F. );
#2882 = EDGE_CURVE( '', #3420, #3418, #3421, .T. );
#2883 = EDGE_CURVE( '', #3420, #3422, #3423, .F. );
#2884 = EDGE_CURVE( '', #3417, #3422, #3424, .T. );
#2885 = FILL_AREA_STYLE( '', ( #3425 ) );
#2886 = EDGE_CURVE( '', #3426, #3427, #3428, .T. );
#2887 = EDGE_CURVE( '', #3426, #3429, #3430, .T. );
#2888 = EDGE_CURVE( '', #3429, #3431, #3432, .T. );
#2889 = EDGE_CURVE( '', #3431, #3427, #3433, .T. );
#2890 = FILL_AREA_STYLE( '', ( #3434 ) );
#2891 = EDGE_CURVE( '', #3435, #3436, #3437, .T. );
#2892 = EDGE_CURVE( '', #3435, #3438, #3439, .F. );
#2893 = EDGE_CURVE( '', #3438, #3440, #3441, .F. );
#2894 = EDGE_CURVE( '', #3440, #3442, #3443, .T. );
#2895 = EDGE_CURVE( '', #3442, #3436, #3444, .T. );
#2896 = FILL_AREA_STYLE( '', ( #3445 ) );
#2897 = EDGE_CURVE( '', #3446, #3447, #3448, .T. );
#2898 = EDGE_CURVE( '', #3446, #3449, #3450, .T. );
#2899 = EDGE_CURVE( '', #3449, #3451, #3452, .T. );
#2900 = EDGE_CURVE( '', #3451, #3447, #3453, .T. );
#2901 = FILL_AREA_STYLE( '', ( #3454 ) );
#2902 = EDGE_CURVE( '', #3455, #3456, #3457, .F. );
#2903 = EDGE_CURVE( '', #3458, #3456, #3459, .T. );
#2904 = EDGE_CURVE( '', #3458, #3460, #3461, .F. );
#2905 = EDGE_CURVE( '', #3455, #3460, #3462, .T. );
#2906 = FILL_AREA_STYLE( '', ( #3463 ) );
#2907 = EDGE_CURVE( '', #3464, #3465, #3466, .T. );
#2908 = EDGE_CURVE( '', #3464, #3467, #3468, .T. );
#2909 = EDGE_CURVE( '', #3467, #3469, #3470, .T. );
#2910 = EDGE_CURVE( '', #3469, #3465, #3471, .T. );
#2911 = FILL_AREA_STYLE( '', ( #3472 ) );
#2912 = EDGE_CURVE( '', #3473, #3474, #3475, .T. );
#2913 = EDGE_CURVE( '', #3473, #3476, #3477, .T. );
#2914 = EDGE_CURVE( '', #3476, #3478, #3479, .T. );
#2915 = EDGE_CURVE( '', #3478, #3474, #3480, .T. );
#2916 = FILL_AREA_STYLE( '', ( #3481 ) );
#2917 = EDGE_CURVE( '', #3482, #3483, #3484, .T. );
#2918 = EDGE_CURVE( '', #3483, #3485, #3486, .T. );
#2919 = EDGE_CURVE( '', #3485, #3487, #3488, .T. );
#2920 = EDGE_CURVE( '', #3487, #3482, #3489, .T. );
#2921 = FILL_AREA_STYLE( '', ( #3490 ) );
#2922 = EDGE_CURVE( '', #3482, #3491, #3492, .F. );
#2923 = EDGE_CURVE( '', #3493, #3491, #3494, .T. );
#2924 = EDGE_CURVE( '', #3483, #3493, #3495, .F. );
#2925 = FILL_AREA_STYLE( '', ( #3496 ) );
#2926 = EDGE_CURVE( '', #3429, #3355, #3497, .T. );
#2927 = EDGE_CURVE( '', #3355, #3498, #3499, .T. );
#2928 = EDGE_CURVE( '', #3498, #3431, #3500, .T. );
#2929 = FILL_AREA_STYLE( '', ( #3501 ) );
#2930 = EDGE_CURVE( '', #3502, #3429, #3503, .F. );
#2931 = EDGE_CURVE( '', #3356, #3502, #3504, .T. );
#2932 = FILL_AREA_STYLE( '', ( #3505 ) );
#2933 = EDGE_CURVE( '', #3506, #3411, #3507, .F. );
#2934 = EDGE_CURVE( '', #3508, #3405, #3509, .F. );
#2935 = EDGE_CURVE( '', #3506, #3508, #3510, .T. );
#2936 = FILL_AREA_STYLE( '', ( #3511 ) );
#2937 = EDGE_CURVE( '', #3512, #3513, #3514, .F. );
#2938 = EDGE_CURVE( '', #3449, #3513, #3515, .T. );
#2939 = EDGE_CURVE( '', #3516, #3449, #3517, .F. );
#2940 = EDGE_CURVE( '', #3512, #3516, #3518, .T. );
#2941 = FILL_AREA_STYLE( '', ( #3519 ) );
#2942 = EDGE_CURVE( '', #3520, #3521, #3522, .T. );
#2943 = EDGE_CURVE( '', #3520, #3523, #3524, .T. );
#2944 = EDGE_CURVE( '', #3523, #3525, #3526, .T. );
#2945 = EDGE_CURVE( '', #3525, #3521, #3527, .T. );
#2946 = FILL_AREA_STYLE( '', ( #3528 ) );
#2947 = EDGE_CURVE( '', #3397, #3529, #3530, .T. );
#2948 = EDGE_CURVE( '', #3529, #3531, #3532, .T. );
#2949 = EDGE_CURVE( '', #3531, #3399, #3533, .T. );
#2950 = FILL_AREA_STYLE( '', ( #3534 ) );
#2951 = EDGE_CURVE( '', #3535, #3536, #3537, .T. );
#2952 = EDGE_CURVE( '', #3538, #3535, #3539, .T. );
#2953 = EDGE_CURVE( '', #3540, #3538, #3541, .F. );
#2954 = EDGE_CURVE( '', #3536, #3540, #3542, .T. );
#2955 = FILL_AREA_STYLE( '', ( #3543 ) );
#2956 = EDGE_CURVE( '', #3397, #3544, #3545, .T. );
#2957 = EDGE_CURVE( '', #3546, #3394, #3547, .F. );
#2958 = EDGE_CURVE( '', #3544, #3546, #3548, .T. );
#2959 = FILL_AREA_STYLE( '', ( #3549 ) );
#2960 = EDGE_CURVE( '', #3550, #3551, #3552, .T. );
#2961 = EDGE_CURVE( '', #3553, #3550, #3554, .T. );
#2962 = EDGE_CURVE( '', #3555, #3553, #3556, .F. );
#2963 = EDGE_CURVE( '', #3551, #3555, #3557, .T. );
#2964 = FILL_AREA_STYLE( '', ( #3558 ) );
#2965 = EDGE_CURVE( '', #3559, #3560, #3561, .T. );
#2966 = EDGE_CURVE( '', #3559, #3562, #3563, .T. );
#2967 = EDGE_CURVE( '', #3562, #3564, #3565, .T. );
#2968 = EDGE_CURVE( '', #3564, #3560, #3566, .T. );
#2969 = FILL_AREA_STYLE( '', ( #3567 ) );
#2970 = EDGE_CURVE( '', #3568, #3569, #3570, .T. );
#2971 = EDGE_CURVE( '', #3568, #3337, #3571, .T. );
#2972 = EDGE_CURVE( '', #3337, #3572, #3573, .T. );
#2973 = EDGE_CURVE( '', #3572, #3569, #3574, .T. );
#2974 = FILL_AREA_STYLE( '', ( #3575 ) );
#2975 = EDGE_CURVE( '', #3342, #3576, #3577, .T. );
#2976 = EDGE_CURVE( '', #3342, #3578, #3579, .T. );
#2977 = EDGE_CURVE( '', #3578, #3580, #3581, .T. );
#2978 = EDGE_CURVE( '', #3580, #3576, #3582, .T. );
#2979 = FILL_AREA_STYLE( '', ( #3583 ) );
#2980 = EDGE_CURVE( '', #3584, #3476, #3585, .F. );
#2981 = EDGE_CURVE( '', #3586, #3473, #3587, .F. );
#2982 = EDGE_CURVE( '', #3584, #3586, #3588, .T. );
#2983 = FILL_AREA_STYLE( '', ( #3589 ) );
#2984 = EDGE_CURVE( '', #3590, #3591, #3592, .T. );
#2985 = EDGE_CURVE( '', #3590, #3593, #3594, .T. );
#2986 = EDGE_CURVE( '', #3593, #3595, #3596, .T. );
#2987 = EDGE_CURVE( '', #3595, #3591, #3597, .T. );
#2988 = FILL_AREA_STYLE( '', ( #3598 ) );
#2989 = EDGE_CURVE( '', #3576, #3572, #3599, .T. );
#2990 = FILL_AREA_STYLE( '', ( #3600 ) );
#2991 = EDGE_CURVE( '', #3601, #3602, #3603, .T. );
#2992 = EDGE_CURVE( '', #3601, #3604, #3605, .T. );
#2993 = EDGE_CURVE( '', #3604, #3606, #3607, .T. );
#2994 = EDGE_CURVE( '', #3606, #3602, #3608, .T. );
#2995 = FILL_AREA_STYLE( '', ( #3609 ) );
#2996 = EDGE_CURVE( '', #3458, #3610, #3611, .T. );
#2997 = EDGE_CURVE( '', #3456, #3612, #3613, .T. );
#2998 = EDGE_CURVE( '', #3612, #3610, #3614, .T. );
#2999 = FILL_AREA_STYLE( '', ( #3615 ) );
#3000 = EDGE_CURVE( '', #3476, #3616, #3617, .T. );
#3001 = EDGE_CURVE( '', #3616, #3618, #3619, .T. );
#3002 = EDGE_CURVE( '', #3618, #3478, #3620, .T. );
#3003 = FILL_AREA_STYLE( '', ( #3621 ) );
#3004 = EDGE_CURVE( '', #3502, #3622, #3623, .T. );
#3005 = EDGE_CURVE( '', #3622, #3358, #3624, .T. );
#3006 = FILL_AREA_STYLE( '', ( #3625 ) );
#3007 = EDGE_CURVE( '', #3440, #3626, #3627, .F. );
#3008 = EDGE_CURVE( '', #3626, #3628, #3629, .F. );
#3009 = EDGE_CURVE( '', #3628, #3630, #3631, .T. );
#3010 = EDGE_CURVE( '', #3630, #3442, #3632, .T. );
#3011 = FILL_AREA_STYLE( '', ( #3633 ) );
#3012 = EDGE_CURVE( '', #3634, #3635, #3636, .F. );
#3013 = EDGE_CURVE( '', #3637, #3635, #3638, .T. );
#3014 = EDGE_CURVE( '', #3637, #3639, #3640, .F. );
#3015 = EDGE_CURVE( '', #3634, #3639, #3641, .T. );
#3016 = FILL_AREA_STYLE( '', ( #3642 ) );
#3017 = EDGE_CURVE( '', #3643, #3644, #3645, .F. );
#3018 = EDGE_CURVE( '', #3418, #3644, #3646, .T. );
#3019 = EDGE_CURVE( '', #3643, #3417, #3647, .T. );
#3020 = FILL_AREA_STYLE( '', ( #3648 ) );
#3021 = EDGE_CURVE( '', #3586, #3649, #3650, .T. );
#3022 = EDGE_CURVE( '', #3649, #3651, #3652, .T. );
#3023 = EDGE_CURVE( '', #3651, #3584, #3653, .T. );
#3024 = FILL_AREA_STYLE( '', ( #3654 ) );
#3025 = EDGE_CURVE( '', #3347, #3655, #3656, .T. );
#3026 = EDGE_CURVE( '', #3347, #3559, #3657, .T. );
#3027 = EDGE_CURVE( '', #3560, #3655, #3658, .T. );
#3028 = FILL_AREA_STYLE( '', ( #3659 ) );
#3029 = EDGE_CURVE( '', #3660, #3394, #3661, .T. );
#3030 = EDGE_CURVE( '', #3662, #3660, #3663, .F. );
#3031 = EDGE_CURVE( '', #3546, #3662, #3664, .T. );
#3032 = FILL_AREA_STYLE( '', ( #3665 ) );
#3033 = EDGE_CURVE( '', #3666, #3578, #3667, .F. );
#3034 = EDGE_CURVE( '', #3666, #3340, #3668, .T. );
#3035 = FILL_AREA_STYLE( '', ( #3669 ) );
#3036 = EDGE_CURVE( '', #3604, #3670, #3671, .T. );
#3037 = EDGE_CURVE( '', #3670, #3672, #3673, .T. );
#3038 = EDGE_CURVE( '', #3672, #3606, #3674, .T. );
#3039 = FILL_AREA_STYLE( '', ( #3675 ) );
#3040 = EDGE_CURVE( '', #3676, #3493, #3677, .T. );
#3041 = EDGE_CURVE( '', #3676, #3485, #3678, .F. );
#3042 = FILL_AREA_STYLE( '', ( #3679 ) );
#3043 = EDGE_CURVE( '', #3680, #3680, #3681, .T. );
#3044 = EDGE_CURVE( '', #3682, #3682, #3683, .T. );
#3045 = FILL_AREA_STYLE( '', ( #3684 ) );
#3046 = EDGE_CURVE( '', #3670, #3685, #3686, .T. );
#3047 = EDGE_CURVE( '', #3685, #3687, #3688, .T. );
#3048 = EDGE_CURVE( '', #3687, #3672, #3689, .T. );
#3049 = FILL_AREA_STYLE( '', ( #3690 ) );
#3050 = EDGE_CURVE( '', #3622, #3426, #3691, .F. );
#3051 = FILL_AREA_STYLE( '', ( #3692 ) );
#3052 = EDGE_CURVE( '', #3360, #3426, #3693, .T. );
#3053 = FILL_AREA_STYLE( '', ( #3694 ) );
#3054 = EDGE_CURVE( '', #3604, #3695, #3696, .T. );
#3055 = EDGE_CURVE( '', #3697, #3695, #3698, .T. );
#3056 = EDGE_CURVE( '', #3670, #3697, #3699, .F. );
#3057 = FILL_AREA_STYLE( '', ( #3700 ) );
#3058 = EDGE_CURVE( '', #3662, #3701, #3702, .T. );
#3059 = EDGE_CURVE( '', #3701, #3544, #3703, .T. );
#3060 = FILL_AREA_STYLE( '', ( #3704 ) );
#3061 = EDGE_CURVE( '', #3562, #3390, #3705, .T. );
#3062 = EDGE_CURVE( '', #3562, #3349, #3706, .T. );
#3063 = FILL_AREA_STYLE( '', ( #3707 ) );
#3064 = EDGE_CURVE( '', #3523, #3538, #3708, .T. );
#3065 = EDGE_CURVE( '', #3709, #3523, #3710, .F. );
#3066 = EDGE_CURVE( '', #3540, #3709, #3711, .T. );
#3067 = FILL_AREA_STYLE( '', ( #3712 ) );
#3068 = EDGE_CURVE( '', #3349, #3713, #3714, .T. );
#3069 = EDGE_CURVE( '', #3713, #3564, #3715, .T. );
#3070 = FILL_AREA_STYLE( '', ( #3716 ) );
#3071 = EDGE_CURVE( '', #3628, #3717, #3718, .T. );
#3072 = EDGE_CURVE( '', #3717, #3719, #3720, .T. );
#3073 = EDGE_CURVE( '', #3719, #3721, #3722, .T. );
#3074 = EDGE_CURVE( '', #3721, #3630, #3723, .T. );
#3075 = FILL_AREA_STYLE( '', ( #3724 ) );
#3076 = EDGE_CURVE( '', #3725, #3726, #3727, .T. );
#3077 = EDGE_CURVE( '', #3725, #3728, #3729, .T. );
#3078 = EDGE_CURVE( '', #3728, #3730, #3731, .T. );
#3079 = EDGE_CURVE( '', #3730, #3726, #3732, .T. );
#3080 = FILL_AREA_STYLE( '', ( #3733 ) );
#3081 = EDGE_CURVE( '', #3513, #3734, #3735, .T. );
#3082 = EDGE_CURVE( '', #3513, #3736, #3737, .T. );
#3083 = EDGE_CURVE( '', #3736, #3738, #3739, .T. );
#3084 = EDGE_CURVE( '', #3738, #3734, #3740, .T. );
#3085 = FILL_AREA_STYLE( '', ( #3741 ) );
#3086 = EDGE_CURVE( '', #3553, #3742, #3743, .T. );
#3087 = EDGE_CURVE( '', #3550, #3744, #3745, .T. );
#3088 = EDGE_CURVE( '', #3744, #3742, #3746, .T. );
#3089 = FILL_AREA_STYLE( '', ( #3747 ) );
#3090 = EDGE_CURVE( '', #3748, #3601, #3749, .F. );
#3091 = EDGE_CURVE( '', #3695, #3748, #3750, .T. );
#3092 = FILL_AREA_STYLE( '', ( #3751 ) );
#3093 = EDGE_CURVE( '', #3752, #3753, #3754, .T. );
#3094 = EDGE_CURVE( '', #3752, #3384, #3755, .T. );
#3095 = EDGE_CURVE( '', #3384, #3756, #3757, .T. );
#3096 = EDGE_CURVE( '', #3756, #3753, #3758, .T. );
#3097 = FILL_AREA_STYLE( '', ( #3759 ) );
#3098 = EDGE_CURVE( '', #3760, #3455, #3761, .T. );
#3099 = EDGE_CURVE( '', #3460, #3762, #3763, .T. );
#3100 = EDGE_CURVE( '', #3762, #3760, #3764, .T. );
#3101 = FILL_AREA_STYLE( '', ( #3765 ) );
#3102 = EDGE_CURVE( '', #3635, #3766, #3767, .T. );
#3103 = EDGE_CURVE( '', #3635, #3553, #3768, .T. );
#3104 = EDGE_CURVE( '', #3742, #3766, #3769, .T. );
#3105 = FILL_AREA_STYLE( '', ( #3770 ) );
#3106 = EDGE_CURVE( '', #3382, #3771, #3772, .T. );
#3107 = EDGE_CURVE( '', #3382, #3773, #3774, .T. );
#3108 = EDGE_CURVE( '', #3773, #3775, #3776, .T. );
#3109 = EDGE_CURVE( '', #3775, #3771, #3777, .T. );
#3110 = FILL_AREA_STYLE( '', ( #3778 ) );
#3111 = EDGE_CURVE( '', #3388, #3559, #3779, .F. );
#3112 = FILL_AREA_STYLE( '', ( #3780 ) );
#3113 = EDGE_CURVE( '', #3538, #3781, #3782, .T. );
#3114 = EDGE_CURVE( '', #3535, #3783, #3784, .T. );
#3115 = EDGE_CURVE( '', #3783, #3781, #3785, .T. );
#3116 = FILL_AREA_STYLE( '', ( #3786 ) );
#3117 = EDGE_CURVE( '', #3655, #3713, #3787, .T. );
#3118 = FILL_AREA_STYLE( '', ( #3788 ) );
#3119 = EDGE_CURVE( '', #3446, #3789, #3790, .F. );
#3120 = EDGE_CURVE( '', #3516, #3789, #3791, .T. );
#3121 = FILL_AREA_STYLE( '', ( #3792 ) );
#3122 = EDGE_CURVE( '', #3411, #3364, #3793, .T. );
#3123 = EDGE_CURVE( '', #3365, #3506, #3794, .T. );
#3124 = FILL_AREA_STYLE( '', ( #3795 ) );
#3125 = EDGE_CURVE( '', #3773, #3752, #3796, .T. );
#3126 = EDGE_CURVE( '', #3753, #3775, #3797, .T. );
#3127 = FILL_AREA_STYLE( '', ( #3798 ) );
#3128 = EDGE_CURVE( '', #3685, #3601, #3799, .T. );
#3129 = EDGE_CURVE( '', #3800, #3685, #3801, .F. );
#3130 = EDGE_CURVE( '', #3748, #3800, #3802, .T. );
#3131 = FILL_AREA_STYLE( '', ( #3803 ) );
#3132 = EDGE_CURVE( '', #3800, #3697, #3804, .T. );
#3133 = FILL_AREA_STYLE( '', ( #3805 ) );
#3134 = EDGE_CURVE( '', #3806, #3568, #3807, .F. );
#3135 = EDGE_CURVE( '', #3338, #3806, #3808, .T. );
#3136 = FILL_AREA_STYLE( '', ( #3809 ) );
#3137 = EDGE_CURVE( '', #3364, #3810, #3811, .T. );
#3138 = EDGE_CURVE( '', #3403, #3810, #3812, .T. );
#3139 = FILL_AREA_STYLE( '', ( #3813 ) );
#3140 = EDGE_CURVE( '', #3529, #3660, #3814, .T. );
#3141 = EDGE_CURVE( '', #3529, #3701, #3815, .F. );
#3142 = FILL_AREA_STYLE( '', ( #3816 ) );
#3143 = EDGE_CURVE( '', #3360, #3817, #3818, .T. );
#3144 = EDGE_CURVE( '', #3427, #3817, #3819, .T. );
#3145 = FILL_AREA_STYLE( '', ( #3820 ) );
#3146 = EDGE_CURVE( '', #3493, #3821, #3822, .T. );
#3147 = EDGE_CURVE( '', #3491, #3823, #3824, .T. );
#3148 = EDGE_CURVE( '', #3823, #3821, #3825, .T. );
#3149 = FILL_AREA_STYLE( '', ( #3826 ) );
#3150 = EDGE_CURVE( '', #3717, #3827, #3828, .T. );
#3151 = EDGE_CURVE( '', #3719, #3827, #3829, .T. );
#3152 = FILL_AREA_STYLE( '', ( #3830 ) );
#3153 = EDGE_CURVE( '', #3535, #3520, #3831, .T. );
#3154 = EDGE_CURVE( '', #3521, #3783, #3832, .T. );
#3155 = FILL_AREA_STYLE( '', ( #3833 ) );
#3156 = EDGE_CURVE( '', #3834, #3834, #3835, .T. );
#3157 = EDGE_CURVE( '', #3836, #3836, #3837, .F. );
#3158 = FILL_AREA_STYLE( '', ( #3838 ) );
#3159 = EDGE_CURVE( '', #3616, #3651, #3839, .T. );
#3160 = FILL_AREA_STYLE( '', ( #3840 ) );
#3161 = EDGE_CURVE( '', #3841, #3487, #3842, .T. );
#3162 = EDGE_CURVE( '', #3841, #3676, #3843, .T. );
#3163 = FILL_AREA_STYLE( '', ( #3844 ) );
#3164 = EDGE_CURVE( '', #3456, #3464, #3845, .T. );
#3165 = EDGE_CURVE( '', #3465, #3612, #3846, .T. );
#3166 = FILL_AREA_STYLE( '', ( #3847 ) );
#3167 = EDGE_CURVE( '', #3374, #3752, #3848, .F. );
#3168 = EDGE_CURVE( '', #3773, #3376, #3849, .F. );
#3169 = FILL_AREA_STYLE( '', ( #3850 ) );
#3170 = EDGE_CURVE( '', #3422, #3851, #3852, .T. );
#3171 = EDGE_CURVE( '', #3851, #3643, #3853, .T. );
#3172 = FILL_AREA_STYLE( '', ( #3854 ) );
#3173 = EDGE_CURVE( '', #3736, #3446, #3855, .T. );
#3174 = EDGE_CURVE( '', #3447, #3738, #3856, .T. );
#3175 = FILL_AREA_STYLE( '', ( #3857 ) );
#3176 = EDGE_CURVE( '', #3858, #3859, #3860, .T. );
#3177 = EDGE_CURVE( '', #3728, #3858, #3861, .T. );
#3178 = EDGE_CURVE( '', #3862, #3728, #3863, .F. );
#3179 = EDGE_CURVE( '', #3859, #3862, #3864, .T. );
#3180 = FILL_AREA_STYLE( '', ( #3865 ) );
#3181 = EDGE_CURVE( '', #3866, #3536, #3867, .T. );
#3182 = EDGE_CURVE( '', #3520, #3866, #3868, .F. );
#3183 = FILL_AREA_STYLE( '', ( #3869 ) );
#3184 = FILL_AREA_STYLE( '', ( #3870 ) );
#3185 = EDGE_CURVE( '', #3676, #3871, #3872, .T. );
#3186 = EDGE_CURVE( '', #3821, #3871, #3873, .T. );
#3187 = FILL_AREA_STYLE( '', ( #3874 ) );
#3188 = EDGE_CURVE( '', #3491, #3841, #3875, .T. );
#3189 = FILL_AREA_STYLE( '', ( #3876 ) );
#3190 = EDGE_CURVE( '', #3817, #3498, #3877, .T. );
#3191 = FILL_AREA_STYLE( '', ( #3878 ) );
#3192 = EDGE_CURVE( '', #3827, #3435, #3879, .T. );
#3193 = EDGE_CURVE( '', #3436, #3721, #3880, .T. );
#3194 = FILL_AREA_STYLE( '', ( #3881 ) );
#3195 = EDGE_CURVE( '', #3882, #3851, #3883, .T. );
#3196 = EDGE_CURVE( '', #3882, #3420, #3884, .T. );
#3197 = FILL_AREA_STYLE( '', ( #3885 ) );
#3198 = FILL_AREA_STYLE( '', ( #3886 ) );
#3199 = EDGE_CURVE( '', #3626, #3438, #3887, .T. );
#3200 = FILL_AREA_STYLE( '', ( #3888 ) );
#3201 = EDGE_CURVE( '', #3467, #3762, #3889, .T. );
#3202 = EDGE_CURVE( '', #3760, #3464, #3890, .F. );
#3203 = FILL_AREA_STYLE( '', ( #3891 ) );
#3204 = EDGE_CURVE( '', #3892, #3893, #3894, .T. );
#3205 = EDGE_CURVE( '', #3895, #3892, #3896, .T. );
#3206 = EDGE_CURVE( '', #3897, #3895, #3898, .F. );
#3207 = EDGE_CURVE( '', #3893, #3897, #3899, .T. );
#3208 = FILL_AREA_STYLE( '', ( #3900 ) );
#3209 = EDGE_CURVE( '', #3550, #3637, #3901, .T. );
#3210 = EDGE_CURVE( '', #3637, #3902, #3903, .T. );
#3211 = EDGE_CURVE( '', #3902, #3744, #3904, .T. );
#3212 = FILL_AREA_STYLE( '', ( #3905 ) );
#3213 = EDGE_CURVE( '', #3897, #3906, #3907, .T. );
#3214 = EDGE_CURVE( '', #3906, #3908, #3909, .T. );
#3215 = EDGE_CURVE( '', #3908, #3893, #3910, .T. );
#3216 = FILL_AREA_STYLE( '', ( #3911 ) );
#3217 = FILL_AREA_STYLE( '', ( #3912 ) );
#3218 = EDGE_CURVE( '', #3892, #3913, #3914, .T. );
#3219 = EDGE_CURVE( '', #3892, #3590, #3915, .T. );
#3220 = EDGE_CURVE( '', #3591, #3913, #3916, .T. );
#3221 = FILL_AREA_STYLE( '', ( #3917 ) );
#3222 = FILL_AREA_STYLE( '', ( #3918 ) );
#3223 = EDGE_CURVE( '', #3736, #3919, #3920, .T. );
#3224 = EDGE_CURVE( '', #3789, #3919, #3921, .T. );
#3225 = FILL_AREA_STYLE( '', ( #3922 ) );
#3226 = EDGE_CURVE( '', #3593, #3895, #3923, .T. );
#3227 = EDGE_CURVE( '', #3895, #3924, #3925, .T. );
#3228 = EDGE_CURVE( '', #3924, #3595, #3926, .T. );
#3229 = FILL_AREA_STYLE( '', ( #3927 ) );
#3230 = CARTESIAN_POINT( '', ( 0.000000000000000, 0.000000000000000, 0.500000000000000 ) );
#3231 = FILL_AREA_STYLE( '', ( #3928 ) );
#3232 = EDGE_CURVE( '', #3717, #3626, #3929, .T. );
#3233 = FILL_AREA_STYLE( '', ( #3930 ) );
#3234 = FILL_AREA_STYLE( '', ( #3931 ) );
#3235 = EDGE_CURVE( '', #3806, #3666, #3932, .T. );
#3236 = FILL_AREA_STYLE( '', ( #3933 ) );
#3237 = EDGE_CURVE( '', #3709, #3866, #3934, .T. );
#3238 = FILL_AREA_STYLE( '', ( #3935 ) );
#3239 = EDGE_CURVE( '', #3508, #3367, #3936, .T. );
#3240 = FILL_AREA_STYLE( '', ( #3937 ) );
#3241 = EDGE_CURVE( '', #3644, #3882, #3938, .T. );
#3242 = FILL_AREA_STYLE( '', ( #3939 ) );
#3243 = EDGE_CURVE( '', #3919, #3512, #3940, .T. );
#3244 = FILL_AREA_STYLE( '', ( #3941 ) );
#3245 = EDGE_CURVE( '', #3942, #3473, #3943, .T. );
#3246 = EDGE_CURVE( '', #3942, #3649, #3944, .F. );
#3247 = FILL_AREA_STYLE( '', ( #3945 ) );
#3248 = EDGE_CURVE( '', #3578, #3568, #3946, .T. );
#3249 = EDGE_CURVE( '', #3569, #3580, #3947, .T. );
#3250 = FILL_AREA_STYLE( '', ( #3948 ) );
#3251 = EDGE_CURVE( '', #3858, #3949, #3950, .T. );
#3252 = EDGE_CURVE( '', #3949, #3730, #3951, .T. );
#3253 = FILL_AREA_STYLE( '', ( #3952 ) );
#3254 = EDGE_CURVE( '', #3660, #3953, #3954, .T. );
#3255 = EDGE_CURVE( '', #3395, #3953, #3955, .T. );
#3256 = FILL_AREA_STYLE( '', ( #3956 ) );
#3257 = EDGE_CURVE( '', #3906, #3593, #3957, .F. );
#3258 = FILL_AREA_STYLE( '', ( #3958 ) );
#3259 = EDGE_CURVE( '', #3639, #3551, #3959, .T. );
#3260 = FILL_AREA_STYLE( '', ( #3960 ) );
#3261 = EDGE_CURVE( '', #3734, #3451, #3961, .T. );
#3262 = EDGE_CURVE( '', #3962, #3618, #3963, .T. );
#3263 = EDGE_CURVE( '', #3474, #3962, #3964, .T. );
#3264 = EDGE_CURVE( '', #3871, #3965, #3966, .T. );
#3265 = EDGE_CURVE( '', #3965, #3823, #3967, .T. );
#3266 = EDGE_CURVE( '', #3968, #3969, #3970, .T. );
#3267 = EDGE_CURVE( '', #3971, #3968, #3972, .T. );
#3268 = EDGE_CURVE( '', #3973, #3971, #3974, .T. );
#3269 = EDGE_CURVE( '', #3969, #3973, #3975, .T. );
#3270 = EDGE_CURVE( '', #3810, #3413, #3976, .T. );
#3271 = EDGE_CURVE( '', #3610, #3469, #3977, .T. );
#3272 = EDGE_CURVE( '', #3781, #3525, #3978, .T. );
#3273 = EDGE_CURVE( '', #3766, #3902, #3979, .T. );
#3274 = EDGE_CURVE( '', #3913, #3924, #3980, .T. );
#3275 = EDGE_CURVE( '', #3602, #3687, #3981, .T. );
#3276 = EDGE_CURVE( '', #3771, #3756, #3982, .T. );
#3277 = EDGE_CURVE( '', #3953, #3531, #3983, .T. );
#3278 = EDGE_CURVE( '', #3984, #3949, #3985, .T. );
#3279 = EDGE_CURVE( '', #3726, #3984, #3986, .T. );
#3280 = FILL_AREA_STYLE( '', ( #3987 ) );
#3281 = FILL_AREA_STYLE( '', ( #3988 ) );
#3282 = EDGE_CURVE( '', #3418, #3971, #3989, .T. );
#3283 = EDGE_CURVE( '', #3644, #3973, #3990, .T. );
#3284 = FILL_AREA_STYLE( '', ( #3991 ) );
#3285 = EDGE_CURVE( '', #3841, #3965, #3992, .T. );
#3286 = FILL_AREA_STYLE( '', ( #3993 ) );
#3287 = EDGE_CURVE( '', #3420, #3968, #3994, .T. );
#3288 = FILL_AREA_STYLE( '', ( #3995 ) );
#3289 = FILL_AREA_STYLE( '', ( #3996 ) );
#3290 = FILL_AREA_STYLE( '', ( #3997 ) );
#3291 = EDGE_CURVE( '', #3862, #3998, #3999, .T. );
#3292 = EDGE_CURVE( '', #3998, #4000, #4001, .T. );
#3293 = EDGE_CURVE( '', #4000, #3859, #4002, .T. );
#3294 = FILL_AREA_STYLE( '', ( #4003 ) );
#3295 = FILL_AREA_STYLE( '', ( #4004 ) );
#3296 = FILL_AREA_STYLE( '', ( #4005 ) );
#3297 = EDGE_CURVE( '', #3998, #3725, #4006, .F. );
#3298 = EDGE_CURVE( '', #4007, #3725, #4008, .T. );
#3299 = EDGE_CURVE( '', #4007, #4000, #4009, .F. );
#3300 = FILL_AREA_STYLE( '', ( #4010 ) );
#3301 = EDGE_CURVE( '', #3882, #3969, #4011, .T. );
#3302 = FILL_AREA_STYLE( '', ( #4012 ) );
#3303 = EDGE_CURVE( '', #3590, #3908, #4013, .F. );
#3304 = FILL_AREA_STYLE( '', ( #4014 ) );
#3305 = EDGE_CURVE( '', #3858, #4007, #4015, .T. );
#3306 = EDGE_CURVE( '', #4007, #3984, #4016, .T. );
#3307 = FILL_AREA_STYLE( '', ( #4017 ) );
#3308 = FILL_AREA_STYLE( '', ( #4018 ) );
#3309 = EDGE_CURVE( '', #3616, #3942, #4019, .T. );
#3310 = FILL_AREA_STYLE( '', ( #4020 ) );
#3311 = EDGE_CURVE( '', #3467, #3458, #4021, .T. );
#3312 = FILL_AREA_STYLE( '', ( #4022 ) );
#3313 = FILL_AREA_STYLE( '', ( #4023 ) );
#3314 = FILL_AREA_STYLE( '', ( #4024 ) );
#3315 = FILL_AREA_STYLE( '', ( #4025 ) );
#3316 = EDGE_CURVE( '', #3555, #3634, #4026, .T. );
#3317 = FILL_AREA_STYLE( '', ( #4027 ) );
#3318 = EDGE_CURVE( '', #3942, #3962, #4028, .T. );
#3319 = FILL_AREA_STYLE( '', ( #4029 ) );
#3320 = EDGE_CURVE( '', #3438, #3827, #4030, .T. );
#3321 = FILL_AREA_STYLE( '', ( #4031 ) );
#3322 = FILL_AREA_STYLE( '', ( #4032 ) );
#3323 = FILL_AREA_STYLE( '', ( #4033 ) );
#3324 = FILL_AREA_STYLE( '', ( #4034 ) );
#3325 = FILL_AREA_STYLE( '', ( #4035 ) );
#3326 = FILL_AREA_STYLE( '', ( #4036 ) );
#3327 = FILL_AREA_STYLE( '', ( #4037 ) );
#3328 = FILL_AREA_STYLE( '', ( #4038 ) );
#3329 = FILL_AREA_STYLE( '', ( #4039 ) );
#3330 = FILL_AREA_STYLE( '', ( #4040 ) );
#3331 = FILL_AREA_STYLE( '', ( #4041 ) );
#3332 = FILL_AREA_STYLE( '', ( #4042 ) );
#3333 = FILL_AREA_STYLE( '', ( #4043 ) );
#3334 = FILL_AREA_STYLE( '', ( #4044 ) );
#3335 = FILL_AREA_STYLE( '', ( #4045 ) );
#3336 = FILL_AREA_STYLE_COLOUR( '', #4046 );
#3337 = VERTEX_POINT( '', #4047 );
#3338 = VERTEX_POINT( '', #4048 );
#3339 = LINE( '', #4049, #4050 );
#3340 = VERTEX_POINT( '', #4051 );
#3341 = LINE( '', #4052, #4053 );
#3342 = VERTEX_POINT( '', #4054 );
#3343 = LINE( '', #4055, #4056 );
#3344 = LINE( '', #4057, #4058 );
#3345 = FILL_AREA_STYLE_COLOUR( '', #4059 );
#3346 = VERTEX_POINT( '', #4060 );
#3347 = VERTEX_POINT( '', #4061 );
#3348 = LINE( '', #4062, #4063 );
#3349 = VERTEX_POINT( '', #4064 );
#3350 = LINE( '', #4065, #4066 );
#3351 = VERTEX_POINT( '', #4067 );
#3352 = LINE( '', #4068, #4069 );
#3353 = LINE( '', #4070, #4071 );
#3354 = FILL_AREA_STYLE_COLOUR( '', #4072 );
#3355 = VERTEX_POINT( '', #4073 );
#3356 = VERTEX_POINT( '', #4074 );
#3357 = LINE( '', #4075, #4076 );
#3358 = VERTEX_POINT( '', #4077 );
#3359 = LINE( '', #4078, #4079 );
#3360 = VERTEX_POINT( '', #4080 );
#3361 = LINE( '', #4081, #4082 );
#3362 = LINE( '', #4083, #4084 );
#3363 = FILL_AREA_STYLE_COLOUR( '', #4085 );
#3364 = VERTEX_POINT( '', #4086 );
#3365 = VERTEX_POINT( '', #4087 );
#3366 = LINE( '', #4088, #4089 );
#3367 = VERTEX_POINT( '', #4090 );
#3368 = LINE( '', #4091, #4092 );
#3369 = VERTEX_POINT( '', #4093 );
#3370 = LINE( '', #4094, #4095 );
#3371 = LINE( '', #4096, #4097 );
#3372 = FILL_AREA_STYLE_COLOUR( '', #4098 );
#3373 = VERTEX_POINT( '', #4099 );
#3374 = VERTEX_POINT( '', #4100 );
#3375 = LINE( '', #4101, #4102 );
#3376 = VERTEX_POINT( '', #4103 );
#3377 = LINE( '', #4104, #4105 );
#3378 = VERTEX_POINT( '', #4106 );
#3379 = LINE( '', #4107, #4108 );
#3380 = LINE( '', #4109, #4110 );
#3381 = FILL_AREA_STYLE_COLOUR( '', #4111 );
#3382 = VERTEX_POINT( '', #4112 );
#3383 = LINE( '', #4113, #4114 );
#3384 = VERTEX_POINT( '', #4115 );
#3385 = LINE( '', #4116, #4117 );
#3386 = LINE( '', #4118, #4119 );
#3387 = FILL_AREA_STYLE_COLOUR( '', #4120 );
#3388 = VERTEX_POINT( '', #4121 );
#3389 = LINE( '', #4122, #4123 );
#3390 = VERTEX_POINT( '', #4124 );
#3391 = LINE( '', #4125, #4126 );
#3392 = LINE( '', #4127, #4128 );
#3393 = FILL_AREA_STYLE_COLOUR( '', #4129 );
#3394 = VERTEX_POINT( '', #4130 );
#3395 = VERTEX_POINT( '', #4131 );
#3396 = LINE( '', #4132, #4133 );
#3397 = VERTEX_POINT( '', #4134 );
#3398 = LINE( '', #4135, #4136 );
#3399 = VERTEX_POINT( '', #4137 );
#3400 = LINE( '', #4138, #4139 );
#3401 = LINE( '', #4140, #4141 );
#3402 = FILL_AREA_STYLE_COLOUR( '', #4142 );
#3403 = VERTEX_POINT( '', #4143 );
#3404 = LINE( '', #4144, #4145 );
#3405 = VERTEX_POINT( '', #4146 );
#3406 = LINE( '', #4147, #4148 );
#3407 = VERTEX_POINT( '', #4149 );
#3408 = LINE( '', #4150, #4151 );
#3409 = LINE( '', #4152, #4153 );
#3410 = FILL_AREA_STYLE_COLOUR( '', #4154 );
#3411 = VERTEX_POINT( '', #4155 );
#3412 = LINE( '', #4156, #4157 );
#3413 = VERTEX_POINT( '', #4158 );
#3414 = LINE( '', #4159, #4160 );
#3415 = LINE( '', #4161, #4162 );
#3416 = FILL_AREA_STYLE_COLOUR( '', #4163 );
#3417 = VERTEX_POINT( '', #4164 );
#3418 = VERTEX_POINT( '', #4165 );
#3419 = LINE( '', #4166, #4167 );
#3420 = VERTEX_POINT( '', #4168 );
#3421 = LINE( '', #4169, #4170 );
#3422 = VERTEX_POINT( '', #4171 );
#3423 = LINE( '', #4172, #4173 );
#3424 = LINE( '', #4174, #4175 );
#3425 = FILL_AREA_STYLE_COLOUR( '', #4176 );
#3426 = VERTEX_POINT( '', #4177 );
#3427 = VERTEX_POINT( '', #4178 );
#3428 = LINE( '', #4179, #4180 );
#3429 = VERTEX_POINT( '', #4181 );
#3430 = LINE( '', #4182, #4183 );
#3431 = VERTEX_POINT( '', #4184 );
#3432 = LINE( '', #4185, #4186 );
#3433 = LINE( '', #4187, #4188 );
#3434 = FILL_AREA_STYLE_COLOUR( '', #4189 );
#3435 = VERTEX_POINT( '', #4190 );
#3436 = VERTEX_POINT( '', #4191 );
#3437 = LINE( '', #4192, #4193 );
#3438 = VERTEX_POINT( '', #4194 );
#3439 = B_SPLINE_CURVE_WITH_KNOTS( '', 3, ( #4195, #4196, #4197, #4198, #4199, #4200, #4201, #4202, #4203, #4204, #4205, #4206 ), .UNSPECIFIED., .F., .F., ( 4, 2, 2, 2, 2, 4 ), ( 0.0114011296585875, 0.0120873181572589, 0.0127735066559302, 0.0141458836532730, 0.0155182606506157, 0.0168906376479585 ), .UNSPECIFIED. );
#3440 = VERTEX_POINT( '', #4207 );
#3441 = B_SPLINE_CURVE_WITH_KNOTS( '', 3, ( #4208, #4209, #4210, #4211, #4212, #4213, #4214, #4215, #4216, #4217 ), .UNSPECIFIED., .F., .F., ( 4, 2, 2, 2, 4 ), ( 0.00592256473845481, 0.00729220596848798, 0.00866184719852114, 0.0100314884285543, 0.0114011296585875 ), .UNSPECIFIED. );
#3442 = VERTEX_POINT( '', #4218 );
#3443 = LINE( '', #4219, #4220 );
#3444 = LINE( '', #4221, #4222 );
#3445 = FILL_AREA_STYLE_COLOUR( '', #4223 );
#3446 = VERTEX_POINT( '', #4224 );
#3447 = VERTEX_POINT( '', #4225 );
#3448 = LINE( '', #4226, #4227 );
#3449 = VERTEX_POINT( '', #4228 );
#3450 = LINE( '', #4229, #4230 );
#3451 = VERTEX_POINT( '', #4231 );
#3452 = LINE( '', #4232, #4233 );
#3453 = LINE( '', #4234, #4235 );
#3454 = FILL_AREA_STYLE_COLOUR( '', #4236 );
#3455 = VERTEX_POINT( '', #4237 );
#3456 = VERTEX_POINT( '', #4238 );
#3457 = LINE( '', #4239, #4240 );
#3458 = VERTEX_POINT( '', #4241 );
#3459 = LINE( '', #4242, #4243 );
#3460 = VERTEX_POINT( '', #4244 );
#3461 = LINE( '', #4245, #4246 );
#3462 = LINE( '', #4247, #4248 );
#3463 = FILL_AREA_STYLE_COLOUR( '', #4249 );
#3464 = VERTEX_POINT( '', #4250 );
#3465 = VERTEX_POINT( '', #4251 );
#3466 = LINE( '', #4252, #4253 );
#3467 = VERTEX_POINT( '', #4254 );
#3468 = LINE( '', #4255, #4256 );
#3469 = VERTEX_POINT( '', #4257 );
#3470 = LINE( '', #4258, #4259 );
#3471 = LINE( '', #4260, #4261 );
#3472 = FILL_AREA_STYLE_COLOUR( '', #4262 );
#3473 = VERTEX_POINT( '', #4263 );
#3474 = VERTEX_POINT( '', #4264 );
#3475 = LINE( '', #4265, #4266 );
#3476 = VERTEX_POINT( '', #4267 );
#3477 = LINE( '', #4268, #4269 );
#3478 = VERTEX_POINT( '', #4270 );
#3479 = LINE( '', #4271, #4272 );
#3480 = LINE( '', #4273, #4274 );
#3481 = FILL_AREA_STYLE_COLOUR( '', #4275 );
#3482 = VERTEX_POINT( '', #4276 );
#3483 = VERTEX_POINT( '', #4277 );
#3484 = LINE( '', #4278, #4279 );
#3485 = VERTEX_POINT( '', #4280 );
#3486 = LINE( '', #4281, #4282 );
#3487 = VERTEX_POINT( '', #4283 );
#3488 = LINE( '', #4284, #4285 );
#3489 = LINE( '', #4286, #4287 );
#3490 = FILL_AREA_STYLE_COLOUR( '', #4288 );
#3491 = VERTEX_POINT( '', #4289 );
#3492 = LINE( '', #4290, #4291 );
#3493 = VERTEX_POINT( '', #4292 );
#3494 = LINE( '', #4293, #4294 );
#3495 = LINE( '', #4295, #4296 );
#3496 = FILL_AREA_STYLE_COLOUR( '', #4297 );
#3497 = LINE( '', #4298, #4299 );
#3498 = VERTEX_POINT( '', #4300 );
#3499 = LINE( '', #4301, #4302 );
#3500 = LINE( '', #4303, #4304 );
#3501 = FILL_AREA_STYLE_COLOUR( '', #4305 );
#3502 = VERTEX_POINT( '', #4306 );
#3503 = LINE( '', #4307, #4308 );
#3504 = LINE( '', #4309, #4310 );
#3505 = FILL_AREA_STYLE_COLOUR( '', #4311 );
#3506 = VERTEX_POINT( '', #4312 );
#3507 = LINE( '', #4313, #4314 );
#3508 = VERTEX_POINT( '', #4315 );
#3509 = LINE( '', #4316, #4317 );
#3510 = LINE( '', #4318, #4319 );
#3511 = FILL_AREA_STYLE_COLOUR( '', #4320 );
#3512 = VERTEX_POINT( '', #4321 );
#3513 = VERTEX_POINT( '', #4322 );
#3514 = LINE( '', #4323, #4324 );
#3515 = LINE( '', #4325, #4326 );
#3516 = VERTEX_POINT( '', #4327 );
#3517 = LINE( '', #4328, #4329 );
#3518 = LINE( '', #4330, #4331 );
#3519 = FILL_AREA_STYLE_COLOUR( '', #4332 );
#3520 = VERTEX_POINT( '', #4333 );
#3521 = VERTEX_POINT( '', #4334 );
#3522 = LINE( '', #4335, #4336 );
#3523 = VERTEX_POINT( '', #4337 );
#3524 = LINE( '', #4338, #4339 );
#3525 = VERTEX_POINT( '', #4340 );
#3526 = LINE( '', #4341, #4342 );
#3527 = LINE( '', #4343, #4344 );
#3528 = FILL_AREA_STYLE_COLOUR( '', #4345 );
#3529 = VERTEX_POINT( '', #4346 );
#3530 = LINE( '', #4347, #4348 );
#3531 = VERTEX_POINT( '', #4349 );
#3532 = LINE( '', #4350, #4351 );
#3533 = LINE( '', #4352, #4353 );
#3534 = FILL_AREA_STYLE_COLOUR( '', #4354 );
#3535 = VERTEX_POINT( '', #4355 );
#3536 = VERTEX_POINT( '', #4356 );
#3537 = LINE( '', #4357, #4358 );
#3538 = VERTEX_POINT( '', #4359 );
#3539 = LINE( '', #4360, #4361 );
#3540 = VERTEX_POINT( '', #4362 );
#3541 = LINE( '', #4363, #4364 );
#3542 = LINE( '', #4365, #4366 );
#3543 = FILL_AREA_STYLE_COLOUR( '', #4367 );
#3544 = VERTEX_POINT( '', #4368 );
#3545 = LINE( '', #4369, #4370 );
#3546 = VERTEX_POINT( '', #4371 );
#3547 = LINE( '', #4372, #4373 );
#3548 = LINE( '', #4374, #4375 );
#3549 = FILL_AREA_STYLE_COLOUR( '', #4376 );
#3550 = VERTEX_POINT( '', #4377 );
#3551 = VERTEX_POINT( '', #4378 );
#3552 = LINE( '', #4379, #4380 );
#3553 = VERTEX_POINT( '', #4381 );
#3554 = LINE( '', #4382, #4383 );
#3555 = VERTEX_POINT( '', #4384 );
#3556 = LINE( '', #4385, #4386 );
#3557 = LINE( '', #4387, #4388 );
#3558 = FILL_AREA_STYLE_COLOUR( '', #4389 );
#3559 = VERTEX_POINT( '', #4390 );
#3560 = VERTEX_POINT( '', #4391 );
#3561 = LINE( '', #4392, #4393 );
#3562 = VERTEX_POINT( '', #4394 );
#3563 = LINE( '', #4395, #4396 );
#3564 = VERTEX_POINT( '', #4397 );
#3565 = LINE( '', #4398, #4399 );
#3566 = LINE( '', #4400, #4401 );
#3567 = FILL_AREA_STYLE_COLOUR( '', #4402 );
#3568 = VERTEX_POINT( '', #4403 );
#3569 = VERTEX_POINT( '', #4404 );
#3570 = LINE( '', #4405, #4406 );
#3571 = LINE( '', #4407, #4408 );
#3572 = VERTEX_POINT( '', #4409 );
#3573 = LINE( '', #4410, #4411 );
#3574 = LINE( '', #4412, #4413 );
#3575 = FILL_AREA_STYLE_COLOUR( '', #4414 );
#3576 = VERTEX_POINT( '', #4415 );
#3577 = LINE( '', #4416, #4417 );
#3578 = VERTEX_POINT( '', #4418 );
#3579 = LINE( '', #4419, #4420 );
#3580 = VERTEX_POINT( '', #4421 );
#3581 = LINE( '', #4422, #4423 );
#3582 = LINE( '', #4424, #4425 );
#3583 = FILL_AREA_STYLE_COLOUR( '', #4426 );
#3584 = VERTEX_POINT( '', #4427 );
#3585 = LINE( '', #4428, #4429 );
#3586 = VERTEX_POINT( '', #4430 );
#3587 = LINE( '', #4431, #4432 );
#3588 = LINE( '', #4433, #4434 );
#3589 = FILL_AREA_STYLE_COLOUR( '', #4435 );
#3590 = VERTEX_POINT( '', #4436 );
#3591 = VERTEX_POINT( '', #4437 );
#3592 = LINE( '', #4438, #4439 );
#3593 = VERTEX_POINT( '', #4440 );
#3594 = LINE( '', #4441, #4442 );
#3595 = VERTEX_POINT( '', #4443 );
#3596 = LINE( '', #4444, #4445 );
#3597 = LINE( '', #4446, #4447 );
#3598 = FILL_AREA_STYLE_COLOUR( '', #4448 );
#3599 = LINE( '', #4449, #4450 );
#3600 = FILL_AREA_STYLE_COLOUR( '', #4451 );
#3601 = VERTEX_POINT( '', #4452 );
#3602 = VERTEX_POINT( '', #4453 );
#3603 = LINE( '', #4454, #4455 );
#3604 = VERTEX_POINT( '', #4456 );
#3605 = LINE( '', #4457, #4458 );
#3606 = VERTEX_POINT( '', #4459 );
#3607 = LINE( '', #4460, #4461 );
#3608 = LINE( '', #4462, #4463 );
#3609 = FILL_AREA_STYLE_COLOUR( '', #4464 );
#3610 = VERTEX_POINT( '', #4465 );
#3611 = LINE( '', #4466, #4467 );
#3612 = VERTEX_POINT( '', #4468 );
#3613 = LINE( '', #4469, #4470 );
#3614 = LINE( '', #4471, #4472 );
#3615 = FILL_AREA_STYLE_COLOUR( '', #4473 );
#3616 = VERTEX_POINT( '', #4474 );
#3617 = LINE( '', #4475, #4476 );
#3618 = VERTEX_POINT( '', #4477 );
#3619 = LINE( '', #4478, #4479 );
#3620 = LINE( '', #4480, #4481 );
#3621 = FILL_AREA_STYLE_COLOUR( '', #4482 );
#3622 = VERTEX_POINT( '', #4483 );
#3623 = LINE( '', #4484, #4485 );
#3624 = LINE( '', #4486, #4487 );
#3625 = FILL_AREA_STYLE_COLOUR( '', #4488 );
#3626 = VERTEX_POINT( '', #4489 );
#3627 = B_SPLINE_CURVE_WITH_KNOTS( '', 3, ( #4490, #4491, #4492, #4493, #4494, #4495, #4496, #4497, #4498, #4499, #4500, #4501 ), .UNSPECIFIED., .F., .F., ( 4, 2, 2, 2, 2, 4 ), ( 0.0114011296585875, 0.0120873181572588, 0.0127735066559302, 0.0141458836532730, 0.0155182606506157, 0.0168906376479585 ), .UNSPECIFIED. );
#3628 = VERTEX_POINT( '', #4502 );
#3629 = B_SPLINE_CURVE_WITH_KNOTS( '', 3, ( #4503, #4504, #4505, #4506, #4507, #4508, #4509, #4510, #4511, #4512 ), .UNSPECIFIED., .F., .F., ( 4, 2, 2, 2, 4 ), ( 0.00592256473845480, 0.00729220596848797, 0.00866184719852114, 0.0100314884285543, 0.0114011296585875 ), .UNSPECIFIED. );
#3630 = VERTEX_POINT( '', #4513 );
#3631 = LINE( '', #4514, #4515 );
#3632 = LINE( '', #4516, #4517 );
#3633 = FILL_AREA_STYLE_COLOUR( '', #4518 );
#3634 = VERTEX_POINT( '', #4519 );
#3635 = VERTEX_POINT( '', #4520 );
#3636 = LINE( '', #4521, #4522 );
#3637 = VERTEX_POINT( '', #4523 );
#3638 = LINE( '', #4524, #4525 );
#3639 = VERTEX_POINT( '', #4526 );
#3640 = LINE( '', #4527, #4528 );
#3641 = LINE( '', #4529, #4530 );
#3642 = FILL_AREA_STYLE_COLOUR( '', #4531 );
#3643 = VERTEX_POINT( '', #4532 );
#3644 = VERTEX_POINT( '', #4533 );
#3645 = LINE( '', #4534, #4535 );
#3646 = LINE( '', #4536, #4537 );
#3647 = LINE( '', #4538, #4539 );
#3648 = FILL_AREA_STYLE_COLOUR( '', #4540 );
#3649 = VERTEX_POINT( '', #4541 );
#3650 = LINE( '', #4542, #4543 );
#3651 = VERTEX_POINT( '', #4544 );
#3652 = LINE( '', #4545, #4546 );
#3653 = LINE( '', #4547, #4548 );
#3654 = FILL_AREA_STYLE_COLOUR( '', #4549 );
#3655 = VERTEX_POINT( '', #4550 );
#3656 = LINE( '', #4551, #4552 );
#3657 = LINE( '', #4553, #4554 );
#3658 = LINE( '', #4555, #4556 );
#3659 = FILL_AREA_STYLE_COLOUR( '', #4557 );
#3660 = VERTEX_POINT( '', #4558 );
#3661 = LINE( '', #4559, #4560 );
#3662 = VERTEX_POINT( '', #4561 );
#3663 = LINE( '', #4562, #4563 );
#3664 = LINE( '', #4564, #4565 );
#3665 = FILL_AREA_STYLE_COLOUR( '', #4566 );
#3666 = VERTEX_POINT( '', #4567 );
#3667 = LINE( '', #4568, #4569 );
#3668 = LINE( '', #4570, #4571 );
#3669 = FILL_AREA_STYLE_COLOUR( '', #4572 );
#3670 = VERTEX_POINT( '', #4573 );
#3671 = LINE( '', #4574, #4575 );
#3672 = VERTEX_POINT( '', #4576 );
#3673 = LINE( '', #4577, #4578 );
#3674 = LINE( '', #4579, #4580 );
#3675 = FILL_AREA_STYLE_COLOUR( '', #4581 );
#3676 = VERTEX_POINT( '', #4582 );
#3677 = LINE( '', #4583, #4584 );
#3678 = LINE( '', #4585, #4586 );
#3679 = FILL_AREA_STYLE_COLOUR( '', #4587 );
#3680 = VERTEX_POINT( '', #4588 );
#3681 = CIRCLE( '', #4589, 2.45850000000000 );
#3682 = VERTEX_POINT( '', #4590 );
#3683 = CIRCLE( '', #4591, 2.45850000000000 );
#3684 = FILL_AREA_STYLE_COLOUR( '', #4592 );
#3685 = VERTEX_POINT( '', #4593 );
#3686 = LINE( '', #4594, #4595 );
#3687 = VERTEX_POINT( '', #4596 );
#3688 = LINE( '', #4597, #4598 );
#3689 = LINE( '', #4599, #4600 );
#3690 = FILL_AREA_STYLE_COLOUR( '', #4601 );
#3691 = LINE( '', #4602, #4603 );
#3692 = FILL_AREA_STYLE_COLOUR( '', #4604 );
#3693 = LINE( '', #4605, #4606 );
#3694 = FILL_AREA_STYLE_COLOUR( '', #4607 );
#3695 = VERTEX_POINT( '', #4608 );
#3696 = LINE( '', #4609, #4610 );
#3697 = VERTEX_POINT( '', #4611 );
#3698 = LINE( '', #4612, #4613 );
#3699 = LINE( '', #4614, #4615 );
#3700 = FILL_AREA_STYLE_COLOUR( '', #4616 );
#3701 = VERTEX_POINT( '', #4617 );
#3702 = LINE( '', #4618, #4619 );
#3703 = LINE( '', #4620, #4621 );
#3704 = FILL_AREA_STYLE_COLOUR( '', #4622 );
#3705 = LINE( '', #4623, #4624 );
#3706 = LINE( '', #4625, #4626 );
#3707 = FILL_AREA_STYLE_COLOUR( '', #4627 );
#3708 = LINE( '', #4628, #4629 );
#3709 = VERTEX_POINT( '', #4630 );
#3710 = LINE( '', #4631, #4632 );
#3711 = LINE( '', #4633, #4634 );
#3712 = FILL_AREA_STYLE_COLOUR( '', #4635 );
#3713 = VERTEX_POINT( '', #4636 );
#3714 = LINE( '', #4637, #4638 );
#3715 = LINE( '', #4639, #4640 );
#3716 = FILL_AREA_STYLE_COLOUR( '', #4641 );
#3717 = VERTEX_POINT( '', #4642 );
#3718 = B_SPLINE_CURVE_WITH_KNOTS( '', 3, ( #4643, #4644, #4645, #4646, #4647, #4648, #4649, #4650, #4651, #4652 ), .UNSPECIFIED., .F., .F., ( 4, 2, 2, 2, 4 ), ( 0.00592256473845480, 0.00729220596848797, 0.00866184719852114, 0.0100314884285543, 0.0114011296585875 ), .UNSPECIFIED. );
#3719 = VERTEX_POINT( '', #4653 );
#3720 = B_SPLINE_CURVE_WITH_KNOTS( '', 3, ( #4654, #4655, #4656, #4657, #4658, #4659, #4660, #4661, #4662, #4663, #4664, #4665 ), .UNSPECIFIED., .F., .F., ( 4, 2, 2, 2, 2, 4 ), ( 0.0114011296585875, 0.0120873181572588, 0.0127735066559302, 0.0141458836532730, 0.0155182606506157, 0.0168906376479585 ), .UNSPECIFIED. );
#3721 = VERTEX_POINT( '', #4666 );
#3722 = LINE( '', #4667, #4668 );
#3723 = LINE( '', #4669, #4670 );
#3724 = FILL_AREA_STYLE_COLOUR( '', #4671 );
#3725 = VERTEX_POINT( '', #4672 );
#3726 = VERTEX_POINT( '', #4673 );
#3727 = LINE( '', #4674, #4675 );
#3728 = VERTEX_POINT( '', #4676 );
#3729 = LINE( '', #4677, #4678 );
#3730 = VERTEX_POINT( '', #4679 );
#3731 = LINE( '', #4680, #4681 );
#3732 = LINE( '', #4682, #4683 );
#3733 = FILL_AREA_STYLE_COLOUR( '', #4684 );
#3734 = VERTEX_POINT( '', #4685 );
#3735 = LINE( '', #4686, #4687 );
#3736 = VERTEX_POINT( '', #4688 );
#3737 = LINE( '', #4689, #4690 );
#3738 = VERTEX_POINT( '', #4691 );
#3739 = LINE( '', #4692, #4693 );
#3740 = LINE( '', #4694, #4695 );
#3741 = FILL_AREA_STYLE_COLOUR( '', #4696 );
#3742 = VERTEX_POINT( '', #4697 );
#3743 = LINE( '', #4698, #4699 );
#3744 = VERTEX_POINT( '', #4700 );
#3745 = LINE( '', #4701, #4702 );
#3746 = LINE( '', #4703, #4704 );
#3747 = FILL_AREA_STYLE_COLOUR( '', #4705 );
#3748 = VERTEX_POINT( '', #4706 );
#3749 = LINE( '', #4707, #4708 );
#3750 = LINE( '', #4709, #4710 );
#3751 = FILL_AREA_STYLE_COLOUR( '', #4711 );
#3752 = VERTEX_POINT( '', #4712 );
#3753 = VERTEX_POINT( '', #4713 );
#3754 = LINE( '', #4714, #4715 );
#3755 = LINE( '', #4716, #4717 );
#3756 = VERTEX_POINT( '', #4718 );
#3757 = LINE( '', #4719, #4720 );
#3758 = LINE( '', #4721, #4722 );
#3759 = FILL_AREA_STYLE_COLOUR( '', #4723 );
#3760 = VERTEX_POINT( '', #4724 );
#3761 = LINE( '', #4725, #4726 );
#3762 = VERTEX_POINT( '', #4727 );
#3763 = LINE( '', #4728, #4729 );
#3764 = LINE( '', #4730, #4731 );
#3765 = FILL_AREA_STYLE_COLOUR( '', #4732 );
#3766 = VERTEX_POINT( '', #4733 );
#3767 = LINE( '', #4734, #4735 );
#3768 = LINE( '', #4736, #4737 );
#3769 = LINE( '', #4738, #4739 );
#3770 = FILL_AREA_STYLE_COLOUR( '', #4740 );
#3771 = VERTEX_POINT( '', #4741 );
#3772 = LINE( '', #4742, #4743 );
#3773 = VERTEX_POINT( '', #4744 );
#3774 = LINE( '', #4745, #4746 );
#3775 = VERTEX_POINT( '', #4747 );
#3776 = LINE( '', #4748, #4749 );
#3777 = LINE( '', #4750, #4751 );
#3778 = FILL_AREA_STYLE_COLOUR( '', #4752 );
#3779 = LINE( '', #4753, #4754 );
#3780 = FILL_AREA_STYLE_COLOUR( '', #4755 );
#3781 = VERTEX_POINT( '', #4756 );
#3782 = LINE( '', #4757, #4758 );
#3783 = VERTEX_POINT( '', #4759 );
#3784 = LINE( '', #4760, #4761 );
#3785 = LINE( '', #4762, #4763 );
#3786 = FILL_AREA_STYLE_COLOUR( '', #4764 );
#3787 = LINE( '', #4765, #4766 );
#3788 = FILL_AREA_STYLE_COLOUR( '', #4767 );
#3789 = VERTEX_POINT( '', #4768 );
#3790 = LINE( '', #4769, #4770 );
#3791 = LINE( '', #4771, #4772 );
#3792 = FILL_AREA_STYLE_COLOUR( '', #4773 );
#3793 = LINE( '', #4774, #4775 );
#3794 = LINE( '', #4776, #4777 );
#3795 = FILL_AREA_STYLE_COLOUR( '', #4778 );
#3796 = LINE( '', #4779, #4780 );
#3797 = LINE( '', #4781, #4782 );
#3798 = FILL_AREA_STYLE_COLOUR( '', #4783 );
#3799 = LINE( '', #4784, #4785 );
#3800 = VERTEX_POINT( '', #4786 );
#3801 = LINE( '', #4787, #4788 );
#3802 = LINE( '', #4789, #4790 );
#3803 = FILL_AREA_STYLE_COLOUR( '', #4791 );
#3804 = LINE( '', #4792, #4793 );
#3805 = FILL_AREA_STYLE_COLOUR( '', #4794 );
#3806 = VERTEX_POINT( '', #4795 );
#3807 = LINE( '', #4796, #4797 );
#3808 = LINE( '', #4798, #4799 );
#3809 = FILL_AREA_STYLE_COLOUR( '', #4800 );
#3810 = VERTEX_POINT( '', #4801 );
#3811 = LINE( '', #4802, #4803 );
#3812 = LINE( '', #4804, #4805 );
#3813 = FILL_AREA_STYLE_COLOUR( '', #4806 );
#3814 = LINE( '', #4807, #4808 );
#3815 = LINE( '', #4809, #4810 );
#3816 = FILL_AREA_STYLE_COLOUR( '', #4811 );
#3817 = VERTEX_POINT( '', #4812 );
#3818 = LINE( '', #4813, #4814 );
#3819 = LINE( '', #4815, #4816 );
#3820 = FILL_AREA_STYLE_COLOUR( '', #4817 );
#3821 = VERTEX_POINT( '', #4818 );
#3822 = LINE( '', #4819, #4820 );
#3823 = VERTEX_POINT( '', #4821 );
#3824 = LINE( '', #4822, #4823 );
#3825 = LINE( '', #4824, #4825 );
#3826 = FILL_AREA_STYLE_COLOUR( '', #4826 );
#3827 = VERTEX_POINT( '', #4827 );
#3828 = CIRCLE( '', #4828, 5.00000000000000 );
#3829 = B_SPLINE_CURVE_WITH_KNOTS( '', 3, ( #4829, #4830, #4831, #4832, #4833, #4834, #4835, #4836, #4837, #4838 ), .UNSPECIFIED., .F., .F., ( 4, 2, 2, 2, 4 ), ( 0.00592256473845481, 0.00729220596848798, 0.00866184719852114, 0.0100314884285543, 0.0114011296585875 ), .UNSPECIFIED. );
#3830 = FILL_AREA_STYLE_COLOUR( '', #4839 );
#3831 = LINE( '', #4840, #4841 );
#3832 = LINE( '', #4842, #4843 );
#3833 = FILL_AREA_STYLE_COLOUR( '', #4844 );
#3834 = VERTEX_POINT( '', #4845 );
#3835 = CIRCLE( '', #4846, 2.45850000000000 );
#3836 = VERTEX_POINT( '', #4847 );
#3837 = CIRCLE( '', #4848, 3.11850000000000 );
#3838 = FILL_AREA_STYLE_COLOUR( '', #4849 );
#3839 = LINE( '', #4850, #4851 );
#3840 = FILL_AREA_STYLE_COLOUR( '', #4852 );
#3841 = VERTEX_POINT( '', #4853 );
#3842 = LINE( '', #4854, #4855 );
#3843 = LINE( '', #4856, #4857 );
#3844 = FILL_AREA_STYLE_COLOUR( '', #4858 );
#3845 = LINE( '', #4859, #4860 );
#3846 = LINE( '', #4861, #4862 );
#3847 = FILL_AREA_STYLE_COLOUR( '', #4863 );
#3848 = LINE( '', #4864, #4865 );
#3849 = LINE( '', #4866, #4867 );
#3850 = FILL_AREA_STYLE_COLOUR( '', #4868 );
#3851 = VERTEX_POINT( '', #4869 );
#3852 = LINE( '', #4870, #4871 );
#3853 = LINE( '', #4872, #4873 );
#3854 = FILL_AREA_STYLE_COLOUR( '', #4874 );
#3855 = LINE( '', #4875, #4876 );
#3856 = LINE( '', #4877, #4878 );
#3857 = FILL_AREA_STYLE_COLOUR( '', #4879 );
#3858 = VERTEX_POINT( '', #4880 );
#3859 = VERTEX_POINT( '', #4881 );
#3860 = LINE( '', #4882, #4883 );
#3861 = LINE( '', #4884, #4885 );
#3862 = VERTEX_POINT( '', #4886 );
#3863 = LINE( '', #4887, #4888 );
#3864 = LINE( '', #4889, #4890 );
#3865 = FILL_AREA_STYLE_COLOUR( '', #4891 );
#3866 = VERTEX_POINT( '', #4892 );
#3867 = LINE( '', #4893, #4894 );
#3868 = LINE( '', #4895, #4896 );
#3869 = FILL_AREA_STYLE_COLOUR( '', #4897 );
#3870 = FILL_AREA_STYLE_COLOUR( '', #4898 );
#3871 = VERTEX_POINT( '', #4899 );
#3872 = LINE( '', #4900, #4901 );
#3873 = LINE( '', #4902, #4903 );
#3874 = FILL_AREA_STYLE_COLOUR( '', #4904 );
#3875 = LINE( '', #4905, #4906 );
#3876 = FILL_AREA_STYLE_COLOUR( '', #4907 );
#3877 = LINE( '', #4908, #4909 );
#3878 = FILL_AREA_STYLE_COLOUR( '', #4910 );
#3879 = B_SPLINE_CURVE_WITH_KNOTS( '', 3, ( #4911, #4912, #4913, #4914, #4915, #4916, #4917, #4918, #4919, #4920, #4921, #4922 ), .UNSPECIFIED., .F., .F., ( 4, 2, 2, 2, 2, 4 ), ( 0.0114011296585875, 0.0120873181572589, 0.0127735066559302, 0.0141458836532730, 0.0155182606506157, 0.0168906376479585 ), .UNSPECIFIED. );
#3880 = LINE( '', #4923, #4924 );
#3881 = FILL_AREA_STYLE_COLOUR( '', #4925 );
#3882 = VERTEX_POINT( '', #4926 );
#3883 = LINE( '', #4927, #4928 );
#3884 = LINE( '', #4929, #4930 );
#3885 = FILL_AREA_STYLE_COLOUR( '', #4931 );
#3886 = FILL_AREA_STYLE_COLOUR( '', #4932 );
#3887 = CIRCLE( '', #4933, 5.00000000000000 );
#3888 = FILL_AREA_STYLE_COLOUR( '', #4934 );
#3889 = LINE( '', #4935, #4936 );
#3890 = LINE( '', #4937, #4938 );
#3891 = FILL_AREA_STYLE_COLOUR( '', #4939 );
#3892 = VERTEX_POINT( '', #4940 );
#3893 = VERTEX_POINT( '', #4941 );
#3894 = LINE( '', #4942, #4943 );
#3895 = VERTEX_POINT( '', #4944 );
#3896 = LINE( '', #4945, #4946 );
#3897 = VERTEX_POINT( '', #4947 );
#3898 = LINE( '', #4948, #4949 );
#3899 = LINE( '', #4950, #4951 );
#3900 = FILL_AREA_STYLE_COLOUR( '', #4952 );
#3901 = LINE( '', #4953, #4954 );
#3902 = VERTEX_POINT( '', #4955 );
#3903 = LINE( '', #4956, #4957 );
#3904 = LINE( '', #4958, #4959 );
#3905 = FILL_AREA_STYLE_COLOUR( '', #4960 );
#3906 = VERTEX_POINT( '', #4961 );
#3907 = LINE( '', #4962, #4963 );
#3908 = VERTEX_POINT( '', #4964 );
#3909 = LINE( '', #4965, #4966 );
#3910 = LINE( '', #4967, #4968 );
#3911 = FILL_AREA_STYLE_COLOUR( '', #4969 );
#3912 = FILL_AREA_STYLE_COLOUR( '', #4970 );
#3913 = VERTEX_POINT( '', #4971 );
#3914 = LINE( '', #4972, #4973 );
#3915 = LINE( '', #4974, #4975 );
#3916 = LINE( '', #4976, #4977 );
#3917 = FILL_AREA_STYLE_COLOUR( '', #4978 );
#3918 = FILL_AREA_STYLE_COLOUR( '', #4979 );
#3919 = VERTEX_POINT( '', #4980 );
#3920 = LINE( '', #4981, #4982 );
#3921 = LINE( '', #4983, #4984 );
#3922 = FILL_AREA_STYLE_COLOUR( '', #4985 );
#3923 = LINE( '', #4986, #4987 );
#3924 = VERTEX_POINT( '', #4988 );
#3925 = LINE( '', #4989, #4990 );
#3926 = LINE( '', #4991, #4992 );
#3927 = FILL_AREA_STYLE_COLOUR( '', #4993 );
#3928 = FILL_AREA_STYLE_COLOUR( '', #4994 );
#3929 = CIRCLE( '', #4995, 5.00000000000000 );
#3930 = FILL_AREA_STYLE_COLOUR( '', #4996 );
#3931 = FILL_AREA_STYLE_COLOUR( '', #4997 );
#3932 = LINE( '', #4998, #4999 );
#3933 = FILL_AREA_STYLE_COLOUR( '', #5000 );
#3934 = LINE( '', #5001, #5002 );
#3935 = FILL_AREA_STYLE_COLOUR( '', #5003 );
#3936 = LINE( '', #5004, #5005 );
#3937 = FILL_AREA_STYLE_COLOUR( '', #5006 );
#3938 = LINE( '', #5007, #5008 );
#3939 = FILL_AREA_STYLE_COLOUR( '', #5009 );
#3940 = LINE( '', #5010, #5011 );
#3941 = FILL_AREA_STYLE_COLOUR( '', #5012 );
#3942 = VERTEX_POINT( '', #5013 );
#3943 = LINE( '', #5014, #5015 );
#3944 = LINE( '', #5016, #5017 );
#3945 = FILL_AREA_STYLE_COLOUR( '', #5018 );
#3946 = LINE( '', #5019, #5020 );
#3947 = LINE( '', #5021, #5022 );
#3948 = FILL_AREA_STYLE_COLOUR( '', #5023 );
#3949 = VERTEX_POINT( '', #5024 );
#3950 = LINE( '', #5025, #5026 );
#3951 = LINE( '', #5027, #5028 );
#3952 = FILL_AREA_STYLE_COLOUR( '', #5029 );
#3953 = VERTEX_POINT( '', #5030 );
#3954 = LINE( '', #5031, #5032 );
#3955 = LINE( '', #5033, #5034 );
#3956 = FILL_AREA_STYLE_COLOUR( '', #5035 );
#3957 = LINE( '', #5036, #5037 );
#3958 = FILL_AREA_STYLE_COLOUR( '', #5038 );
#3959 = LINE( '', #5039, #5040 );
#3960 = FILL_AREA_STYLE_COLOUR( '', #5041 );
#3961 = LINE( '', #5042, #5043 );
#3962 = VERTEX_POINT( '', #5044 );
#3963 = LINE( '', #5045, #5046 );
#3964 = LINE( '', #5047, #5048 );
#3965 = VERTEX_POINT( '', #5049 );
#3966 = LINE( '', #5050, #5051 );
#3967 = LINE( '', #5052, #5053 );
#3968 = VERTEX_POINT( '', #5054 );
#3969 = VERTEX_POINT( '', #5055 );
#3970 = LINE( '', #5056, #5057 );
#3971 = VERTEX_POINT( '', #5058 );
#3972 = LINE( '', #5059, #5060 );
#3973 = VERTEX_POINT( '', #5061 );
#3974 = LINE( '', #5062, #5063 );
#3975 = LINE( '', #5064, #5065 );
#3976 = LINE( '', #5066, #5067 );
#3977 = LINE( '', #5068, #5069 );
#3978 = LINE( '', #5070, #5071 );
#3979 = LINE( '', #5072, #5073 );
#3980 = LINE( '', #5074, #5075 );
#3981 = LINE( '', #5076, #5077 );
#3982 = LINE( '', #5078, #5079 );
#3983 = LINE( '', #5080, #5081 );
#3984 = VERTEX_POINT( '', #5082 );
#3985 = LINE( '', #5083, #5084 );
#3986 = LINE( '', #5085, #5086 );
#3987 = FILL_AREA_STYLE_COLOUR( '', #5087 );
#3988 = FILL_AREA_STYLE_COLOUR( '', #5088 );
#3989 = LINE( '', #5089, #5090 );
#3990 = LINE( '', #5091, #5092 );
#3991 = FILL_AREA_STYLE_COLOUR( '', #5093 );
#3992 = LINE( '', #5094, #5095 );
#3993 = FILL_AREA_STYLE_COLOUR( '', #5096 );
#3994 = LINE( '', #5097, #5098 );
#3995 = FILL_AREA_STYLE_COLOUR( '', #5099 );
#3996 = FILL_AREA_STYLE_COLOUR( '', #5100 );
#3997 = FILL_AREA_STYLE_COLOUR( '', #5101 );
#3998 = VERTEX_POINT( '', #5102 );
#3999 = LINE( '', #5103, #5104 );
#4000 = VERTEX_POINT( '', #5105 );
#4001 = LINE( '', #5106, #5107 );
#4002 = LINE( '', #5108, #5109 );
#4003 = FILL_AREA_STYLE_COLOUR( '', #5110 );
#4004 = FILL_AREA_STYLE_COLOUR( '', #5111 );
#4005 = FILL_AREA_STYLE_COLOUR( '', #5112 );
#4006 = LINE( '', #5113, #5114 );
#4007 = VERTEX_POINT( '', #5115 );
#4008 = LINE( '', #5116, #5117 );
#4009 = LINE( '', #5118, #5119 );
#4010 = FILL_AREA_STYLE_COLOUR( '', #5120 );
#4011 = LINE( '', #5121, #5122 );
#4012 = FILL_AREA_STYLE_COLOUR( '', #5123 );
#4013 = LINE( '', #5124, #5125 );
#4014 = FILL_AREA_STYLE_COLOUR( '', #5126 );
#4015 = LINE( '', #5127, #5128 );
#4016 = LINE( '', #5129, #5130 );
#4017 = FILL_AREA_STYLE_COLOUR( '', #5131 );
#4018 = FILL_AREA_STYLE_COLOUR( '', #5132 );
#4019 = LINE( '', #5133, #5134 );
#4020 = FILL_AREA_STYLE_COLOUR( '', #5135 );
#4021 = LINE( '', #5136, #5137 );
#4022 = FILL_AREA_STYLE_COLOUR( '', #5138 );
#4023 = FILL_AREA_STYLE_COLOUR( '', #5139 );
#4024 = FILL_AREA_STYLE_COLOUR( '', #5140 );
#4025 = FILL_AREA_STYLE_COLOUR( '', #5141 );
#4026 = LINE( '', #5142, #5143 );
#4027 = FILL_AREA_STYLE_COLOUR( '', #5144 );
#4028 = LINE( '', #5145, #5146 );
#4029 = FILL_AREA_STYLE_COLOUR( '', #5147 );
#4030 = CIRCLE( '', #5148, 5.00000000000000 );
#4031 = FILL_AREA_STYLE_COLOUR( '', #5149 );
#4032 = FILL_AREA_STYLE_COLOUR( '', #5150 );
#4033 = FILL_AREA_STYLE_COLOUR( '', #5151 );
#4034 = FILL_AREA_STYLE_COLOUR( '', #5152 );
#4035 = FILL_AREA_STYLE_COLOUR( '', #5153 );
#4036 = FILL_AREA_STYLE_COLOUR( '', #5154 );
#4037 = FILL_AREA_STYLE_COLOUR( '', #5155 );
#4038 = FILL_AREA_STYLE_COLOUR( '', #5156 );
#4039 = FILL_AREA_STYLE_COLOUR( '', #5157 );
#4040 = FILL_AREA_STYLE_COLOUR( '', #5158 );
#4041 = FILL_AREA_STYLE_COLOUR( '', #5159 );
#4042 = FILL_AREA_STYLE_COLOUR( '', #5160 );
#4043 = FILL_AREA_STYLE_COLOUR( '', #5161 );
#4044 = FILL_AREA_STYLE_COLOUR( '', #5162 );
#4045 = FILL_AREA_STYLE_COLOUR( '', #5163 );
#4046 = COLOUR_RGB( '', 0.780392169952393, 0.564705908298492, 0.109803922474384 );
#4047 = CARTESIAN_POINT( '', ( 3.24500000000000, -3.24500000000000, -3.20000000000000 ) );
#4048 = CARTESIAN_POINT( '', ( 3.54500000000000, -3.54500000000000, -3.50000000000000 ) );
#4049 = CARTESIAN_POINT( '', ( 3.44500000000000, -3.44500000000000, -3.40000000000000 ) );
#4050 = VECTOR( '', #5164, 999.999999999999 );
#4051 = CARTESIAN_POINT( '', ( 3.54500000000000, -4.07500000000000, -3.50000000000000 ) );
#4052 = CARTESIAN_POINT( '', ( 3.54500000000000, -3.24500000000000, -3.50000000000000 ) );
#4053 = VECTOR( '', #5165, 1000.00000000000 );
#4054 = CARTESIAN_POINT( '', ( 3.24500000000000, -4.37500000000000, -3.20000000000000 ) );
#4055 = CARTESIAN_POINT( '', ( 3.82166666666668, -3.79833333333333, -3.77666666666667 ) );
#4056 = VECTOR( '', #5166, 1000.00000000000 );
#4057 = CARTESIAN_POINT( '', ( 3.24500000000000, -4.37500000000000, -3.20000000000000 ) );
#4058 = VECTOR( '', #5167, 1000.00000000000 );
#4059 = COLOUR_RGB( '', 0.780392169952393, 0.564705908298492, 0.109803922474384 );
#4060 = CARTESIAN_POINT( '', ( -3.54500000000000, -4.07500000000000, -3.50000000000000 ) );
#4061 = CARTESIAN_POINT( '', ( -3.24500000000000, -4.37500000000000, -3.20000000000000 ) );
#4062 = CARTESIAN_POINT( '', ( -3.82166666666667, -3.79833333333334, -3.77666666666667 ) );
#4063 = VECTOR( '', #5168, 1000.00000000000 );
#4064 = CARTESIAN_POINT( '', ( -4.37500000000000, -4.37500000000000, -3.20000000000000 ) );
#4065 = CARTESIAN_POINT( '', ( -3.24500000000000, -4.37500000000000, -3.20000000000000 ) );
#4066 = VECTOR( '', #5169, 1000.00000000000 );
#4067 = CARTESIAN_POINT( '', ( -4.07500000000000, -4.07500000000000, -3.50000000000000 ) );
#4068 = CARTESIAN_POINT( '', ( -3.79833333333333, -3.79833333333333, -3.77666666666667 ) );
#4069 = VECTOR( '', #5170, 1000.00000000000 );
#4070 = CARTESIAN_POINT( '', ( -4.37500000000000, -4.07500000000000, -3.50000000000000 ) );
#4071 = VECTOR( '', #5171, 1000.00000000000 );
#4072 = COLOUR_RGB( '', 0.780392169952393, 0.564705908298492, 0.109803922474384 );
#4073 = CARTESIAN_POINT( '', ( 3.24500000000000, 4.37500000000000, -3.20000000000000 ) );
#4074 = CARTESIAN_POINT( '', ( 3.54500000000000, 4.07500000000000, -3.50000000000000 ) );
#4075 = CARTESIAN_POINT( '', ( 3.44500000000000, 4.17500000000000, -3.40000000000000 ) );
#4076 = VECTOR( '', #5172, 999.999999999999 );
#4077 = CARTESIAN_POINT( '', ( 3.54500000000000, 3.54500000000000, -3.50000000000000 ) );
#4078 = CARTESIAN_POINT( '', ( 3.54500000000000, 4.37500000000000, -3.50000000000000 ) );
#4079 = VECTOR( '', #5173, 1000.00000000000 );
#4080 = CARTESIAN_POINT( '', ( 3.24500000000000, 3.24500000000000, -3.20000000000000 ) );
#4081 = CARTESIAN_POINT( '', ( 3.82166666666668, 3.82166666666667, -3.77666666666667 ) );
#4082 = VECTOR( '', #5174, 1000.00000000000 );
#4083 = CARTESIAN_POINT( '', ( 3.24500000000000, 3.24500000000000, -3.20000000000000 ) );
#4084 = VECTOR( '', #5175, 1000.00000000000 );
#4085 = COLOUR_RGB( '', 0.780392169952393, 0.564705908298492, 0.109803922474384 );
#4086 = CARTESIAN_POINT( '', ( 0.705000000000000, -0.705000000000000, -3.20000000000000 ) );
#4087 = CARTESIAN_POINT( '', ( 1.00500000000000, -1.00500000000000, -3.50000000000000 ) );
#4088 = CARTESIAN_POINT( '', ( 0.905000000000000, -0.905000000000000, -3.40000000000000 ) );
#4089 = VECTOR( '', #5176, 999.999999999999 );
#4090 = CARTESIAN_POINT( '', ( 1.00500000000000, -1.53500000000000, -3.50000000000000 ) );
#4091 = CARTESIAN_POINT( '', ( 1.00500000000000, -0.704999999999992, -3.50000000000000 ) );
#4092 = VECTOR( '', #5177, 1000.00000000000 );
#4093 = CARTESIAN_POINT( '', ( 0.705000000000000, -1.83500000000000, -3.20000000000000 ) );
#4094 = CARTESIAN_POINT( '', ( 1.28166666666667, -1.25833333333333, -3.77666666666667 ) );
#4095 = VECTOR( '', #5178, 1000.00000000000 );
#4096 = CARTESIAN_POINT( '', ( 0.705000000000000, -1.83500000000000, -3.20000000000000 ) );
#4097 = VECTOR( '', #5179, 1000.00000000000 );
#4098 = COLOUR_RGB( '', 0.780392169952393, 0.564705908298492, 0.109803922474384 );
#4099 = CARTESIAN_POINT( '', ( -3.54500000000000, 4.07500000000000, -3.50000000000000 ) );
#4100 = CARTESIAN_POINT( '', ( -3.54500000000000, 3.54500000000000, -3.50000000000000 ) );
#4101 = CARTESIAN_POINT( '', ( -3.54500000000000, 3.24500000000000, -3.50000000000000 ) );
#4102 = VECTOR( '', #5180, 1000.00000000000 );
#4103 = CARTESIAN_POINT( '', ( -4.07500000000000, 3.54500000000000, -3.50000000000000 ) );
#4104 = CARTESIAN_POINT( '', ( -4.37500000000000, 3.54500000000000, -3.50000000000000 ) );
#4105 = VECTOR( '', #5181, 1000.00000000000 );
#4106 = CARTESIAN_POINT( '', ( -4.07500000000000, 4.07500000000000, -3.50000000000000 ) );
#4107 = CARTESIAN_POINT( '', ( -4.07500000000000, 4.37500000000000, -3.50000000000000 ) );
#4108 = VECTOR( '', #5182, 1000.00000000000 );
#4109 = CARTESIAN_POINT( '', ( -3.24500000000000, 4.07500000000000, -3.50000000000000 ) );
#4110 = VECTOR( '', #5183, 1000.00000000000 );
#4111 = COLOUR_RGB( '', 0.780392169952393, 0.564705908298492, 0.109803922474384 );
#4112 = CARTESIAN_POINT( '', ( -4.37500000000000, 4.37500000000000, -3.20000000000000 ) );
#4113 = CARTESIAN_POINT( '', ( -4.17500000000000, 4.17500000000000, -3.40000000000000 ) );
#4114 = VECTOR( '', #5184, 999.999999999999 );
#4115 = CARTESIAN_POINT( '', ( -3.24500000000000, 4.37500000000000, -3.20000000000000 ) );
#4116 = CARTESIAN_POINT( '', ( -4.37500000000000, 4.37500000000000, -3.20000000000000 ) );
#4117 = VECTOR( '', #5185, 1000.00000000000 );
#4118 = CARTESIAN_POINT( '', ( -3.82166666666667, 3.79833333333334, -3.77666666666667 ) );
#4119 = VECTOR( '', #5186, 1000.00000000000 );
#4120 = COLOUR_RGB( '', 0.780392169952393, 0.564705908298492, 0.109803922474384 );
#4121 = CARTESIAN_POINT( '', ( -3.54500000000000, -3.54500000000000, -3.50000000000000 ) );
#4122 = CARTESIAN_POINT( '', ( -3.54500000000000, -4.37500000000000, -3.50000000000000 ) );
#4123 = VECTOR( '', #5187, 1000.00000000000 );
#4124 = CARTESIAN_POINT( '', ( -4.07500000000000, -3.54500000000000, -3.50000000000000 ) );
#4125 = CARTESIAN_POINT( '', ( -4.07500000000000, -3.24500000000000, -3.50000000000000 ) );
#4126 = VECTOR( '', #5188, 1000.00000000000 );
#4127 = CARTESIAN_POINT( '', ( -3.24500000000000, -3.54500000000000, -3.50000000000000 ) );
#4128 = VECTOR( '', #5189, 1000.00000000000 );
#4129 = COLOUR_RGB( '', 0.780392169952393, 0.564705908298492, 0.109803922474384 );
#4130 = CARTESIAN_POINT( '', ( -3.24500000000000, 1.83500000000000, -3.20000000000000 ) );
#4131 = CARTESIAN_POINT( '', ( -3.24500000000000, 1.83500000000000, 0.000000000000000 ) );
#4132 = CARTESIAN_POINT( '', ( -3.24500000000000, 1.83500000000000, -3.50000000000000 ) );
#4133 = VECTOR( '', #5190, 1000.00000000000 );
#4134 = CARTESIAN_POINT( '', ( -4.37500000000000, 1.83500000000000, -3.20000000000000 ) );
#4135 = CARTESIAN_POINT( '', ( -4.37500000000000, 1.83500000000000, -3.20000000000000 ) );
#4136 = VECTOR( '', #5191, 1000.00000000000 );
#4137 = CARTESIAN_POINT( '', ( -4.37500000000000, 1.83500000000000, 0.000000000000000 ) );
#4138 = CARTESIAN_POINT( '', ( -4.37500000000000, 1.83500000000000, -3.50000000000000 ) );
#4139 = VECTOR( '', #5192, 1000.00000000000 );
#4140 = CARTESIAN_POINT( '', ( -4.37500000000000, 1.83500000000000, 0.000000000000000 ) );
#4141 = VECTOR( '', #5193, 1000.00000000000 );
#4142 = COLOUR_RGB( '', 0.780392169952393, 0.564705908298492, 0.109803922474384 );
#4143 = CARTESIAN_POINT( '', ( 0.705000000000000, -1.83500000000000, 0.000000000000000 ) );
#4144 = CARTESIAN_POINT( '', ( 0.705000000000000, -1.83500000000000, -3.50000000000000 ) );
#4145 = VECTOR( '', #5194, 1000.00000000000 );
#4146 = CARTESIAN_POINT( '', ( 1.83500000000000, -1.83500000000000, -3.20000000000000 ) );
#4147 = CARTESIAN_POINT( '', ( 1.83500000000000, -1.83500000000000, -3.20000000000000 ) );
#4148 = VECTOR( '', #5195, 1000.00000000000 );
#4149 = CARTESIAN_POINT( '', ( 1.83500000000000, -1.83500000000000, 0.000000000000000 ) );
#4150 = CARTESIAN_POINT( '', ( 1.83500000000000, -1.83500000000000, -3.50000000000000 ) );
#4151 = VECTOR( '', #5196, 1000.00000000000 );
#4152 = CARTESIAN_POINT( '', ( 1.83500000000000, -1.83500000000000, 0.000000000000000 ) );
#4153 = VECTOR( '', #5197, 1000.00000000000 );
#4154 = COLOUR_RGB( '', 0.780392169952393, 0.564705908298492, 0.109803922474384 );
#4155 = CARTESIAN_POINT( '', ( 1.83500000000000, -0.705000000000000, -3.20000000000000 ) );
#4156 = CARTESIAN_POINT( '', ( 1.83500000000000, -0.705000000000000, -3.20000000000000 ) );
#4157 = VECTOR( '', #5198, 1000.00000000000 );
#4158 = CARTESIAN_POINT( '', ( 1.83500000000000, -0.705000000000000, 0.000000000000000 ) );
#4159 = CARTESIAN_POINT( '', ( 1.83500000000000, -0.705000000000000, -3.50000000000000 ) );
#4160 = VECTOR( '', #5199, 1000.00000000000 );
#4161 = CARTESIAN_POINT( '', ( 1.83500000000000, -0.705000000000000, 0.000000000000000 ) );
#4162 = VECTOR( '', #5200, 1000.00000000000 );
#4163 = COLOUR_RGB( '', 0.780392169952393, 0.564705908298492, 0.109803922474384 );
#4164 = CARTESIAN_POINT( '', ( 1.53500000000000, 1.00500000000000, -3.50000000000000 ) );
#4165 = CARTESIAN_POINT( '', ( 1.83500000000000, 0.705000000000000, -3.20000000000000 ) );
#4166 = CARTESIAN_POINT( '', ( 1.25833333333333, 1.28166666666667, -3.77666666666667 ) );
#4167 = VECTOR( '', #5201, 1000.00000000000 );
#4168 = CARTESIAN_POINT( '', ( 0.705000000000000, 0.705000000000000, -3.20000000000000 ) );
#4169 = CARTESIAN_POINT( '', ( 1.83500000000000, 0.705000000000000, -3.20000000000000 ) );
#4170 = VECTOR( '', #5202, 1000.00000000000 );
#4171 = CARTESIAN_POINT( '', ( 1.00500000000000, 1.00500000000000, -3.50000000000000 ) );
#4172 = CARTESIAN_POINT( '', ( 1.28166666666667, 1.28166666666667, -3.77666666666667 ) );
#4173 = VECTOR( '', #5203, 1000.00000000000 );
#4174 = CARTESIAN_POINT( '', ( 0.705000000000000, 1.00500000000000, -3.50000000000000 ) );
#4175 = VECTOR( '', #5204, 1000.00000000000 );
#4176 = COLOUR_RGB( '', 0.780392169952393, 0.564705908298492, 0.109803922474384 );
#4177 = CARTESIAN_POINT( '', ( 4.37500000000000, 3.24500000000000, -3.20000000000000 ) );
#4178 = CARTESIAN_POINT( '', ( 4.37500000000000, 3.24500000000000, 0.000000000000000 ) );
#4179 = CARTESIAN_POINT( '', ( 4.37500000000000, 3.24500000000000, -3.50000000000000 ) );
#4180 = VECTOR( '', #5205, 1000.00000000000 );
#4181 = CARTESIAN_POINT( '', ( 4.37500000000000, 4.37500000000000, -3.20000000000000 ) );
#4182 = CARTESIAN_POINT( '', ( 4.37500000000000, 4.37500000000000, -3.20000000000000 ) );
#4183 = VECTOR( '', #5206, 1000.00000000000 );
#4184 = CARTESIAN_POINT( '', ( 4.37500000000000, 4.37500000000000, 0.000000000000000 ) );
#4185 = CARTESIAN_POINT( '', ( 4.37500000000000, 4.37500000000000, -3.50000000000000 ) );
#4186 = VECTOR( '', #5207, 1000.00000000000 );
#4187 = CARTESIAN_POINT( '', ( 4.37500000000000, 4.37500000000000, 0.000000000000000 ) );
#4188 = VECTOR( '', #5208, 1000.00000000000 );
#4189 = COLOUR_RGB( '', 0.780392169952393, 0.564705908298492, 0.109803922474384 );
#4190 = CARTESIAN_POINT( '', ( 5.00000000000000, 5.00000000000000, 8.42893218813452 ) );
#4191 = CARTESIAN_POINT( '', ( 5.00000000000000, 5.00000000000000, 0.000000000000000 ) );
#4192 = CARTESIAN_POINT( '', ( 5.00000000000000, 5.00000000000000, 10.5000000000000 ) );
#4193 = VECTOR( '', #5209, 1000.00000000000 );
#4194 = CARTESIAN_POINT( '', ( 5.00000000000000, -8.67361737988404E-016, 10.5000000000000 ) );
#4195 = CARTESIAN_POINT( '', ( 5.00000000000000, -5.65121131012783E-016, 10.5000000000000 ) );
#4196 = CARTESIAN_POINT( '', ( 5.00000000000000, 0.229815525217706, 10.5000000000000 ) );
#4197 = CARTESIAN_POINT( '', ( 5.00000000000000, 0.462760153895983, 10.4837298737266 ) );
#4198 = CARTESIAN_POINT( '', ( 5.00000000000000, 0.919526631903045, 10.4211863347344 ) );
#4199 = CARTESIAN_POINT( '', ( 5.00000000000000, 1.14435481431857, 10.3751817977139 ) );
#4200 = CARTESIAN_POINT( '', ( 5.00000000000000, 1.80981829107099, 10.1997833149567 ) );
#4201 = CARTESIAN_POINT( '', ( 5.00000000000000, 2.24456337261252, 10.0315582848088 ) );
#4202 = CARTESIAN_POINT( '', ( 5.00000000000000, 3.07445632539981, 9.64183716891034 ) );
#4203 = CARTESIAN_POINT( '', ( 5.00000000000000, 3.47262579094540, 9.42014460994780 ) );
#4204 = CARTESIAN_POINT( '', ( 5.00000000000000, 4.24936485167905, 8.94541280302924 ) );
#4205 = CARTESIAN_POINT( '', ( 5.00000000000000, 4.62778213787899, 8.69212996251906 ) );
#4206 = CARTESIAN_POINT( '', ( 5.00000000000000, 5.00000000000000, 8.42893218813453 ) );
#4207 = CARTESIAN_POINT( '', ( 5.00000000000000, -5.00000000000000, 8.42893218813453 ) );
#4208 = CARTESIAN_POINT( '', ( 5.00000000000000, -5.00000000000000, 8.42893218813453 ) );
#4209 = CARTESIAN_POINT( '', ( 5.00000000000000, -4.62679416757269, 8.69282856302225 ) );
#4210 = CARTESIAN_POINT( '', ( 5.00000000000000, -4.24637639263122, 8.94750616133089 ) );
#4211 = CARTESIAN_POINT( '', ( 5.00000000000000, -3.46178693823667, 9.42649756370783 ) );
#4212 = CARTESIAN_POINT( '', ( 5.00000000000000, -3.06045924801151, 9.64912973567492 ) );
#4213 = CARTESIAN_POINT( '', ( 5.00000000000000, -2.23293624352362, 10.0362763330430 ) );
#4214 = CARTESIAN_POINT( '', ( 5.00000000000000, -1.80541779071004, 10.2015727839683 ) );
#4215 = CARTESIAN_POINT( '', ( 5.00000000000000, -0.911117257687729, 10.4360161708563 ) );
#4216 = CARTESIAN_POINT( '', ( 5.00000000000000, -0.458714798119407, 10.5000000000000 ) );
#4217 = CARTESIAN_POINT( '', ( 5.00000000000000, -5.65121131012783E-016, 10.5000000000000 ) );
#4218 = CARTESIAN_POINT( '', ( 5.00000000000000, -5.00000000000000, 0.000000000000000 ) );
#4219 = CARTESIAN_POINT( '', ( 5.00000000000000, -5.00000000000000, 10.5000000000000 ) );
#4220 = VECTOR( '', #5210, 1000.00000000000 );
#4221 = CARTESIAN_POINT( '', ( 5.00000000000000, -5.00000000000000, 0.000000000000000 ) );
#4222 = VECTOR( '', #5211, 1000.00000000000 );
#4223 = COLOUR_RGB( '', 0.780392169952393, 0.564705908298492, 0.109803922474384 );
#4224 = CARTESIAN_POINT( '', ( 3.24500000000000, 0.705000000000000, -3.20000000000000 ) );
#4225 = CARTESIAN_POINT( '', ( 3.24500000000000, 0.705000000000000, 0.000000000000000 ) );
#4226 = CARTESIAN_POINT( '', ( 3.24500000000000, 0.705000000000000, -3.50000000000000 ) );
#4227 = VECTOR( '', #5212, 1000.00000000000 );
#4228 = CARTESIAN_POINT( '', ( 4.37500000000000, 0.705000000000000, -3.20000000000000 ) );
#4229 = CARTESIAN_POINT( '', ( 4.37500000000000, 0.705000000000000, -3.20000000000000 ) );
#4230 = VECTOR( '', #5213, 1000.00000000000 );
#4231 = CARTESIAN_POINT( '', ( 4.37500000000000, 0.705000000000000, 0.000000000000000 ) );
#4232 = CARTESIAN_POINT( '', ( 4.37500000000000, 0.705000000000000, -3.50000000000000 ) );
#4233 = VECTOR( '', #5214, 1000.00000000000 );
#4234 = CARTESIAN_POINT( '', ( 4.37500000000000, 0.705000000000000, 0.000000000000000 ) );
#4235 = VECTOR( '', #5215, 1000.00000000000 );
#4236 = COLOUR_RGB( '', 0.780392169952393, 0.564705908298492, 0.109803922474384 );
#4237 = CARTESIAN_POINT( '', ( 1.53500000000000, -4.07500000000000, -3.50000000000000 ) );
#4238 = CARTESIAN_POINT( '', ( 1.83500000000000, -4.37500000000000, -3.20000000000000 ) );
#4239 = CARTESIAN_POINT( '', ( 1.25833333333333, -3.79833333333334, -3.77666666666667 ) );
#4240 = VECTOR( '', #5216, 1000.00000000000 );
#4241 = CARTESIAN_POINT( '', ( 0.705000000000000, -4.37500000000000, -3.20000000000000 ) );
#4242 = CARTESIAN_POINT( '', ( 1.83500000000000, -4.37500000000000, -3.20000000000000 ) );
#4243 = VECTOR( '', #5217, 1000.00000000000 );
#4244 = CARTESIAN_POINT( '', ( 1.00500000000000, -4.07500000000000, -3.50000000000000 ) );
#4245 = CARTESIAN_POINT( '', ( 1.28166666666667, -3.79833333333333, -3.77666666666667 ) );
#4246 = VECTOR( '', #5218, 1000.00000000000 );
#4247 = CARTESIAN_POINT( '', ( 0.705000000000000, -4.07500000000000, -3.50000000000000 ) );
#4248 = VECTOR( '', #5219, 1000.00000000000 );
#4249 = COLOUR_RGB( '', 0.780392169952393, 0.564705908298492, 0.109803922474384 );
#4250 = CARTESIAN_POINT( '', ( 1.83500000000000, -3.24500000000000, -3.20000000000000 ) );
#4251 = CARTESIAN_POINT( '', ( 1.83500000000000, -3.24500000000000, 0.000000000000000 ) );
#4252 = CARTESIAN_POINT( '', ( 1.83500000000000, -3.24500000000000, -3.50000000000000 ) );
#4253 = VECTOR( '', #5220, 1000.00000000000 );
#4254 = CARTESIAN_POINT( '', ( 0.705000000000000, -3.24500000000000, -3.20000000000000 ) );
#4255 = CARTESIAN_POINT( '', ( 0.705000000000000, -3.24500000000000, -3.20000000000000 ) );
#4256 = VECTOR( '', #5221, 1000.00000000000 );
#4257 = CARTESIAN_POINT( '', ( 0.705000000000000, -3.24500000000000, 0.000000000000000 ) );
#4258 = CARTESIAN_POINT( '', ( 0.705000000000000, -3.24500000000000, -3.50000000000000 ) );
#4259 = VECTOR( '', #5222, 1000.00000000000 );
#4260 = CARTESIAN_POINT( '', ( 0.705000000000000, -3.24500000000000, 0.000000000000000 ) );
#4261 = VECTOR( '', #5223, 1000.00000000000 );
#4262 = COLOUR_RGB( '', 0.780392169952393, 0.564705908298492, 0.109803922474384 );
#4263 = CARTESIAN_POINT( '', ( 4.37500000000000, -1.83500000000000, -3.20000000000000 ) );
#4264 = CARTESIAN_POINT( '', ( 4.37500000000000, -1.83500000000000, 0.000000000000000 ) );
#4265 = CARTESIAN_POINT( '', ( 4.37500000000000, -1.83500000000000, -3.50000000000000 ) );
#4266 = VECTOR( '', #5224, 1000.00000000000 );
#4267 = CARTESIAN_POINT( '', ( 4.37500000000000, -0.705000000000000, -3.20000000000000 ) );
#4268 = CARTESIAN_POINT( '', ( 4.37500000000000, -0.705000000000000, -3.20000000000000 ) );
#4269 = VECTOR( '', #5225, 1000.00000000000 );
#4270 = CARTESIAN_POINT( '', ( 4.37500000000000, -0.705000000000000, 0.000000000000000 ) );
#4271 = CARTESIAN_POINT( '', ( 4.37500000000000, -0.705000000000000, -3.50000000000000 ) );
#4272 = VECTOR( '', #5226, 1000.00000000000 );
#4273 = CARTESIAN_POINT( '', ( 4.37500000000000, -0.705000000000000, 0.000000000000000 ) );
#4274 = VECTOR( '', #5227, 1000.00000000000 );
#4275 = COLOUR_RGB( '', 0.780392169952393, 0.564705908298492, 0.109803922474384 );
#4276 = CARTESIAN_POINT( '', ( 1.53500000000000, 4.07500000000000, -3.50000000000000 ) );
#4277 = CARTESIAN_POINT( '', ( 1.53500000000000, 3.54500000000000, -3.50000000000000 ) );
#4278 = CARTESIAN_POINT( '', ( 1.53500000000000, 3.24500000000000, -3.50000000000000 ) );
#4279 = VECTOR( '', #5228, 1000.00000000000 );
#4280 = CARTESIAN_POINT( '', ( 1.00500000000000, 3.54500000000000, -3.50000000000000 ) );
#4281 = CARTESIAN_POINT( '', ( 0.705000000000000, 3.54500000000000, -3.50000000000000 ) );
#4282 = VECTOR( '', #5229, 1000.00000000000 );
#4283 = CARTESIAN_POINT( '', ( 1.00500000000000, 4.07500000000000, -3.50000000000000 ) );
#4284 = CARTESIAN_POINT( '', ( 1.00500000000000, 4.37500000000000, -3.50000000000000 ) );
#4285 = VECTOR( '', #5230, 1000.00000000000 );
#4286 = CARTESIAN_POINT( '', ( 1.83500000000000, 4.07500000000000, -3.50000000000000 ) );
#4287 = VECTOR( '', #5231, 1000.00000000000 );
#4288 = COLOUR_RGB( '', 0.780392169952393, 0.564705908298492, 0.109803922474384 );
#4289 = CARTESIAN_POINT( '', ( 1.83500000000000, 4.37500000000000, -3.20000000000000 ) );
#4290 = CARTESIAN_POINT( '', ( 1.25833333333333, 3.79833333333334, -3.77666666666667 ) );
#4291 = VECTOR( '', #5232, 1000.00000000000 );
#4292 = CARTESIAN_POINT( '', ( 1.83500000000000, 3.24500000000000, -3.20000000000000 ) );
#4293 = CARTESIAN_POINT( '', ( 1.83500000000000, 4.37500000000000, -3.20000000000000 ) );
#4294 = VECTOR( '', #5233, 1000.00000000000 );
#4295 = CARTESIAN_POINT( '', ( 1.25833333333333, 3.82166666666667, -3.77666666666667 ) );
#4296 = VECTOR( '', #5234, 1000.00000000000 );
#4297 = COLOUR_RGB( '', 0.780392169952393, 0.564705908298492, 0.109803922474384 );
#4298 = CARTESIAN_POINT( '', ( 3.24500000000000, 4.37500000000000, -3.20000000000000 ) );
#4299 = VECTOR( '', #5235, 1000.00000000000 );
#4300 = CARTESIAN_POINT( '', ( 3.24500000000000, 4.37500000000000, 0.000000000000000 ) );
#4301 = CARTESIAN_POINT( '', ( 3.24500000000000, 4.37500000000000, -3.50000000000000 ) );
#4302 = VECTOR( '', #5236, 1000.00000000000 );
#4303 = CARTESIAN_POINT( '', ( 3.24500000000000, 4.37500000000000, 0.000000000000000 ) );
#4304 = VECTOR( '', #5237, 1000.00000000000 );
#4305 = COLOUR_RGB( '', 0.780392169952393, 0.564705908298492, 0.109803922474384 );
#4306 = CARTESIAN_POINT( '', ( 4.07500000000000, 4.07500000000000, -3.50000000000000 ) );
#4307 = CARTESIAN_POINT( '', ( 3.79833333333334, 3.79833333333334, -3.77666666666667 ) );
#4308 = VECTOR( '', #5238, 1000.00000000000 );
#4309 = CARTESIAN_POINT( '', ( 4.37500000000000, 4.07500000000000, -3.50000000000000 ) );
#4310 = VECTOR( '', #5239, 1000.00000000000 );
#4311 = COLOUR_RGB( '', 0.780392169952393, 0.564705908298492, 0.109803922474384 );
#4312 = CARTESIAN_POINT( '', ( 1.53500000000000, -1.00500000000000, -3.50000000000000 ) );
#4313 = CARTESIAN_POINT( '', ( 1.25833333333333, -1.28166666666666, -3.77666666666667 ) );
#4314 = VECTOR( '', #5240, 1000.00000000000 );
#4315 = CARTESIAN_POINT( '', ( 1.53500000000000, -1.53500000000000, -3.50000000000000 ) );
#4316 = CARTESIAN_POINT( '', ( 1.25833333333333, -1.25833333333333, -3.77666666666667 ) );
#4317 = VECTOR( '', #5241, 1000.00000000000 );
#4318 = CARTESIAN_POINT( '', ( 1.53500000000000, -1.83500000000000, -3.50000000000000 ) );
#4319 = VECTOR( '', #5242, 1000.00000000000 );
#4320 = COLOUR_RGB( '', 0.780392169952393, 0.564705908298492, 0.109803922474384 );
#4321 = CARTESIAN_POINT( '', ( 4.07500000000000, 1.53500000000000, -3.50000000000000 ) );
#4322 = CARTESIAN_POINT( '', ( 4.37500000000000, 1.83500000000000, -3.20000000000000 ) );
#4323 = CARTESIAN_POINT( '', ( 3.79833333333334, 1.25833333333334, -3.77666666666667 ) );
#4324 = VECTOR( '', #5243, 1000.00000000000 );
#4325 = CARTESIAN_POINT( '', ( 4.37500000000000, 1.83500000000000, -3.20000000000000 ) );
#4326 = VECTOR( '', #5244, 1000.00000000000 );
#4327 = CARTESIAN_POINT( '', ( 4.07500000000000, 1.00500000000000, -3.50000000000000 ) );
#4328 = CARTESIAN_POINT( '', ( 3.79833333333333, 1.28166666666667, -3.77666666666667 ) );
#4329 = VECTOR( '', #5245, 1000.00000000000 );
#4330 = CARTESIAN_POINT( '', ( 4.07500000000000, 0.705000000000000, -3.50000000000000 ) );
#4331 = VECTOR( '', #5246, 1000.00000000000 );
#4332 = COLOUR_RGB( '', 0.780392169952393, 0.564705908298492, 0.109803922474384 );
#4333 = CARTESIAN_POINT( '', ( -1.83500000000000, 3.24500000000000, -3.20000000000000 ) );
#4334 = CARTESIAN_POINT( '', ( -1.83500000000000, 3.24500000000000, 0.000000000000000 ) );
#4335 = CARTESIAN_POINT( '', ( -1.83500000000000, 3.24500000000000, -3.50000000000000 ) );
#4336 = VECTOR( '', #5247, 1000.00000000000 );
#4337 = CARTESIAN_POINT( '', ( -0.705000000000000, 3.24500000000000, -3.20000000000000 ) );
#4338 = CARTESIAN_POINT( '', ( -0.705000000000000, 3.24500000000000, -3.20000000000000 ) );
#4339 = VECTOR( '', #5248, 1000.00000000000 );
#4340 = CARTESIAN_POINT( '', ( -0.705000000000000, 3.24500000000000, 0.000000000000000 ) );
#4341 = CARTESIAN_POINT( '', ( -0.705000000000000, 3.24500000000000, -3.50000000000000 ) );
#4342 = VECTOR( '', #5249, 1000.00000000000 );
#4343 = CARTESIAN_POINT( '', ( -0.705000000000000, 3.24500000000000, 0.000000000000000 ) );
#4344 = VECTOR( '', #5250, 1000.00000000000 );
#4345 = COLOUR_RGB( '', 0.780392169952393, 0.564705908298492, 0.109803922474384 );
#4346 = CARTESIAN_POINT( '', ( -4.37500000000000, 0.705000000000000, -3.20000000000000 ) );
#4347 = CARTESIAN_POINT( '', ( -4.37500000000000, 0.705000000000000, -3.20000000000000 ) );
#4348 = VECTOR( '', #5251, 1000.00000000000 );
#4349 = CARTESIAN_POINT( '', ( -4.37500000000000, 0.705000000000000, 0.000000000000000 ) );
#4350 = CARTESIAN_POINT( '', ( -4.37500000000000, 0.705000000000000, -3.50000000000000 ) );
#4351 = VECTOR( '', #5252, 1000.00000000000 );
#4352 = CARTESIAN_POINT( '', ( -4.37500000000000, 0.705000000000000, 0.000000000000000 ) );
#4353 = VECTOR( '', #5253, 1000.00000000000 );
#4354 = COLOUR_RGB( '', 0.780392169952393, 0.564705908298492, 0.109803922474384 );
#4355 = CARTESIAN_POINT( '', ( -1.83500000000000, 4.37500000000000, -3.20000000000000 ) );
#4356 = CARTESIAN_POINT( '', ( -1.53500000000000, 4.07500000000000, -3.50000000000000 ) );
#4357 = CARTESIAN_POINT( '', ( -1.63500000000000, 4.17500000000000, -3.40000000000000 ) );
#4358 = VECTOR( '', #5254, 999.999999999999 );
#4359 = CARTESIAN_POINT( '', ( -0.705000000000000, 4.37500000000000, -3.20000000000000 ) );
#4360 = CARTESIAN_POINT( '', ( -1.83500000000000, 4.37500000000000, -3.20000000000000 ) );
#4361 = VECTOR( '', #5255, 1000.00000000000 );
#4362 = CARTESIAN_POINT( '', ( -1.00500000000000, 4.07500000000000, -3.50000000000000 ) );
#4363 = CARTESIAN_POINT( '', ( -1.28166666666667, 3.79833333333334, -3.77666666666667 ) );
#4364 = VECTOR( '', #5256, 1000.00000000000 );
#4365 = CARTESIAN_POINT( '', ( -0.705000000000000, 4.07500000000000, -3.50000000000000 ) );
#4366 = VECTOR( '', #5257, 1000.00000000000 );
#4367 = COLOUR_RGB( '', 0.780392169952393, 0.564705908298492, 0.109803922474384 );
#4368 = CARTESIAN_POINT( '', ( -4.07500000000000, 1.53500000000000, -3.50000000000000 ) );
#4369 = CARTESIAN_POINT( '', ( -4.17500000000000, 1.63500000000000, -3.40000000000000 ) );
#4370 = VECTOR( '', #5258, 999.999999999999 );
#4371 = CARTESIAN_POINT( '', ( -3.54500000000000, 1.53500000000000, -3.50000000000000 ) );
#4372 = CARTESIAN_POINT( '', ( -3.82166666666667, 1.25833333333334, -3.77666666666667 ) );
#4373 = VECTOR( '', #5259, 1000.00000000000 );
#4374 = CARTESIAN_POINT( '', ( -3.24500000000000, 1.53500000000000, -3.50000000000000 ) );
#4375 = VECTOR( '', #5260, 1000.00000000000 );
#4376 = COLOUR_RGB( '', 0.780392169952393, 0.564705908298492, 0.109803922474384 );
#4377 = CARTESIAN_POINT( '', ( -1.83500000000000, 1.83500000000000, -3.20000000000000 ) );
#4378 = CARTESIAN_POINT( '', ( -1.53500000000000, 1.53500000000000, -3.50000000000000 ) );
#4379 = CARTESIAN_POINT( '', ( -1.63500000000000, 1.63500000000000, -3.40000000000000 ) );
#4380 = VECTOR( '', #5261, 999.999999999999 );
#4381 = CARTESIAN_POINT( '', ( -0.705000000000000, 1.83500000000000, -3.20000000000000 ) );
#4382 = CARTESIAN_POINT( '', ( -1.83500000000000, 1.83500000000000, -3.20000000000000 ) );
#4383 = VECTOR( '', #5262, 1000.00000000000 );
#4384 = CARTESIAN_POINT( '', ( -1.00500000000000, 1.53500000000000, -3.50000000000000 ) );
#4385 = CARTESIAN_POINT( '', ( -1.28166666666667, 1.25833333333334, -3.77666666666667 ) );
#4386 = VECTOR( '', #5263, 1000.00000000000 );
#4387 = CARTESIAN_POINT( '', ( -0.705000000000000, 1.53500000000000, -3.50000000000000 ) );
#4388 = VECTOR( '', #5264, 1000.00000000000 );
#4389 = COLOUR_RGB( '', 0.780392169952393, 0.564705908298492, 0.109803922474384 );
#4390 = CARTESIAN_POINT( '', ( -3.24500000000000, -3.24500000000000, -3.20000000000000 ) );
#4391 = CARTESIAN_POINT( '', ( -3.24500000000000, -3.24500000000000, 0.000000000000000 ) );
#4392 = CARTESIAN_POINT( '', ( -3.24500000000000, -3.24500000000000, -3.50000000000000 ) );
#4393 = VECTOR( '', #5265, 1000.00000000000 );
#4394 = CARTESIAN_POINT( '', ( -4.37500000000000, -3.24500000000000, -3.20000000000000 ) );
#4395 = CARTESIAN_POINT( '', ( -4.37500000000000, -3.24500000000000, -3.20000000000000 ) );
#4396 = VECTOR( '', #5266, 1000.00000000000 );
#4397 = CARTESIAN_POINT( '', ( -4.37500000000000, -3.24500000000000, 0.000000000000000 ) );
#4398 = CARTESIAN_POINT( '', ( -4.37500000000000, -3.24500000000000, -3.50000000000000 ) );
#4399 = VECTOR( '', #5267, 1000.00000000000 );
#4400 = CARTESIAN_POINT( '', ( -4.37500000000000, -3.24500000000000, 0.000000000000000 ) );
#4401 = VECTOR( '', #5268, 1000.00000000000 );
#4402 = COLOUR_RGB( '', 0.780392169952393, 0.564705908298492, 0.109803922474384 );
#4403 = CARTESIAN_POINT( '', ( 4.37500000000000, -3.24500000000000, -3.20000000000000 ) );
#4404 = CARTESIAN_POINT( '', ( 4.37500000000000, -3.24500000000000, 0.000000000000000 ) );
#4405 = CARTESIAN_POINT( '', ( 4.37500000000000, -3.24500000000000, -3.50000000000000 ) );
#4406 = VECTOR( '', #5269, 1000.00000000000 );
#4407 = CARTESIAN_POINT( '', ( 3.24500000000000, -3.24500000000000, -3.20000000000000 ) );
#4408 = VECTOR( '', #5270, 1000.00000000000 );
#4409 = CARTESIAN_POINT( '', ( 3.24500000000000, -3.24500000000000, 0.000000000000000 ) );
#4410 = CARTESIAN_POINT( '', ( 3.24500000000000, -3.24500000000000, -3.50000000000000 ) );
#4411 = VECTOR( '', #5271, 1000.00000000000 );
#4412 = CARTESIAN_POINT( '', ( 3.24500000000000, -3.24500000000000, 0.000000000000000 ) );
#4413 = VECTOR( '', #5272, 1000.00000000000 );
#4414 = COLOUR_RGB( '', 0.780392169952393, 0.564705908298492, 0.109803922474384 );
#4415 = CARTESIAN_POINT( '', ( 3.24500000000000, -4.37500000000000, 0.000000000000000 ) );
#4416 = CARTESIAN_POINT( '', ( 3.24500000000000, -4.37500000000000, -3.50000000000000 ) );
#4417 = VECTOR( '', #5273, 1000.00000000000 );
#4418 = CARTESIAN_POINT( '', ( 4.37500000000000, -4.37500000000000, -3.20000000000000 ) );
#4419 = CARTESIAN_POINT( '', ( 4.37500000000000, -4.37500000000000, -3.20000000000000 ) );
#4420 = VECTOR( '', #5274, 1000.00000000000 );
#4421 = CARTESIAN_POINT( '', ( 4.37500000000000, -4.37500000000000, 0.000000000000000 ) );
#4422 = CARTESIAN_POINT( '', ( 4.37500000000000, -4.37500000000000, -3.50000000000000 ) );
#4423 = VECTOR( '', #5275, 1000.00000000000 );
#4424 = CARTESIAN_POINT( '', ( 4.37500000000000, -4.37500000000000, 0.000000000000000 ) );
#4425 = VECTOR( '', #5276, 1000.00000000000 );
#4426 = COLOUR_RGB( '', 0.780392169952393, 0.564705908298492, 0.109803922474384 );
#4427 = CARTESIAN_POINT( '', ( 4.07500000000000, -1.00500000000000, -3.50000000000000 ) );
#4428 = CARTESIAN_POINT( '', ( 3.79833333333334, -1.28166666666666, -3.77666666666667 ) );
#4429 = VECTOR( '', #5277, 1000.00000000000 );
#4430 = CARTESIAN_POINT( '', ( 4.07500000000000, -1.53500000000000, -3.50000000000000 ) );
#4431 = CARTESIAN_POINT( '', ( 3.79833333333333, -1.25833333333333, -3.77666666666667 ) );
#4432 = VECTOR( '', #5278, 1000.00000000000 );
#4433 = CARTESIAN_POINT( '', ( 4.07500000000000, -1.83500000000000, -3.50000000000000 ) );
#4434 = VECTOR( '', #5279, 1000.00000000000 );
#4435 = COLOUR_RGB( '', 0.780392169952393, 0.564705908298492, 0.109803922474384 );
#4436 = CARTESIAN_POINT( '', ( -1.83500000000000, -1.83500000000000, -3.20000000000000 ) );
#4437 = CARTESIAN_POINT( '', ( -1.83500000000000, -1.83500000000000, 0.000000000000000 ) );
#4438 = CARTESIAN_POINT( '', ( -1.83500000000000, -1.83500000000000, -3.50000000000000 ) );
#4439 = VECTOR( '', #5280, 1000.00000000000 );
#4440 = CARTESIAN_POINT( '', ( -0.705000000000000, -1.83500000000000, -3.20000000000000 ) );
#4441 = CARTESIAN_POINT( '', ( -0.705000000000000, -1.83500000000000, -3.20000000000000 ) );
#4442 = VECTOR( '', #5281, 1000.00000000000 );
#4443 = CARTESIAN_POINT( '', ( -0.705000000000000, -1.83500000000000, 0.000000000000000 ) );
#4444 = CARTESIAN_POINT( '', ( -0.705000000000000, -1.83500000000000, -3.50000000000000 ) );
#4445 = VECTOR( '', #5282, 1000.00000000000 );
#4446 = CARTESIAN_POINT( '', ( -0.705000000000000, -1.83500000000000, 0.000000000000000 ) );
#4447 = VECTOR( '', #5283, 1000.00000000000 );
#4448 = COLOUR_RGB( '', 0.780392169952393, 0.564705908298492, 0.109803922474384 );
#4449 = CARTESIAN_POINT( '', ( 3.24500000000000, -4.37500000000000, 0.000000000000000 ) );
#4450 = VECTOR( '', #5284, 1000.00000000000 );
#4451 = COLOUR_RGB( '', 0.780392169952393, 0.564705908298492, 0.109803922474384 );
#4452 = CARTESIAN_POINT( '', ( -0.705000000000000, -3.24500000000000, -3.20000000000000 ) );
#4453 = CARTESIAN_POINT( '', ( -0.705000000000000, -3.24500000000000, 0.000000000000000 ) );
#4454 = CARTESIAN_POINT( '', ( -0.705000000000000, -3.24500000000000, -3.50000000000000 ) );
#4455 = VECTOR( '', #5285, 1000.00000000000 );
#4456 = CARTESIAN_POINT( '', ( -1.83500000000000, -3.24500000000000, -3.20000000000000 ) );
#4457 = CARTESIAN_POINT( '', ( -1.83500000000000, -3.24500000000000, -3.20000000000000 ) );
#4458 = VECTOR( '', #5286, 1000.00000000000 );
#4459 = CARTESIAN_POINT( '', ( -1.83500000000000, -3.24500000000000, 0.000000000000000 ) );
#4460 = CARTESIAN_POINT( '', ( -1.83500000000000, -3.24500000000000, -3.50000000000000 ) );
#4461 = VECTOR( '', #5287, 1000.00000000000 );
#4462 = CARTESIAN_POINT( '', ( -1.83500000000000, -3.24500000000000, 0.000000000000000 ) );
#4463 = VECTOR( '', #5288, 1000.00000000000 );
#4464 = COLOUR_RGB( '', 0.780392169952393, 0.564705908298492, 0.109803922474384 );
#4465 = CARTESIAN_POINT( '', ( 0.705000000000000, -4.37500000000000, 0.000000000000000 ) );
#4466 = CARTESIAN_POINT( '', ( 0.705000000000000, -4.37500000000000, -3.50000000000000 ) );
#4467 = VECTOR( '', #5289, 1000.00000000000 );
#4468 = CARTESIAN_POINT( '', ( 1.83500000000000, -4.37500000000000, 0.000000000000000 ) );
#4469 = CARTESIAN_POINT( '', ( 1.83500000000000, -4.37500000000000, -3.50000000000000 ) );
#4470 = VECTOR( '', #5290, 1000.00000000000 );
#4471 = CARTESIAN_POINT( '', ( 1.83500000000000, -4.37500000000000, 0.000000000000000 ) );
#4472 = VECTOR( '', #5291, 1000.00000000000 );
#4473 = COLOUR_RGB( '', 0.780392169952393, 0.564705908298492, 0.109803922474384 );
#4474 = CARTESIAN_POINT( '', ( 3.24500000000000, -0.705000000000000, -3.20000000000000 ) );
#4475 = CARTESIAN_POINT( '', ( 3.24500000000000, -0.705000000000000, -3.20000000000000 ) );
#4476 = VECTOR( '', #5292, 1000.00000000000 );
#4477 = CARTESIAN_POINT( '', ( 3.24500000000000, -0.705000000000000, 0.000000000000000 ) );
#4478 = CARTESIAN_POINT( '', ( 3.24500000000000, -0.705000000000000, -3.50000000000000 ) );
#4479 = VECTOR( '', #5293, 1000.00000000000 );
#4480 = CARTESIAN_POINT( '', ( 3.24500000000000, -0.705000000000000, 0.000000000000000 ) );
#4481 = VECTOR( '', #5294, 1000.00000000000 );
#4482 = COLOUR_RGB( '', 0.780392169952393, 0.564705908298492, 0.109803922474384 );
#4483 = CARTESIAN_POINT( '', ( 4.07500000000000, 3.54500000000000, -3.50000000000000 ) );
#4484 = CARTESIAN_POINT( '', ( 4.07500000000000, 3.24500000000000, -3.50000000000000 ) );
#4485 = VECTOR( '', #5295, 1000.00000000000 );
#4486 = CARTESIAN_POINT( '', ( 3.24500000000000, 3.54500000000000, -3.50000000000000 ) );
#4487 = VECTOR( '', #5296, 1000.00000000000 );
#4488 = COLOUR_RGB( '', 0.780392169952393, 0.564705908298492, 0.109803922474384 );
#4489 = CARTESIAN_POINT( '', ( 0.000000000000000, -5.00000000000000, 10.5000000000000 ) );
#4490 = CARTESIAN_POINT( '', ( 2.10306920610306E-016, -5.00000000000000, 10.5000000000000 ) );
#4491 = CARTESIAN_POINT( '', ( 0.229815525217706, -5.00000000000000, 10.5000000000000 ) );
#4492 = CARTESIAN_POINT( '', ( 0.462760153895983, -5.00000000000000, 10.4837298737266 ) );
#4493 = CARTESIAN_POINT( '', ( 0.919526631903044, -5.00000000000000, 10.4211863347344 ) );
#4494 = CARTESIAN_POINT( '', ( 1.14435481431857, -5.00000000000000, 10.3751817977139 ) );
#4495 = CARTESIAN_POINT( '', ( 1.80981829107099, -5.00000000000000, 10.1997833149567 ) );
#4496 = CARTESIAN_POINT( '', ( 2.24456337261252, -5.00000000000000, 10.0315582848088 ) );
#4497 = CARTESIAN_POINT( '', ( 3.07445632539981, -5.00000000000000, 9.64183716891034 ) );
#4498 = CARTESIAN_POINT( '', ( 3.47262579094540, -5.00000000000000, 9.42014460994780 ) );
#4499 = CARTESIAN_POINT( '', ( 4.24936485167905, -5.00000000000000, 8.94541280302924 ) );
#4500 = CARTESIAN_POINT( '', ( 4.62778213787899, -5.00000000000000, 8.69212996251906 ) );
#4501 = CARTESIAN_POINT( '', ( 5.00000000000000, -5.00000000000000, 8.42893218813453 ) );
#4502 = CARTESIAN_POINT( '', ( -5.00000000000000, -5.00000000000000, 8.42893218813453 ) );
#4503 = CARTESIAN_POINT( '', ( -5.00000000000000, -5.00000000000000, 8.42893218813453 ) );
#4504 = CARTESIAN_POINT( '', ( -4.62679416757269, -5.00000000000000, 8.69282856302225 ) );
#4505 = CARTESIAN_POINT( '', ( -4.24637639263122, -5.00000000000000, 8.94750616133089 ) );
#4506 = CARTESIAN_POINT( '', ( -3.46178693823666, -5.00000000000000, 9.42649756370783 ) );
#4507 = CARTESIAN_POINT( '', ( -3.06045924801151, -5.00000000000000, 9.64912973567492 ) );
#4508 = CARTESIAN_POINT( '', ( -2.23293624352362, -5.00000000000000, 10.0362763330430 ) );
#4509 = CARTESIAN_POINT( '', ( -1.80541779071004, -5.00000000000000, 10.2015727839683 ) );
#4510 = CARTESIAN_POINT( '', ( -0.911117257687729, -5.00000000000000, 10.4360161708563 ) );
#4511 = CARTESIAN_POINT( '', ( -0.458714798119406, -5.00000000000000, 10.5000000000000 ) );
#4512 = CARTESIAN_POINT( '', ( 2.10306920610306E-016, -5.00000000000000, 10.5000000000000 ) );
#4513 = CARTESIAN_POINT( '', ( -5.00000000000000, -5.00000000000000, 0.000000000000000 ) );
#4514 = CARTESIAN_POINT( '', ( -5.00000000000000, -5.00000000000000, 10.5000000000000 ) );
#4515 = VECTOR( '', #5297, 1000.00000000000 );
#4516 = CARTESIAN_POINT( '', ( -5.00000000000000, -5.00000000000000, 0.000000000000000 ) );
#4517 = VECTOR( '', #5298, 1000.00000000000 );
#4518 = COLOUR_RGB( '', 0.780392169952393, 0.564705908298492, 0.109803922474384 );
#4519 = CARTESIAN_POINT( '', ( -1.00500000000000, 1.00500000000000, -3.50000000000000 ) );
#4520 = CARTESIAN_POINT( '', ( -0.705000000000000, 0.705000000000000, -3.20000000000000 ) );
#4521 = CARTESIAN_POINT( '', ( -1.28166666666667, 1.28166666666667, -3.77666666666667 ) );
#4522 = VECTOR( '', #5299, 1000.00000000000 );
#4523 = CARTESIAN_POINT( '', ( -1.83500000000000, 0.705000000000000, -3.20000000000000 ) );
#4524 = CARTESIAN_POINT( '', ( -0.705000000000000, 0.705000000000000, -3.20000000000000 ) );
#4525 = VECTOR( '', #5300, 1000.00000000000 );
#4526 = CARTESIAN_POINT( '', ( -1.53500000000000, 1.00500000000000, -3.50000000000000 ) );
#4527 = CARTESIAN_POINT( '', ( -1.25833333333333, 1.28166666666667, -3.77666666666667 ) );
#4528 = VECTOR( '', #5301, 1000.00000000000 );
#4529 = CARTESIAN_POINT( '', ( -1.83500000000000, 1.00500000000000, -3.50000000000000 ) );
#4530 = VECTOR( '', #5302, 1000.00000000000 );
#4531 = COLOUR_RGB( '', 0.780392169952393, 0.564705908298492, 0.109803922474384 );
#4532 = CARTESIAN_POINT( '', ( 1.53500000000000, 1.53500000000000, -3.50000000000000 ) );
#4533 = CARTESIAN_POINT( '', ( 1.83500000000000, 1.83500000000000, -3.20000000000000 ) );
#4534 = CARTESIAN_POINT( '', ( 1.25833333333333, 1.25833333333334, -3.77666666666667 ) );
#4535 = VECTOR( '', #5303, 1000.00000000000 );
#4536 = CARTESIAN_POINT( '', ( 1.83500000000000, 1.83500000000000, -3.20000000000000 ) );
#4537 = VECTOR( '', #5304, 1000.00000000000 );
#4538 = CARTESIAN_POINT( '', ( 1.53500000000000, 0.705000000000000, -3.50000000000000 ) );
#4539 = VECTOR( '', #5305, 1000.00000000000 );
#4540 = COLOUR_RGB( '', 0.780392169952393, 0.564705908298492, 0.109803922474384 );
#4541 = CARTESIAN_POINT( '', ( 3.54500000000000, -1.53500000000000, -3.50000000000000 ) );
#4542 = CARTESIAN_POINT( '', ( 3.24500000000000, -1.53500000000000, -3.50000000000000 ) );
#4543 = VECTOR( '', #5306, 1000.00000000000 );
#4544 = CARTESIAN_POINT( '', ( 3.54500000000000, -1.00500000000000, -3.50000000000000 ) );
#4545 = CARTESIAN_POINT( '', ( 3.54500000000000, -0.704999999999992, -3.50000000000000 ) );
#4546 = VECTOR( '', #5307, 1000.00000000000 );
#4547 = CARTESIAN_POINT( '', ( 4.37500000000000, -1.00500000000000, -3.50000000000000 ) );
#4548 = VECTOR( '', #5308, 1000.00000000000 );
#4549 = COLOUR_RGB( '', 0.780392169952393, 0.564705908298492, 0.109803922474384 );
#4550 = CARTESIAN_POINT( '', ( -3.24500000000000, -4.37500000000000, 0.000000000000000 ) );
#4551 = CARTESIAN_POINT( '', ( -3.24500000000000, -4.37500000000000, -3.50000000000000 ) );
#4552 = VECTOR( '', #5309, 1000.00000000000 );
#4553 = CARTESIAN_POINT( '', ( -3.24500000000000, -3.24500000000000, -3.20000000000000 ) );
#4554 = VECTOR( '', #5310, 1000.00000000000 );
#4555 = CARTESIAN_POINT( '', ( -3.24500000000000, -3.24500000000000, 0.000000000000000 ) );
#4556 = VECTOR( '', #5311, 1000.00000000000 );
#4557 = COLOUR_RGB( '', 0.780392169952393, 0.564705908298492, 0.109803922474384 );
#4558 = CARTESIAN_POINT( '', ( -3.24500000000000, 0.705000000000000, -3.20000000000000 ) );
#4559 = CARTESIAN_POINT( '', ( -3.24500000000000, 1.83500000000000, -3.20000000000000 ) );
#4560 = VECTOR( '', #5312, 1000.00000000000 );
#4561 = CARTESIAN_POINT( '', ( -3.54500000000000, 1.00500000000000, -3.50000000000000 ) );
#4562 = CARTESIAN_POINT( '', ( -3.82166666666667, 1.28166666666667, -3.77666666666667 ) );
#4563 = VECTOR( '', #5313, 1000.00000000000 );
#4564 = CARTESIAN_POINT( '', ( -3.54500000000000, 0.705000000000000, -3.50000000000000 ) );
#4565 = VECTOR( '', #5314, 1000.00000000000 );
#4566 = COLOUR_RGB( '', 0.780392169952393, 0.564705908298492, 0.109803922474384 );
#4567 = CARTESIAN_POINT( '', ( 4.07500000000000, -4.07500000000000, -3.50000000000000 ) );
#4568 = CARTESIAN_POINT( '', ( 3.79833333333333, -3.79833333333334, -3.77666666666667 ) );
#4569 = VECTOR( '', #5315, 1000.00000000000 );
#4570 = CARTESIAN_POINT( '', ( 3.24500000000000, -4.07500000000000, -3.50000000000000 ) );
#4571 = VECTOR( '', #5316, 1000.00000000000 );
#4572 = COLOUR_RGB( '', 0.780392169952393, 0.564705908298492, 0.109803922474384 );
#4573 = CARTESIAN_POINT( '', ( -1.83500000000000, -4.37500000000000, -3.20000000000000 ) );
#4574 = CARTESIAN_POINT( '', ( -1.83500000000000, -4.37500000000000, -3.20000000000000 ) );
#4575 = VECTOR( '', #5317, 1000.00000000000 );
#4576 = CARTESIAN_POINT( '', ( -1.83500000000000, -4.37500000000000, 0.000000000000000 ) );
#4577 = CARTESIAN_POINT( '', ( -1.83500000000000, -4.37500000000000, -3.50000000000000 ) );
#4578 = VECTOR( '', #5318, 1000.00000000000 );
#4579 = CARTESIAN_POINT( '', ( -1.83500000000000, -4.37500000000000, 0.000000000000000 ) );
#4580 = VECTOR( '', #5319, 1000.00000000000 );
#4581 = COLOUR_RGB( '', 0.780392169952393, 0.564705908298492, 0.109803922474384 );
#4582 = CARTESIAN_POINT( '', ( 0.705000000000000, 3.24500000000000, -3.20000000000000 ) );
#4583 = CARTESIAN_POINT( '', ( 1.83500000000000, 3.24500000000000, -3.20000000000000 ) );
#4584 = VECTOR( '', #5320, 1000.00000000000 );
#4585 = CARTESIAN_POINT( '', ( 1.28166666666667, 3.82166666666667, -3.77666666666667 ) );
#4586 = VECTOR( '', #5321, 1000.00000000000 );
#4587 = COLOUR_RGB( '', 0.780392169952393, 0.564705908298492, 0.109803922474384 );
#4588 = CARTESIAN_POINT( '', ( 0.000000000000000, 2.45850000000000, 1.97721583187926 ) );
#4589 = AXIS2_PLACEMENT_3D( '', #5322, #5323, #5324 );
#4590 = CARTESIAN_POINT( '', ( 0.000000000000000, -2.45850000000000, 4.00000000000000 ) );
#4591 = AXIS2_PLACEMENT_3D( '', #5325, #5326, #5327 );
#4592 = COLOUR_RGB( '', 0.780392169952393, 0.564705908298492, 0.109803922474384 );
#4593 = CARTESIAN_POINT( '', ( -0.705000000000000, -4.37500000000000, -3.20000000000000 ) );
#4594 = CARTESIAN_POINT( '', ( -0.705000000000000, -4.37500000000000, -3.20000000000000 ) );
#4595 = VECTOR( '', #5328, 1000.00000000000 );
#4596 = CARTESIAN_POINT( '', ( -0.705000000000000, -4.37500000000000, 0.000000000000000 ) );
#4597 = CARTESIAN_POINT( '', ( -0.705000000000000, -4.37500000000000, -3.50000000000000 ) );
#4598 = VECTOR( '', #5329, 1000.00000000000 );
#4599 = CARTESIAN_POINT( '', ( -0.705000000000000, -4.37500000000000, 0.000000000000000 ) );
#4600 = VECTOR( '', #5330, 1000.00000000000 );
#4601 = COLOUR_RGB( '', 0.780392169952393, 0.564705908298492, 0.109803922474384 );
#4602 = CARTESIAN_POINT( '', ( 3.79833333333333, 3.82166666666667, -3.77666666666667 ) );
#4603 = VECTOR( '', #5331, 1000.00000000000 );
#4604 = COLOUR_RGB( '', 0.780392169952393, 0.564705908298492, 0.109803922474384 );
#4605 = CARTESIAN_POINT( '', ( 4.37500000000000, 3.24500000000000, -3.20000000000000 ) );
#4606 = VECTOR( '', #5332, 1000.00000000000 );
#4607 = COLOUR_RGB( '', 0.780392169952393, 0.564705908298492, 0.109803922474384 );
#4608 = CARTESIAN_POINT( '', ( -1.53500000000000, -3.54500000000000, -3.50000000000000 ) );
#4609 = CARTESIAN_POINT( '', ( -1.63500000000000, -3.44500000000000, -3.40000000000000 ) );
#4610 = VECTOR( '', #5333, 999.999999999999 );
#4611 = CARTESIAN_POINT( '', ( -1.53500000000000, -4.07500000000000, -3.50000000000000 ) );
#4612 = CARTESIAN_POINT( '', ( -1.53500000000000, -3.24500000000000, -3.50000000000000 ) );
#4613 = VECTOR( '', #5334, 1000.00000000000 );
#4614 = CARTESIAN_POINT( '', ( -1.25833333333333, -3.79833333333333, -3.77666666666667 ) );
#4615 = VECTOR( '', #5335, 1000.00000000000 );
#4616 = COLOUR_RGB( '', 0.780392169952393, 0.564705908298492, 0.109803922474384 );
#4617 = CARTESIAN_POINT( '', ( -4.07500000000000, 1.00500000000000, -3.50000000000000 ) );
#4618 = CARTESIAN_POINT( '', ( -4.37500000000000, 1.00500000000000, -3.50000000000000 ) );
#4619 = VECTOR( '', #5336, 1000.00000000000 );
#4620 = CARTESIAN_POINT( '', ( -4.07500000000000, 1.83500000000000, -3.50000000000000 ) );
#4621 = VECTOR( '', #5337, 1000.00000000000 );
#4622 = COLOUR_RGB( '', 0.780392169952393, 0.564705908298492, 0.109803922474384 );
#4623 = CARTESIAN_POINT( '', ( -4.17500000000000, -3.44500000000000, -3.40000000000000 ) );
#4624 = VECTOR( '', #5338, 999.999999999999 );
#4625 = CARTESIAN_POINT( '', ( -4.37500000000000, -4.37500000000000, -3.20000000000000 ) );
#4626 = VECTOR( '', #5339, 1000.00000000000 );
#4627 = COLOUR_RGB( '', 0.780392169952393, 0.564705908298492, 0.109803922474384 );
#4628 = CARTESIAN_POINT( '', ( -0.705000000000000, 4.37500000000000, -3.20000000000000 ) );
#4629 = VECTOR( '', #5340, 1000.00000000000 );
#4630 = CARTESIAN_POINT( '', ( -1.00500000000000, 3.54500000000000, -3.50000000000000 ) );
#4631 = CARTESIAN_POINT( '', ( -1.28166666666667, 3.82166666666667, -3.77666666666667 ) );
#4632 = VECTOR( '', #5341, 1000.00000000000 );
#4633 = CARTESIAN_POINT( '', ( -1.00500000000000, 3.24500000000000, -3.50000000000000 ) );
#4634 = VECTOR( '', #5342, 1000.00000000000 );
#4635 = COLOUR_RGB( '', 0.780392169952393, 0.564705908298492, 0.109803922474384 );
#4636 = CARTESIAN_POINT( '', ( -4.37500000000000, -4.37500000000000, 0.000000000000000 ) );
#4637 = CARTESIAN_POINT( '', ( -4.37500000000000, -4.37500000000000, -3.50000000000000 ) );
#4638 = VECTOR( '', #5343, 1000.00000000000 );
#4639 = CARTESIAN_POINT( '', ( -4.37500000000000, -4.37500000000000, 0.000000000000000 ) );
#4640 = VECTOR( '', #5344, 1000.00000000000 );
#4641 = COLOUR_RGB( '', 0.780392169952393, 0.564705908298492, 0.109803922474384 );
#4642 = CARTESIAN_POINT( '', ( -5.00000000000000, 0.000000000000000, 10.5000000000000 ) );
#4643 = CARTESIAN_POINT( '', ( -5.00000000000000, -5.00000000000000, 8.42893218813453 ) );
#4644 = CARTESIAN_POINT( '', ( -5.00000000000000, -4.62679416757269, 8.69282856302225 ) );
#4645 = CARTESIAN_POINT( '', ( -5.00000000000000, -4.24637639263122, 8.94750616133089 ) );
#4646 = CARTESIAN_POINT( '', ( -5.00000000000000, -3.46178693823666, 9.42649756370783 ) );
#4647 = CARTESIAN_POINT( '', ( -5.00000000000000, -3.06045924801151, 9.64912973567492 ) );
#4648 = CARTESIAN_POINT( '', ( -5.00000000000000, -2.23293624352362, 10.0362763330430 ) );
#4649 = CARTESIAN_POINT( '', ( -5.00000000000000, -1.80541779071004, 10.2015727839683 ) );
#4650 = CARTESIAN_POINT( '', ( -5.00000000000000, -0.911117257687729, 10.4360161708563 ) );
#4651 = CARTESIAN_POINT( '', ( -5.00000000000000, -0.458714798119406, 10.5000000000000 ) );
#4652 = CARTESIAN_POINT( '', ( -5.00000000000000, 7.30848997658510E-016, 10.5000000000000 ) );
#4653 = CARTESIAN_POINT( '', ( -5.00000000000000, 5.00000000000000, 8.42893218813453 ) );
#4654 = CARTESIAN_POINT( '', ( -5.00000000000000, 7.30848997658510E-016, 10.5000000000000 ) );
#4655 = CARTESIAN_POINT( '', ( -5.00000000000000, 0.229815525217707, 10.5000000000000 ) );
#4656 = CARTESIAN_POINT( '', ( -5.00000000000000, 0.462760153895983, 10.4837298737266 ) );
#4657 = CARTESIAN_POINT( '', ( -5.00000000000000, 0.919526631903044, 10.4211863347344 ) );
#4658 = CARTESIAN_POINT( '', ( -5.00000000000000, 1.14435481431857, 10.3751817977139 ) );
#4659 = CARTESIAN_POINT( '', ( -5.00000000000000, 1.80981829107099, 10.1997833149567 ) );
#4660 = CARTESIAN_POINT( '', ( -5.00000000000000, 2.24456337261252, 10.0315582848088 ) );
#4661 = CARTESIAN_POINT( '', ( -5.00000000000000, 3.07445632539981, 9.64183716891034 ) );
#4662 = CARTESIAN_POINT( '', ( -5.00000000000000, 3.47262579094540, 9.42014460994780 ) );
#4663 = CARTESIAN_POINT( '', ( -5.00000000000000, 4.24936485167905, 8.94541280302925 ) );
#4664 = CARTESIAN_POINT( '', ( -5.00000000000000, 4.62778213787898, 8.69212996251906 ) );
#4665 = CARTESIAN_POINT( '', ( -5.00000000000000, 5.00000000000000, 8.42893218813453 ) );
#4666 = CARTESIAN_POINT( '', ( -5.00000000000000, 5.00000000000000, 0.000000000000000 ) );
#4667 = CARTESIAN_POINT( '', ( -5.00000000000000, 5.00000000000000, 10.5000000000000 ) );
#4668 = VECTOR( '', #5345, 1000.00000000000 );
#4669 = CARTESIAN_POINT( '', ( -5.00000000000000, 5.00000000000000, 0.000000000000000 ) );
#4670 = VECTOR( '', #5346, 1000.00000000000 );
#4671 = COLOUR_RGB( '', 0.780392169952393, 0.564705908298492, 0.109803922474384 );
#4672 = CARTESIAN_POINT( '', ( -3.24500000000000, -1.83500000000000, -3.20000000000000 ) );
#4673 = CARTESIAN_POINT( '', ( -3.24500000000000, -1.83500000000000, 0.000000000000000 ) );
#4674 = CARTESIAN_POINT( '', ( -3.24500000000000, -1.83500000000000, -3.50000000000000 ) );
#4675 = VECTOR( '', #5347, 1000.00000000000 );
#4676 = CARTESIAN_POINT( '', ( -3.24500000000000, -0.705000000000000, -3.20000000000000 ) );
#4677 = CARTESIAN_POINT( '', ( -3.24500000000000, -0.705000000000000, -3.20000000000000 ) );
#4678 = VECTOR( '', #5348, 1000.00000000000 );
#4679 = CARTESIAN_POINT( '', ( -3.24500000000000, -0.705000000000000, 0.000000000000000 ) );
#4680 = CARTESIAN_POINT( '', ( -3.24500000000000, -0.705000000000000, -3.50000000000000 ) );
#4681 = VECTOR( '', #5349, 1000.00000000000 );
#4682 = CARTESIAN_POINT( '', ( -3.24500000000000, -0.705000000000000, 0.000000000000000 ) );
#4683 = VECTOR( '', #5350, 1000.00000000000 );
#4684 = COLOUR_RGB( '', 0.780392169952393, 0.564705908298492, 0.109803922474384 );
#4685 = CARTESIAN_POINT( '', ( 4.37500000000000, 1.83500000000000, 0.000000000000000 ) );
#4686 = CARTESIAN_POINT( '', ( 4.37500000000000, 1.83500000000000, -3.50000000000000 ) );
#4687 = VECTOR( '', #5351, 1000.00000000000 );
#4688 = CARTESIAN_POINT( '', ( 3.24500000000000, 1.83500000000000, -3.20000000000000 ) );
#4689 = CARTESIAN_POINT( '', ( 3.24500000000000, 1.83500000000000, -3.20000000000000 ) );
#4690 = VECTOR( '', #5352, 1000.00000000000 );
#4691 = CARTESIAN_POINT( '', ( 3.24500000000000, 1.83500000000000, 0.000000000000000 ) );
#4692 = CARTESIAN_POINT( '', ( 3.24500000000000, 1.83500000000000, -3.50000000000000 ) );
#4693 = VECTOR( '', #5353, 1000.00000000000 );
#4694 = CARTESIAN_POINT( '', ( 3.24500000000000, 1.83500000000000, 0.000000000000000 ) );
#4695 = VECTOR( '', #5354, 1000.00000000000 );
#4696 = COLOUR_RGB( '', 0.780392169952393, 0.564705908298492, 0.109803922474384 );
#4697 = CARTESIAN_POINT( '', ( -0.705000000000000, 1.83500000000000, 0.000000000000000 ) );
#4698 = CARTESIAN_POINT( '', ( -0.705000000000000, 1.83500000000000, -3.50000000000000 ) );
#4699 = VECTOR( '', #5355, 1000.00000000000 );
#4700 = CARTESIAN_POINT( '', ( -1.83500000000000, 1.83500000000000, 0.000000000000000 ) );
#4701 = CARTESIAN_POINT( '', ( -1.83500000000000, 1.83500000000000, -3.50000000000000 ) );
#4702 = VECTOR( '', #5356, 1000.00000000000 );
#4703 = CARTESIAN_POINT( '', ( -1.83500000000000, 1.83500000000000, 0.000000000000000 ) );
#4704 = VECTOR( '', #5357, 1000.00000000000 );
#4705 = COLOUR_RGB( '', 0.780392169952393, 0.564705908298492, 0.109803922474384 );
#4706 = CARTESIAN_POINT( '', ( -1.00500000000000, -3.54500000000000, -3.50000000000000 ) );
#4707 = CARTESIAN_POINT( '', ( -1.28166666666667, -3.82166666666666, -3.77666666666667 ) );
#4708 = VECTOR( '', #5358, 1000.00000000000 );
#4709 = CARTESIAN_POINT( '', ( -0.705000000000000, -3.54500000000000, -3.50000000000000 ) );
#4710 = VECTOR( '', #5359, 1000.00000000000 );
#4711 = COLOUR_RGB( '', 0.780392169952393, 0.564705908298492, 0.109803922474384 );
#4712 = CARTESIAN_POINT( '', ( -3.24500000000000, 3.24500000000000, -3.20000000000000 ) );
#4713 = CARTESIAN_POINT( '', ( -3.24500000000000, 3.24500000000000, 0.000000000000000 ) );
#4714 = CARTESIAN_POINT( '', ( -3.24500000000000, 3.24500000000000, -3.50000000000000 ) );
#4715 = VECTOR( '', #5360, 1000.00000000000 );
#4716 = CARTESIAN_POINT( '', ( -3.24500000000000, 4.37500000000000, -3.20000000000000 ) );
#4717 = VECTOR( '', #5361, 1000.00000000000 );
#4718 = CARTESIAN_POINT( '', ( -3.24500000000000, 4.37500000000000, 0.000000000000000 ) );
#4719 = CARTESIAN_POINT( '', ( -3.24500000000000, 4.37500000000000, -3.50000000000000 ) );
#4720 = VECTOR( '', #5362, 1000.00000000000 );
#4721 = CARTESIAN_POINT( '', ( -3.24500000000000, 4.37500000000000, 0.000000000000000 ) );
#4722 = VECTOR( '', #5363, 1000.00000000000 );
#4723 = COLOUR_RGB( '', 0.780392169952393, 0.564705908298492, 0.109803922474384 );
#4724 = CARTESIAN_POINT( '', ( 1.53500000000000, -3.54500000000000, -3.50000000000000 ) );
#4725 = CARTESIAN_POINT( '', ( 1.53500000000000, -4.37500000000000, -3.50000000000000 ) );
#4726 = VECTOR( '', #5364, 1000.00000000000 );
#4727 = CARTESIAN_POINT( '', ( 1.00500000000000, -3.54500000000000, -3.50000000000000 ) );
#4728 = CARTESIAN_POINT( '', ( 1.00500000000000, -3.24500000000000, -3.50000000000000 ) );
#4729 = VECTOR( '', #5365, 1000.00000000000 );
#4730 = CARTESIAN_POINT( '', ( 1.83500000000000, -3.54500000000000, -3.50000000000000 ) );
#4731 = VECTOR( '', #5366, 1000.00000000000 );
#4732 = COLOUR_RGB( '', 0.780392169952393, 0.564705908298492, 0.109803922474384 );
#4733 = CARTESIAN_POINT( '', ( -0.705000000000000, 0.705000000000000, 0.000000000000000 ) );
#4734 = CARTESIAN_POINT( '', ( -0.705000000000000, 0.705000000000000, -3.50000000000000 ) );
#4735 = VECTOR( '', #5367, 1000.00000000000 );
#4736 = CARTESIAN_POINT( '', ( -0.705000000000000, 1.83500000000000, -3.20000000000000 ) );
#4737 = VECTOR( '', #5368, 1000.00000000000 );
#4738 = CARTESIAN_POINT( '', ( -0.705000000000000, 1.83500000000000, 0.000000000000000 ) );
#4739 = VECTOR( '', #5369, 1000.00000000000 );
#4740 = COLOUR_RGB( '', 0.780392169952393, 0.564705908298492, 0.109803922474384 );
#4741 = CARTESIAN_POINT( '', ( -4.37500000000000, 4.37500000000000, 0.000000000000000 ) );
#4742 = CARTESIAN_POINT( '', ( -4.37500000000000, 4.37500000000000, -3.50000000000000 ) );
#4743 = VECTOR( '', #5370, 1000.00000000000 );
#4744 = CARTESIAN_POINT( '', ( -4.37500000000000, 3.24500000000000, -3.20000000000000 ) );
#4745 = CARTESIAN_POINT( '', ( -4.37500000000000, 3.24500000000000, -3.20000000000000 ) );
#4746 = VECTOR( '', #5371, 1000.00000000000 );
#4747 = CARTESIAN_POINT( '', ( -4.37500000000000, 3.24500000000000, 0.000000000000000 ) );
#4748 = CARTESIAN_POINT( '', ( -4.37500000000000, 3.24500000000000, -3.50000000000000 ) );
#4749 = VECTOR( '', #5372, 1000.00000000000 );
#4750 = CARTESIAN_POINT( '', ( -4.37500000000000, 3.24500000000000, 0.000000000000000 ) );
#4751 = VECTOR( '', #5373, 1000.00000000000 );
#4752 = COLOUR_RGB( '', 0.780392169952393, 0.564705908298492, 0.109803922474384 );
#4753 = CARTESIAN_POINT( '', ( -3.82166666666667, -3.82166666666666, -3.77666666666667 ) );
#4754 = VECTOR( '', #5374, 1000.00000000000 );
#4755 = COLOUR_RGB( '', 0.780392169952393, 0.564705908298492, 0.109803922474384 );
#4756 = CARTESIAN_POINT( '', ( -0.705000000000000, 4.37500000000000, 0.000000000000000 ) );
#4757 = CARTESIAN_POINT( '', ( -0.705000000000000, 4.37500000000000, -3.50000000000000 ) );
#4758 = VECTOR( '', #5375, 1000.00000000000 );
#4759 = CARTESIAN_POINT( '', ( -1.83500000000000, 4.37500000000000, 0.000000000000000 ) );
#4760 = CARTESIAN_POINT( '', ( -1.83500000000000, 4.37500000000000, -3.50000000000000 ) );
#4761 = VECTOR( '', #5376, 1000.00000000000 );
#4762 = CARTESIAN_POINT( '', ( -1.83500000000000, 4.37500000000000, 0.000000000000000 ) );
#4763 = VECTOR( '', #5377, 1000.00000000000 );
#4764 = COLOUR_RGB( '', 0.780392169952393, 0.564705908298492, 0.109803922474384 );
#4765 = CARTESIAN_POINT( '', ( -3.24500000000000, -4.37500000000000, 0.000000000000000 ) );
#4766 = VECTOR( '', #5378, 1000.00000000000 );
#4767 = COLOUR_RGB( '', 0.780392169952393, 0.564705908298492, 0.109803922474384 );
#4768 = CARTESIAN_POINT( '', ( 3.54500000000000, 1.00500000000000, -3.50000000000000 ) );
#4769 = CARTESIAN_POINT( '', ( 3.82166666666668, 1.28166666666667, -3.77666666666667 ) );
#4770 = VECTOR( '', #5379, 1000.00000000000 );
#4771 = CARTESIAN_POINT( '', ( 3.24500000000000, 1.00500000000000, -3.50000000000000 ) );
#4772 = VECTOR( '', #5380, 1000.00000000000 );
#4773 = COLOUR_RGB( '', 0.780392169952393, 0.564705908298492, 0.109803922474384 );
#4774 = CARTESIAN_POINT( '', ( 0.705000000000000, -0.705000000000000, -3.20000000000000 ) );
#4775 = VECTOR( '', #5381, 1000.00000000000 );
#4776 = CARTESIAN_POINT( '', ( 1.83500000000000, -1.00500000000000, -3.50000000000000 ) );
#4777 = VECTOR( '', #5382, 1000.00000000000 );
#4778 = COLOUR_RGB( '', 0.780392169952393, 0.564705908298492, 0.109803922474384 );
#4779 = CARTESIAN_POINT( '', ( -3.24500000000000, 3.24500000000000, -3.20000000000000 ) );
#4780 = VECTOR( '', #5383, 1000.00000000000 );
#4781 = CARTESIAN_POINT( '', ( -3.24500000000000, 3.24500000000000, 0.000000000000000 ) );
#4782 = VECTOR( '', #5384, 1000.00000000000 );
#4783 = COLOUR_RGB( '', 0.780392169952393, 0.564705908298492, 0.109803922474384 );
#4784 = CARTESIAN_POINT( '', ( -0.705000000000000, -3.24500000000000, -3.20000000000000 ) );
#4785 = VECTOR( '', #5385, 1000.00000000000 );
#4786 = CARTESIAN_POINT( '', ( -1.00500000000000, -4.07500000000000, -3.50000000000000 ) );
#4787 = CARTESIAN_POINT( '', ( -1.28166666666667, -3.79833333333334, -3.77666666666667 ) );
#4788 = VECTOR( '', #5386, 1000.00000000000 );
#4789 = CARTESIAN_POINT( '', ( -1.00500000000000, -4.37500000000000, -3.50000000000000 ) );
#4790 = VECTOR( '', #5387, 1000.00000000000 );
#4791 = COLOUR_RGB( '', 0.780392169952393, 0.564705908298492, 0.109803922474384 );
#4792 = CARTESIAN_POINT( '', ( -1.83500000000000, -4.07500000000000, -3.50000000000000 ) );
#4793 = VECTOR( '', #5388, 1000.00000000000 );
#4794 = COLOUR_RGB( '', 0.780392169952393, 0.564705908298492, 0.109803922474384 );
#4795 = CARTESIAN_POINT( '', ( 4.07500000000000, -3.54500000000000, -3.50000000000000 ) );
#4796 = CARTESIAN_POINT( '', ( 3.79833333333334, -3.82166666666666, -3.77666666666667 ) );
#4797 = VECTOR( '', #5389, 1000.00000000000 );
#4798 = CARTESIAN_POINT( '', ( 4.37500000000000, -3.54500000000000, -3.50000000000000 ) );
#4799 = VECTOR( '', #5390, 1000.00000000000 );
#4800 = COLOUR_RGB( '', 0.780392169952393, 0.564705908298492, 0.109803922474384 );
#4801 = CARTESIAN_POINT( '', ( 0.705000000000000, -0.705000000000000, 0.000000000000000 ) );
#4802 = CARTESIAN_POINT( '', ( 0.705000000000000, -0.705000000000000, -3.50000000000000 ) );
#4803 = VECTOR( '', #5391, 1000.00000000000 );
#4804 = CARTESIAN_POINT( '', ( 0.705000000000000, -1.83500000000000, 0.000000000000000 ) );
#4805 = VECTOR( '', #5392, 1000.00000000000 );
#4806 = COLOUR_RGB( '', 0.780392169952393, 0.564705908298492, 0.109803922474384 );
#4807 = CARTESIAN_POINT( '', ( -3.24500000000000, 0.705000000000000, -3.20000000000000 ) );
#4808 = VECTOR( '', #5393, 1000.00000000000 );
#4809 = CARTESIAN_POINT( '', ( -3.79833333333333, 1.28166666666667, -3.77666666666667 ) );
#4810 = VECTOR( '', #5394, 1000.00000000000 );
#4811 = COLOUR_RGB( '', 0.780392169952393, 0.564705908298492, 0.109803922474384 );
#4812 = CARTESIAN_POINT( '', ( 3.24500000000000, 3.24500000000000, 0.000000000000000 ) );
#4813 = CARTESIAN_POINT( '', ( 3.24500000000000, 3.24500000000000, -3.50000000000000 ) );
#4814 = VECTOR( '', #5395, 1000.00000000000 );
#4815 = CARTESIAN_POINT( '', ( 4.37500000000000, 3.24500000000000, 0.000000000000000 ) );
#4816 = VECTOR( '', #5396, 1000.00000000000 );
#4817 = COLOUR_RGB( '', 0.780392169952393, 0.564705908298492, 0.109803922474384 );
#4818 = CARTESIAN_POINT( '', ( 1.83500000000000, 3.24500000000000, 0.000000000000000 ) );
#4819 = CARTESIAN_POINT( '', ( 1.83500000000000, 3.24500000000000, -3.50000000000000 ) );
#4820 = VECTOR( '', #5397, 1000.00000000000 );
#4821 = CARTESIAN_POINT( '', ( 1.83500000000000, 4.37500000000000, 0.000000000000000 ) );
#4822 = CARTESIAN_POINT( '', ( 1.83500000000000, 4.37500000000000, -3.50000000000000 ) );
#4823 = VECTOR( '', #5398, 1000.00000000000 );
#4824 = CARTESIAN_POINT( '', ( 1.83500000000000, 4.37500000000000, 0.000000000000000 ) );
#4825 = VECTOR( '', #5399, 1000.00000000000 );
#4826 = COLOUR_RGB( '', 0.780392169952393, 0.564705908298492, 0.109803922474384 );
#4827 = CARTESIAN_POINT( '', ( 8.67361737988404E-016, 5.00000000000000, 10.5000000000000 ) );
#4828 = AXIS2_PLACEMENT_3D( '', #5400, #5401, #5402 );
#4829 = CARTESIAN_POINT( '', ( -5.00000000000000, 5.00000000000000, 8.42893218813453 ) );
#4830 = CARTESIAN_POINT( '', ( -4.62679416757269, 5.00000000000000, 8.69282856302225 ) );
#4831 = CARTESIAN_POINT( '', ( -4.24637639263122, 5.00000000000000, 8.94750616133089 ) );
#4832 = CARTESIAN_POINT( '', ( -3.46178693823666, 5.00000000000000, 9.42649756370783 ) );
#4833 = CARTESIAN_POINT( '', ( -3.06045924801151, 5.00000000000000, 9.64912973567492 ) );
#4834 = CARTESIAN_POINT( '', ( -2.23293624352362, 5.00000000000000, 10.0362763330430 ) );
#4835 = CARTESIAN_POINT( '', ( -1.80541779071004, 5.00000000000000, 10.2015727839683 ) );
#4836 = CARTESIAN_POINT( '', ( -0.911117257687729, 5.00000000000000, 10.4360161708563 ) );
#4837 = CARTESIAN_POINT( '', ( -0.458714798119406, 5.00000000000000, 10.5000000000000 ) );
#4838 = CARTESIAN_POINT( '', ( 9.53613079317242E-016, 5.00000000000000, 10.5000000000000 ) );
#4839 = COLOUR_RGB( '', 0.780392169952393, 0.564705908298492, 0.109803922474384 );
#4840 = CARTESIAN_POINT( '', ( -1.83500000000000, 3.24500000000000, -3.20000000000000 ) );
#4841 = VECTOR( '', #5403, 1000.00000000000 );
#4842 = CARTESIAN_POINT( '', ( -1.83500000000000, 3.24500000000000, 0.000000000000000 ) );
#4843 = VECTOR( '', #5404, 1000.00000000000 );
#4844 = COLOUR_RGB( '', 0.780392169952393, 0.564705908298492, 0.109803922474384 );
#4845 = CARTESIAN_POINT( '', ( 2.45850000000000, 0.000000000000000, 9.84000000000000 ) );
#4846 = AXIS2_PLACEMENT_3D( '', #5405, #5406, #5407 );
#4847 = CARTESIAN_POINT( '', ( 3.11850000000000, 0.000000000000000, 10.5000000000000 ) );
#4848 = AXIS2_PLACEMENT_3D( '', #5408, #5409, #5410 );
#4849 = COLOUR_RGB( '', 0.780392169952393, 0.564705908298492, 0.109803922474384 );
#4850 = CARTESIAN_POINT( '', ( 3.44500000000000, -0.905000000000000, -3.40000000000000 ) );
#4851 = VECTOR( '', #5411, 999.999999999999 );
#4852 = COLOUR_RGB( '', 0.780392169952393, 0.564705908298492, 0.109803922474384 );
#4853 = CARTESIAN_POINT( '', ( 0.705000000000000, 4.37500000000000, -3.20000000000000 ) );
#4854 = CARTESIAN_POINT( '', ( 0.905000000000000, 4.17500000000000, -3.40000000000000 ) );
#4855 = VECTOR( '', #5412, 999.999999999999 );
#4856 = CARTESIAN_POINT( '', ( 0.705000000000000, 3.24500000000000, -3.20000000000000 ) );
#4857 = VECTOR( '', #5413, 1000.00000000000 );
#4858 = COLOUR_RGB( '', 0.780392169952393, 0.564705908298492, 0.109803922474384 );
#4859 = CARTESIAN_POINT( '', ( 1.83500000000000, -3.24500000000000, -3.20000000000000 ) );
#4860 = VECTOR( '', #5414, 1000.00000000000 );
#4861 = CARTESIAN_POINT( '', ( 1.83500000000000, -3.24500000000000, 0.000000000000000 ) );
#4862 = VECTOR( '', #5415, 1000.00000000000 );
#4863 = COLOUR_RGB( '', 0.780392169952393, 0.564705908298492, 0.109803922474384 );
#4864 = CARTESIAN_POINT( '', ( -3.82166666666667, 3.82166666666667, -3.77666666666667 ) );
#4865 = VECTOR( '', #5416, 1000.00000000000 );
#4866 = CARTESIAN_POINT( '', ( -3.79833333333333, 3.82166666666667, -3.77666666666667 ) );
#4867 = VECTOR( '', #5417, 1000.00000000000 );
#4868 = COLOUR_RGB( '', 0.780392169952393, 0.564705908298492, 0.109803922474384 );
#4869 = CARTESIAN_POINT( '', ( 1.00500000000000, 1.53500000000000, -3.50000000000000 ) );
#4870 = CARTESIAN_POINT( '', ( 1.00500000000000, 1.83500000000000, -3.50000000000000 ) );
#4871 = VECTOR( '', #5418, 1000.00000000000 );
#4872 = CARTESIAN_POINT( '', ( 1.83500000000000, 1.53500000000000, -3.50000000000000 ) );
#4873 = VECTOR( '', #5419, 1000.00000000000 );
#4874 = COLOUR_RGB( '', 0.780392169952393, 0.564705908298492, 0.109803922474384 );
#4875 = CARTESIAN_POINT( '', ( 3.24500000000000, 0.705000000000000, -3.20000000000000 ) );
#4876 = VECTOR( '', #5420, 1000.00000000000 );
#4877 = CARTESIAN_POINT( '', ( 3.24500000000000, 0.705000000000000, 0.000000000000000 ) );
#4878 = VECTOR( '', #5421, 1000.00000000000 );
#4879 = COLOUR_RGB( '', 0.780392169952393, 0.564705908298492, 0.109803922474384 );
#4880 = CARTESIAN_POINT( '', ( -4.37500000000000, -0.705000000000000, -3.20000000000000 ) );
#4881 = CARTESIAN_POINT( '', ( -4.07500000000000, -1.00500000000000, -3.50000000000000 ) );
#4882 = CARTESIAN_POINT( '', ( -4.17500000000000, -0.905000000000000, -3.40000000000000 ) );
#4883 = VECTOR( '', #5422, 999.999999999999 );
#4884 = CARTESIAN_POINT( '', ( -4.37500000000000, -0.705000000000000, -3.20000000000000 ) );
#4885 = VECTOR( '', #5423, 1000.00000000000 );
#4886 = CARTESIAN_POINT( '', ( -3.54500000000000, -1.00500000000000, -3.50000000000000 ) );
#4887 = CARTESIAN_POINT( '', ( -3.82166666666667, -1.28166666666666, -3.77666666666667 ) );
#4888 = VECTOR( '', #5424, 1000.00000000000 );
#4889 = CARTESIAN_POINT( '', ( -3.24500000000000, -1.00500000000000, -3.50000000000000 ) );
#4890 = VECTOR( '', #5425, 1000.00000000000 );
#4891 = COLOUR_RGB( '', 0.780392169952393, 0.564705908298492, 0.109803922474384 );
#4892 = CARTESIAN_POINT( '', ( -1.53500000000000, 3.54500000000000, -3.50000000000000 ) );
#4893 = CARTESIAN_POINT( '', ( -1.53500000000000, 4.37500000000000, -3.50000000000000 ) );
#4894 = VECTOR( '', #5426, 1000.00000000000 );
#4895 = CARTESIAN_POINT( '', ( -1.25833333333333, 3.82166666666667, -3.77666666666667 ) );
#4896 = VECTOR( '', #5427, 1000.00000000000 );
#4897 = COLOUR_RGB( '', 0.780392169952393, 0.564705908298492, 0.109803922474384 );
#4898 = COLOUR_RGB( '', 0.780392169952393, 0.564705908298492, 0.109803922474384 );
#4899 = CARTESIAN_POINT( '', ( 0.705000000000000, 3.24500000000000, 0.000000000000000 ) );
#4900 = CARTESIAN_POINT( '', ( 0.705000000000000, 3.24500000000000, -3.50000000000000 ) );
#4901 = VECTOR( '', #5428, 1000.00000000000 );
#4902 = CARTESIAN_POINT( '', ( 1.83500000000000, 3.24500000000000, 0.000000000000000 ) );
#4903 = VECTOR( '', #5429, 1000.00000000000 );
#4904 = COLOUR_RGB( '', 0.780392169952393, 0.564705908298492, 0.109803922474384 );
#4905 = CARTESIAN_POINT( '', ( 0.705000000000000, 4.37500000000000, -3.20000000000000 ) );
#4906 = VECTOR( '', #5430, 1000.00000000000 );
#4907 = COLOUR_RGB( '', 0.780392169952393, 0.564705908298492, 0.109803922474384 );
#4908 = CARTESIAN_POINT( '', ( 3.24500000000000, 3.24500000000000, 0.000000000000000 ) );
#4909 = VECTOR( '', #5431, 1000.00000000000 );
#4910 = COLOUR_RGB( '', 0.780392169952393, 0.564705908298492, 0.109803922474384 );
#4911 = CARTESIAN_POINT( '', ( 9.53613079317242E-016, 5.00000000000000, 10.5000000000000 ) );
#4912 = CARTESIAN_POINT( '', ( 0.229815525217707, 5.00000000000000, 10.5000000000000 ) );
#4913 = CARTESIAN_POINT( '', ( 0.462760153895985, 5.00000000000000, 10.4837298737266 ) );
#4914 = CARTESIAN_POINT( '', ( 0.919526631903046, 5.00000000000000, 10.4211863347344 ) );
#4915 = CARTESIAN_POINT( '', ( 1.14435481431858, 5.00000000000000, 10.3751817977139 ) );
#4916 = CARTESIAN_POINT( '', ( 1.80981829107100, 5.00000000000000, 10.1997833149567 ) );
#4917 = CARTESIAN_POINT( '', ( 2.24456337261253, 5.00000000000000, 10.0315582848088 ) );
#4918 = CARTESIAN_POINT( '', ( 3.07445632539981, 5.00000000000000, 9.64183716891034 ) );
#4919 = CARTESIAN_POINT( '', ( 3.47262579094540, 5.00000000000000, 9.42014460994780 ) );
#4920 = CARTESIAN_POINT( '', ( 4.24936485167906, 5.00000000000000, 8.94541280302924 ) );
#4921 = CARTESIAN_POINT( '', ( 4.62778213787899, 5.00000000000000, 8.69212996251906 ) );
#4922 = CARTESIAN_POINT( '', ( 5.00000000000000, 5.00000000000000, 8.42893218813453 ) );
#4923 = CARTESIAN_POINT( '', ( 5.00000000000000, 5.00000000000000, 0.000000000000000 ) );
#4924 = VECTOR( '', #5432, 1000.00000000000 );
#4925 = COLOUR_RGB( '', 0.780392169952393, 0.564705908298492, 0.109803922474384 );
#4926 = CARTESIAN_POINT( '', ( 0.705000000000000, 1.83500000000000, -3.20000000000000 ) );
#4927 = CARTESIAN_POINT( '', ( 0.905000000000000, 1.63500000000000, -3.40000000000000 ) );
#4928 = VECTOR( '', #5433, 999.999999999999 );
#4929 = CARTESIAN_POINT( '', ( 0.705000000000000, 0.705000000000000, -3.20000000000000 ) );
#4930 = VECTOR( '', #5434, 1000.00000000000 );
#4931 = COLOUR_RGB( '', 0.780392169952393, 0.564705908298492, 0.109803922474384 );
#4932 = COLOUR_RGB( '', 0.780392169952393, 0.564705908298492, 0.109803922474384 );
#4933 = AXIS2_PLACEMENT_3D( '', #5435, #5436, #5437 );
#4934 = COLOUR_RGB( '', 0.780392169952393, 0.564705908298492, 0.109803922474384 );
#4935 = CARTESIAN_POINT( '', ( 0.905000000000000, -3.44500000000000, -3.40000000000000 ) );
#4936 = VECTOR( '', #5438, 999.999999999999 );
#4937 = CARTESIAN_POINT( '', ( 1.25833333333333, -3.82166666666666, -3.77666666666667 ) );
#4938 = VECTOR( '', #5439, 1000.00000000000 );
#4939 = COLOUR_RGB( '', 0.780392169952393, 0.564705908298492, 0.109803922474384 );
#4940 = CARTESIAN_POINT( '', ( -1.83500000000000, -0.705000000000000, -3.20000000000000 ) );
#4941 = CARTESIAN_POINT( '', ( -1.53500000000000, -1.00500000000000, -3.50000000000000 ) );
#4942 = CARTESIAN_POINT( '', ( -1.63500000000000, -0.905000000000000, -3.40000000000000 ) );
#4943 = VECTOR( '', #5440, 999.999999999999 );
#4944 = CARTESIAN_POINT( '', ( -0.705000000000000, -0.705000000000000, -3.20000000000000 ) );
#4945 = CARTESIAN_POINT( '', ( -1.83500000000000, -0.705000000000000, -3.20000000000000 ) );
#4946 = VECTOR( '', #5441, 1000.00000000000 );
#4947 = CARTESIAN_POINT( '', ( -1.00500000000000, -1.00500000000000, -3.50000000000000 ) );
#4948 = CARTESIAN_POINT( '', ( -1.28166666666667, -1.28166666666666, -3.77666666666667 ) );
#4949 = VECTOR( '', #5442, 1000.00000000000 );
#4950 = CARTESIAN_POINT( '', ( -0.705000000000000, -1.00500000000000, -3.50000000000000 ) );
#4951 = VECTOR( '', #5443, 1000.00000000000 );
#4952 = COLOUR_RGB( '', 0.780392169952393, 0.564705908298492, 0.109803922474384 );
#4953 = CARTESIAN_POINT( '', ( -1.83500000000000, 0.705000000000000, -3.20000000000000 ) );
#4954 = VECTOR( '', #5444, 1000.00000000000 );
#4955 = CARTESIAN_POINT( '', ( -1.83500000000000, 0.705000000000000, 0.000000000000000 ) );
#4956 = CARTESIAN_POINT( '', ( -1.83500000000000, 0.705000000000000, -3.50000000000000 ) );
#4957 = VECTOR( '', #5445, 1000.00000000000 );
#4958 = CARTESIAN_POINT( '', ( -1.83500000000000, 0.705000000000000, 0.000000000000000 ) );
#4959 = VECTOR( '', #5446, 1000.00000000000 );
#4960 = COLOUR_RGB( '', 0.780392169952393, 0.564705908298492, 0.109803922474384 );
#4961 = CARTESIAN_POINT( '', ( -1.00500000000000, -1.53500000000000, -3.50000000000000 ) );
#4962 = CARTESIAN_POINT( '', ( -1.00500000000000, -1.83500000000000, -3.50000000000000 ) );
#4963 = VECTOR( '', #5447, 1000.00000000000 );
#4964 = CARTESIAN_POINT( '', ( -1.53500000000000, -1.53500000000000, -3.50000000000000 ) );
#4965 = CARTESIAN_POINT( '', ( -1.83500000000000, -1.53500000000000, -3.50000000000000 ) );
#4966 = VECTOR( '', #5448, 1000.00000000000 );
#4967 = CARTESIAN_POINT( '', ( -1.53500000000000, -0.704999999999992, -3.50000000000000 ) );
#4968 = VECTOR( '', #5449, 1000.00000000000 );
#4969 = COLOUR_RGB( '', 0.780392169952393, 0.564705908298492, 0.109803922474384 );
#4970 = COLOUR_RGB( '', 0.780392169952393, 0.564705908298492, 0.109803922474384 );
#4971 = CARTESIAN_POINT( '', ( -1.83500000000000, -0.705000000000000, 0.000000000000000 ) );
#4972 = CARTESIAN_POINT( '', ( -1.83500000000000, -0.705000000000000, -3.50000000000000 ) );
#4973 = VECTOR( '', #5450, 1000.00000000000 );
#4974 = CARTESIAN_POINT( '', ( -1.83500000000000, -1.83500000000000, -3.20000000000000 ) );
#4975 = VECTOR( '', #5451, 1000.00000000000 );
#4976 = CARTESIAN_POINT( '', ( -1.83500000000000, -1.83500000000000, 0.000000000000000 ) );
#4977 = VECTOR( '', #5452, 1000.00000000000 );
#4978 = COLOUR_RGB( '', 0.780392169952393, 0.564705908298492, 0.109803922474384 );
#4979 = COLOUR_RGB( '', 0.780392169952393, 0.564705908298492, 0.109803922474384 );
#4980 = CARTESIAN_POINT( '', ( 3.54500000000000, 1.53500000000000, -3.50000000000000 ) );
#4981 = CARTESIAN_POINT( '', ( 3.44500000000000, 1.63500000000000, -3.40000000000000 ) );
#4982 = VECTOR( '', #5453, 999.999999999999 );
#4983 = CARTESIAN_POINT( '', ( 3.54500000000000, 1.83500000000000, -3.50000000000000 ) );
#4984 = VECTOR( '', #5454, 1000.00000000000 );
#4985 = COLOUR_RGB( '', 0.780392169952393, 0.564705908298492, 0.109803922474384 );
#4986 = CARTESIAN_POINT( '', ( -0.705000000000000, -0.705000000000000, -3.20000000000000 ) );
#4987 = VECTOR( '', #5455, 1000.00000000000 );
#4988 = CARTESIAN_POINT( '', ( -0.705000000000000, -0.705000000000000, 0.000000000000000 ) );
#4989 = CARTESIAN_POINT( '', ( -0.705000000000000, -0.705000000000000, -3.50000000000000 ) );
#4990 = VECTOR( '', #5456, 1000.00000000000 );
#4991 = CARTESIAN_POINT( '', ( -0.705000000000000, -0.705000000000000, 0.000000000000000 ) );
#4992 = VECTOR( '', #5457, 1000.00000000000 );
#4993 = COLOUR_RGB( '', 0.780392169952393, 0.564705908298492, 0.109803922474384 );
#4994 = COLOUR_RGB( '', 0.780392169952393, 0.564705908298492, 0.109803922474384 );
#4995 = AXIS2_PLACEMENT_3D( '', #5458, #5459, #5460 );
#4996 = COLOUR_RGB( '', 0.780392169952393, 0.564705908298492, 0.109803922474384 );
#4997 = COLOUR_RGB( '', 0.780392169952393, 0.564705908298492, 0.109803922474384 );
#4998 = CARTESIAN_POINT( '', ( 4.07500000000000, -4.37500000000000, -3.50000000000000 ) );
#4999 = VECTOR( '', #5461, 1000.00000000000 );
#5000 = COLOUR_RGB( '', 0.780392169952393, 0.564705908298492, 0.109803922474384 );
#5001 = CARTESIAN_POINT( '', ( -1.83500000000000, 3.54500000000000, -3.50000000000000 ) );
#5002 = VECTOR( '', #5462, 1000.00000000000 );
#5003 = COLOUR_RGB( '', 0.780392169952393, 0.564705908298492, 0.109803922474384 );
#5004 = CARTESIAN_POINT( '', ( 0.705000000000000, -1.53500000000000, -3.50000000000000 ) );
#5005 = VECTOR( '', #5463, 1000.00000000000 );
#5006 = COLOUR_RGB( '', 0.780392169952393, 0.564705908298492, 0.109803922474384 );
#5007 = CARTESIAN_POINT( '', ( 0.705000000000000, 1.83500000000000, -3.20000000000000 ) );
#5008 = VECTOR( '', #5464, 1000.00000000000 );
#5009 = COLOUR_RGB( '', 0.780392169952393, 0.564705908298492, 0.109803922474384 );
#5010 = CARTESIAN_POINT( '', ( 4.37500000000000, 1.53500000000000, -3.50000000000000 ) );
#5011 = VECTOR( '', #5465, 1000.00000000000 );
#5012 = COLOUR_RGB( '', 0.780392169952393, 0.564705908298492, 0.109803922474384 );
#5013 = CARTESIAN_POINT( '', ( 3.24500000000000, -1.83500000000000, -3.20000000000000 ) );
#5014 = CARTESIAN_POINT( '', ( 4.37500000000000, -1.83500000000000, -3.20000000000000 ) );
#5015 = VECTOR( '', #5466, 1000.00000000000 );
#5016 = CARTESIAN_POINT( '', ( 3.82166666666668, -1.25833333333333, -3.77666666666667 ) );
#5017 = VECTOR( '', #5467, 1000.00000000000 );
#5018 = COLOUR_RGB( '', 0.780392169952393, 0.564705908298492, 0.109803922474384 );
#5019 = CARTESIAN_POINT( '', ( 4.37500000000000, -3.24500000000000, -3.20000000000000 ) );
#5020 = VECTOR( '', #5468, 1000.00000000000 );
#5021 = CARTESIAN_POINT( '', ( 4.37500000000000, -3.24500000000000, 0.000000000000000 ) );
#5022 = VECTOR( '', #5469, 1000.00000000000 );
#5023 = COLOUR_RGB( '', 0.780392169952393, 0.564705908298492, 0.109803922474384 );
#5024 = CARTESIAN_POINT( '', ( -4.37500000000000, -0.705000000000000, 0.000000000000000 ) );
#5025 = CARTESIAN_POINT( '', ( -4.37500000000000, -0.705000000000000, -3.50000000000000 ) );
#5026 = VECTOR( '', #5470, 1000.00000000000 );
#5027 = CARTESIAN_POINT( '', ( -4.37500000000000, -0.705000000000000, 0.000000000000000 ) );
#5028 = VECTOR( '', #5471, 1000.00000000000 );
#5029 = COLOUR_RGB( '', 0.780392169952393, 0.564705908298492, 0.109803922474384 );
#5030 = CARTESIAN_POINT( '', ( -3.24500000000000, 0.705000000000000, 0.000000000000000 ) );
#5031 = CARTESIAN_POINT( '', ( -3.24500000000000, 0.705000000000000, -3.50000000000000 ) );
#5032 = VECTOR( '', #5472, 1000.00000000000 );
#5033 = CARTESIAN_POINT( '', ( -3.24500000000000, 1.83500000000000, 0.000000000000000 ) );
#5034 = VECTOR( '', #5473, 1000.00000000000 );
#5035 = COLOUR_RGB( '', 0.780392169952393, 0.564705908298492, 0.109803922474384 );
#5036 = CARTESIAN_POINT( '', ( -1.28166666666667, -1.25833333333333, -3.77666666666667 ) );
#5037 = VECTOR( '', #5474, 1000.00000000000 );
#5038 = COLOUR_RGB( '', 0.780392169952393, 0.564705908298492, 0.109803922474384 );
#5039 = CARTESIAN_POINT( '', ( -1.53500000000000, 1.83500000000000, -3.50000000000000 ) );
#5040 = VECTOR( '', #5475, 1000.00000000000 );
#5041 = COLOUR_RGB( '', 0.780392169952393, 0.564705908298492, 0.109803922474384 );
#5042 = CARTESIAN_POINT( '', ( 4.37500000000000, 1.83500000000000, 0.000000000000000 ) );
#5043 = VECTOR( '', #5476, 1000.00000000000 );
#5044 = CARTESIAN_POINT( '', ( 3.24500000000000, -1.83500000000000, 0.000000000000000 ) );
#5045 = CARTESIAN_POINT( '', ( 3.24500000000000, -1.83500000000000, 0.000000000000000 ) );
#5046 = VECTOR( '', #5477, 1000.00000000000 );
#5047 = CARTESIAN_POINT( '', ( 4.37500000000000, -1.83500000000000, 0.000000000000000 ) );
#5048 = VECTOR( '', #5478, 1000.00000000000 );
#5049 = CARTESIAN_POINT( '', ( 0.705000000000000, 4.37500000000000, 0.000000000000000 ) );
#5050 = CARTESIAN_POINT( '', ( 0.705000000000000, 3.24500000000000, 0.000000000000000 ) );
#5051 = VECTOR( '', #5479, 1000.00000000000 );
#5052 = CARTESIAN_POINT( '', ( 0.705000000000000, 4.37500000000000, 0.000000000000000 ) );
#5053 = VECTOR( '', #5480, 1000.00000000000 );
#5054 = CARTESIAN_POINT( '', ( 0.705000000000000, 0.705000000000000, 0.000000000000000 ) );
#5055 = CARTESIAN_POINT( '', ( 0.705000000000000, 1.83500000000000, 0.000000000000000 ) );
#5056 = CARTESIAN_POINT( '', ( 0.705000000000000, 0.705000000000000, 0.000000000000000 ) );
#5057 = VECTOR( '', #5481, 1000.00000000000 );
#5058 = CARTESIAN_POINT( '', ( 1.83500000000000, 0.705000000000000, 0.000000000000000 ) );
#5059 = CARTESIAN_POINT( '', ( 1.83500000000000, 0.705000000000000, 0.000000000000000 ) );
#5060 = VECTOR( '', #5482, 1000.00000000000 );
#5061 = CARTESIAN_POINT( '', ( 1.83500000000000, 1.83500000000000, 0.000000000000000 ) );
#5062 = CARTESIAN_POINT( '', ( 1.83500000000000, 1.83500000000000, 0.000000000000000 ) );
#5063 = VECTOR( '', #5483, 1000.00000000000 );
#5064 = CARTESIAN_POINT( '', ( 0.705000000000000, 1.83500000000000, 0.000000000000000 ) );
#5065 = VECTOR( '', #5484, 1000.00000000000 );
#5066 = CARTESIAN_POINT( '', ( 0.705000000000000, -0.705000000000000, 0.000000000000000 ) );
#5067 = VECTOR( '', #5485, 1000.00000000000 );
#5068 = CARTESIAN_POINT( '', ( 0.705000000000000, -4.37500000000000, 0.000000000000000 ) );
#5069 = VECTOR( '', #5486, 1000.00000000000 );
#5070 = CARTESIAN_POINT( '', ( -0.705000000000000, 4.37500000000000, 0.000000000000000 ) );
#5071 = VECTOR( '', #5487, 1000.00000000000 );
#5072 = CARTESIAN_POINT( '', ( -0.705000000000000, 0.705000000000000, 0.000000000000000 ) );
#5073 = VECTOR( '', #5488, 1000.00000000000 );
#5074 = CARTESIAN_POINT( '', ( -1.83500000000000, -0.705000000000000, 0.000000000000000 ) );
#5075 = VECTOR( '', #5489, 1000.00000000000 );
#5076 = CARTESIAN_POINT( '', ( -0.705000000000000, -3.24500000000000, 0.000000000000000 ) );
#5077 = VECTOR( '', #5490, 1000.00000000000 );
#5078 = CARTESIAN_POINT( '', ( -4.37500000000000, 4.37500000000000, 0.000000000000000 ) );
#5079 = VECTOR( '', #5491, 1000.00000000000 );
#5080 = CARTESIAN_POINT( '', ( -3.24500000000000, 0.705000000000000, 0.000000000000000 ) );
#5081 = VECTOR( '', #5492, 1000.00000000000 );
#5082 = CARTESIAN_POINT( '', ( -4.37500000000000, -1.83500000000000, 0.000000000000000 ) );
#5083 = CARTESIAN_POINT( '', ( -4.37500000000000, -1.83500000000000, 0.000000000000000 ) );
#5084 = VECTOR( '', #5493, 1000.00000000000 );
#5085 = CARTESIAN_POINT( '', ( -3.24500000000000, -1.83500000000000, 0.000000000000000 ) );
#5086 = VECTOR( '', #5494, 1000.00000000000 );
#5087 = COLOUR_RGB( '', 0.780392169952393, 0.564705908298492, 0.109803922474384 );
#5088 = COLOUR_RGB( '', 0.780392169952393, 0.564705908298492, 0.109803922474384 );
#5089 = CARTESIAN_POINT( '', ( 1.83500000000000, 0.705000000000000, -3.50000000000000 ) );
#5090 = VECTOR( '', #5495, 1000.00000000000 );
#5091 = CARTESIAN_POINT( '', ( 1.83500000000000, 1.83500000000000, -3.50000000000000 ) );
#5092 = VECTOR( '', #5496, 1000.00000000000 );
#5093 = COLOUR_RGB( '', 0.780392169952393, 0.564705908298492, 0.109803922474384 );
#5094 = CARTESIAN_POINT( '', ( 0.705000000000000, 4.37500000000000, -3.50000000000000 ) );
#5095 = VECTOR( '', #5497, 1000.00000000000 );
#5096 = COLOUR_RGB( '', 0.780392169952393, 0.564705908298492, 0.109803922474384 );
#5097 = CARTESIAN_POINT( '', ( 0.705000000000000, 0.705000000000000, -3.50000000000000 ) );
#5098 = VECTOR( '', #5498, 1000.00000000000 );
#5099 = COLOUR_RGB( '', 0.780392169952393, 0.564705908298492, 0.109803922474384 );
#5100 = COLOUR_RGB( '', 0.780392169952393, 0.564705908298492, 0.109803922474384 );
#5101 = COLOUR_RGB( '', 0.780392169952393, 0.564705908298492, 0.109803922474384 );
#5102 = CARTESIAN_POINT( '', ( -3.54500000000000, -1.53500000000000, -3.50000000000000 ) );
#5103 = CARTESIAN_POINT( '', ( -3.54500000000000, -1.83500000000000, -3.50000000000000 ) );
#5104 = VECTOR( '', #5499, 1000.00000000000 );
#5105 = CARTESIAN_POINT( '', ( -4.07500000000000, -1.53500000000000, -3.50000000000000 ) );
#5106 = CARTESIAN_POINT( '', ( -4.37500000000000, -1.53500000000000, -3.50000000000000 ) );
#5107 = VECTOR( '', #5500, 1000.00000000000 );
#5108 = CARTESIAN_POINT( '', ( -4.07500000000000, -0.704999999999992, -3.50000000000000 ) );
#5109 = VECTOR( '', #5501, 1000.00000000000 );
#5110 = COLOUR_RGB( '', 0.780392169952393, 0.564705908298492, 0.109803922474384 );
#5111 = COLOUR_RGB( '', 0.780392169952393, 0.564705908298492, 0.109803922474384 );
#5112 = COLOUR_RGB( '', 0.780392169952393, 0.564705908298492, 0.109803922474384 );
#5113 = CARTESIAN_POINT( '', ( -3.82166666666667, -1.25833333333333, -3.77666666666667 ) );
#5114 = VECTOR( '', #5502, 1000.00000000000 );
#5115 = CARTESIAN_POINT( '', ( -4.37500000000000, -1.83500000000000, -3.20000000000000 ) );
#5116 = CARTESIAN_POINT( '', ( -3.24500000000000, -1.83500000000000, -3.20000000000000 ) );
#5117 = VECTOR( '', #5503, 1000.00000000000 );
#5118 = CARTESIAN_POINT( '', ( -3.79833333333333, -1.25833333333333, -3.77666666666667 ) );
#5119 = VECTOR( '', #5504, 1000.00000000000 );
#5120 = COLOUR_RGB( '', 0.780392169952393, 0.564705908298492, 0.109803922474384 );
#5121 = CARTESIAN_POINT( '', ( 0.705000000000000, 1.83500000000000, -3.50000000000000 ) );
#5122 = VECTOR( '', #5505, 1000.00000000000 );
#5123 = COLOUR_RGB( '', 0.780392169952393, 0.564705908298492, 0.109803922474384 );
#5124 = CARTESIAN_POINT( '', ( -1.25833333333333, -1.25833333333333, -3.77666666666667 ) );
#5125 = VECTOR( '', #5506, 1000.00000000000 );
#5126 = COLOUR_RGB( '', 0.780392169952393, 0.564705908298492, 0.109803922474384 );
#5127 = CARTESIAN_POINT( '', ( -4.37500000000000, -1.83500000000000, -3.20000000000000 ) );
#5128 = VECTOR( '', #5507, 1000.00000000000 );
#5129 = CARTESIAN_POINT( '', ( -4.37500000000000, -1.83500000000000, -3.50000000000000 ) );
#5130 = VECTOR( '', #5508, 1000.00000000000 );
#5131 = COLOUR_RGB( '', 0.780392169952393, 0.564705908298492, 0.109803922474384 );
#5132 = COLOUR_RGB( '', 0.780392169952393, 0.564705908298492, 0.109803922474384 );
#5133 = CARTESIAN_POINT( '', ( 3.24500000000000, -1.83500000000000, -3.20000000000000 ) );
#5134 = VECTOR( '', #5509, 1000.00000000000 );
#5135 = COLOUR_RGB( '', 0.780392169952393, 0.564705908298492, 0.109803922474384 );
#5136 = CARTESIAN_POINT( '', ( 0.705000000000000, -4.37500000000000, -3.20000000000000 ) );
#5137 = VECTOR( '', #5510, 1000.00000000000 );
#5138 = COLOUR_RGB( '', 0.396078437566757, 0.941176474094391, 0.450980395078659 );
#5139 = COLOUR_RGB( '', 0.780392169952393, 0.564705908298492, 0.109803922474384 );
#5140 = COLOUR_RGB( '', 0.780392169952393, 0.564705908298492, 0.109803922474384 );
#5141 = COLOUR_RGB( '', 0.780392169952393, 0.564705908298492, 0.109803922474384 );
#5142 = CARTESIAN_POINT( '', ( -1.00500000000000, 0.705000000000000, -3.50000000000000 ) );
#5143 = VECTOR( '', #5511, 1000.00000000000 );
#5144 = COLOUR_RGB( '', 0.780392169952393, 0.564705908298492, 0.109803922474384 );
#5145 = CARTESIAN_POINT( '', ( 3.24500000000000, -1.83500000000000, -3.50000000000000 ) );
#5146 = VECTOR( '', #5512, 1000.00000000000 );
#5147 = COLOUR_RGB( '', 0.780392169952393, 0.564705908298492, 0.109803922474384 );
#5148 = AXIS2_PLACEMENT_3D( '', #5513, #5514, #5515 );
#5149 = COLOUR_RGB( '', 0.780392169952393, 0.564705908298492, 0.109803922474384 );
#5150 = COLOUR_RGB( '', 0.780392169952393, 0.564705908298492, 0.109803922474384 );
#5151 = COLOUR_RGB( '', 0.780392169952393, 0.564705908298492, 0.109803922474384 );
#5152 = COLOUR_RGB( '', 0.780392169952393, 0.564705908298492, 0.109803922474384 );
#5153 = COLOUR_RGB( '', 0.780392169952393, 0.564705908298492, 0.109803922474384 );
#5154 = COLOUR_RGB( '', 0.780392169952393, 0.564705908298492, 0.109803922474384 );
#5155 = COLOUR_RGB( '', 0.780392169952393, 0.564705908298492, 0.109803922474384 );
#5156 = COLOUR_RGB( '', 0.780392169952393, 0.564705908298492, 0.109803922474384 );
#5157 = COLOUR_RGB( '', 0.780392169952393, 0.564705908298492, 0.109803922474384 );
#5158 = COLOUR_RGB( '', 0.780392169952393, 0.564705908298492, 0.109803922474384 );
#5159 = COLOUR_RGB( '', 0.780392169952393, 0.564705908298492, 0.109803922474384 );
#5160 = COLOUR_RGB( '', 0.780392169952393, 0.564705908298492, 0.109803922474384 );
#5161 = COLOUR_RGB( '', 0.780392169952393, 0.564705908298492, 0.109803922474384 );
#5162 = COLOUR_RGB( '', 0.780392169952393, 0.564705908298492, 0.109803922474384 );
#5163 = COLOUR_RGB( '', 0.780392169952393, 0.564705908298492, 0.109803922474384 );
#5164 = DIRECTION( '', ( 0.577350269189626, -0.577350269189627, -0.577350269189624 ) );
#5165 = DIRECTION( '', ( -1.53515351856353E-015, 1.00000000000000, 0.000000000000000 ) );
#5166 = DIRECTION( '', ( -0.577350269189625, -0.577350269189627, 0.577350269189625 ) );
#5167 = DIRECTION( '', ( 1.53515351856353E-015, -1.00000000000000, 0.000000000000000 ) );
#5168 = DIRECTION( '', ( -0.577350269189627, 0.577350269189624, -0.577350269189626 ) );
#5169 = DIRECTION( '', ( 1.00000000000000, 3.07030703712710E-015, 0.000000000000000 ) );
#5170 = DIRECTION( '', ( -0.577350269189625, -0.577350269189627, 0.577350269189625 ) );
#5171 = DIRECTION( '', ( -1.00000000000000, -3.07030703712710E-015, 0.000000000000000 ) );
#5172 = DIRECTION( '', ( 0.577350269189626, -0.577350269189627, -0.577350269189624 ) );
#5173 = DIRECTION( '', ( -1.53515351856353E-015, 1.00000000000000, 0.000000000000000 ) );
#5174 = DIRECTION( '', ( -0.577350269189625, -0.577350269189627, 0.577350269189625 ) );
#5175 = DIRECTION( '', ( 1.53515351856353E-015, -1.00000000000000, 0.000000000000000 ) );
#5176 = DIRECTION( '', ( 0.577350269189626, -0.577350269189627, -0.577350269189624 ) );
#5177 = DIRECTION( '', ( -1.53515351856353E-015, 1.00000000000000, 0.000000000000000 ) );
#5178 = DIRECTION( '', ( -0.577350269189625, -0.577350269189627, 0.577350269189625 ) );
#5179 = DIRECTION( '', ( 1.53515351856353E-015, -1.00000000000000, 0.000000000000000 ) );
#5180 = DIRECTION( '', ( 1.53515351856355E-015, -1.00000000000000, 0.000000000000000 ) );
#5181 = DIRECTION( '', ( -1.00000000000000, -3.07030703712710E-015, 0.000000000000000 ) );
#5182 = DIRECTION( '', ( -1.53515351856353E-015, 1.00000000000000, 0.000000000000000 ) );
#5183 = DIRECTION( '', ( 1.00000000000000, -6.52440245389509E-015, 0.000000000000000 ) );
#5184 = DIRECTION( '', ( 0.577350269189626, -0.577350269189627, -0.577350269189624 ) );
#5185 = DIRECTION( '', ( -1.00000000000000, 6.52440245389509E-015, 0.000000000000000 ) );
#5186 = DIRECTION( '', ( -0.577350269189627, -0.577350269189623, -0.577350269189628 ) );
#5187 = DIRECTION( '', ( 1.53515351856355E-015, -1.00000000000000, 0.000000000000000 ) );
#5188 = DIRECTION( '', ( -1.53515351856353E-015, 1.00000000000000, 0.000000000000000 ) );
#5189 = DIRECTION( '', ( 1.00000000000000, -6.52440245389509E-015, 0.000000000000000 ) );
#5190 = DIRECTION( '', ( 0.000000000000000, 0.000000000000000, 1.00000000000000 ) );
#5191 = DIRECTION( '', ( -1.00000000000000, 6.52440245389509E-015, 0.000000000000000 ) );
#5192 = DIRECTION( '', ( 0.000000000000000, 0.000000000000000, 1.00000000000000 ) );
#5193 = DIRECTION( '', ( 1.00000000000000, -6.52440245389509E-015, 0.000000000000000 ) );
#5194 = DIRECTION( '', ( 0.000000000000000, 0.000000000000000, 1.00000000000000 ) );
#5195 = DIRECTION( '', ( 1.00000000000000, 3.07030703712710E-015, 0.000000000000000 ) );
#5196 = DIRECTION( '', ( 0.000000000000000, 0.000000000000000, 1.00000000000000 ) );
#5197 = DIRECTION( '', ( -1.00000000000000, -3.07030703712710E-015, 0.000000000000000 ) );
#5198 = DIRECTION( '', ( -1.53515351856355E-015, 1.00000000000000, 0.000000000000000 ) );
#5199 = DIRECTION( '', ( 0.000000000000000, 0.000000000000000, 1.00000000000000 ) );
#5200 = DIRECTION( '', ( 1.53515351856355E-015, -1.00000000000000, 0.000000000000000 ) );
#5201 = DIRECTION( '', ( -0.577350269189627, 0.577350269189624, -0.577350269189626 ) );
#5202 = DIRECTION( '', ( 1.00000000000000, 3.07030703712710E-015, 0.000000000000000 ) );
#5203 = DIRECTION( '', ( -0.577350269189625, -0.577350269189627, 0.577350269189625 ) );
#5204 = DIRECTION( '', ( -1.00000000000000, -3.07030703712710E-015, 0.000000000000000 ) );
#5205 = DIRECTION( '', ( 0.000000000000000, 0.000000000000000, 1.00000000000000 ) );
#5206 = DIRECTION( '', ( -1.53515351856355E-015, 1.00000000000000, 0.000000000000000 ) );
#5207 = DIRECTION( '', ( 0.000000000000000, 0.000000000000000, 1.00000000000000 ) );
#5208 = DIRECTION( '', ( 1.53515351856355E-015, -1.00000000000000, 0.000000000000000 ) );
#5209 = DIRECTION( '', ( 0.000000000000000, 0.000000000000000, -1.00000000000000 ) );
#5210 = DIRECTION( '', ( 0.000000000000000, 0.000000000000000, -1.00000000000000 ) );
#5211 = DIRECTION( '', ( 1.73472347597680E-016, 1.00000000000000, 0.000000000000000 ) );
#5212 = DIRECTION( '', ( 0.000000000000000, 0.000000000000000, 1.00000000000000 ) );
#5213 = DIRECTION( '', ( 1.00000000000000, 3.07030703712710E-015, 0.000000000000000 ) );
#5214 = DIRECTION( '', ( 0.000000000000000, 0.000000000000000, 1.00000000000000 ) );
#5215 = DIRECTION( '', ( -1.00000000000000, -3.07030703712710E-015, 0.000000000000000 ) );
#5216 = DIRECTION( '', ( -0.577350269189627, 0.577350269189624, -0.577350269189626 ) );
#5217 = DIRECTION( '', ( 1.00000000000000, 3.07030703712710E-015, 0.000000000000000 ) );
#5218 = DIRECTION( '', ( -0.577350269189625, -0.577350269189627, 0.577350269189625 ) );
#5219 = DIRECTION( '', ( -1.00000000000000, -3.07030703712710E-015, 0.000000000000000 ) );
#5220 = DIRECTION( '', ( 0.000000000000000, 0.000000000000000, 1.00000000000000 ) );
#5221 = DIRECTION( '', ( -1.00000000000000, 6.52440245389509E-015, 0.000000000000000 ) );
#5222 = DIRECTION( '', ( 0.000000000000000, 0.000000000000000, 1.00000000000000 ) );
#5223 = DIRECTION( '', ( 1.00000000000000, -6.52440245389509E-015, 0.000000000000000 ) );
#5224 = DIRECTION( '', ( 0.000000000000000, 0.000000000000000, 1.00000000000000 ) );
#5225 = DIRECTION( '', ( -1.53515351856355E-015, 1.00000000000000, 0.000000000000000 ) );
#5226 = DIRECTION( '', ( 0.000000000000000, 0.000000000000000, 1.00000000000000 ) );
#5227 = DIRECTION( '', ( 1.53515351856355E-015, -1.00000000000000, 0.000000000000000 ) );
#5228 = DIRECTION( '', ( 1.53515351856355E-015, -1.00000000000000, 0.000000000000000 ) );
#5229 = DIRECTION( '', ( -1.00000000000000, -3.07030703712710E-015, 0.000000000000000 ) );
#5230 = DIRECTION( '', ( -1.53515351856353E-015, 1.00000000000000, 0.000000000000000 ) );
#5231 = DIRECTION( '', ( 1.00000000000000, -6.52440245389509E-015, 0.000000000000000 ) );
#5232 = DIRECTION( '', ( -0.577350269189627, -0.577350269189623, -0.577350269189628 ) );
#5233 = DIRECTION( '', ( -1.53515351856355E-015, 1.00000000000000, 0.000000000000000 ) );
#5234 = DIRECTION( '', ( -0.577350269189627, 0.577350269189624, -0.577350269189626 ) );
#5235 = DIRECTION( '', ( -1.00000000000000, 6.52440245389509E-015, 0.000000000000000 ) );
#5236 = DIRECTION( '', ( 0.000000000000000, 0.000000000000000, 1.00000000000000 ) );
#5237 = DIRECTION( '', ( 1.00000000000000, -6.52440245389509E-015, 0.000000000000000 ) );
#5238 = DIRECTION( '', ( -0.577350269189627, -0.577350269189623, -0.577350269189628 ) );
#5239 = DIRECTION( '', ( 1.00000000000000, -6.52440245389509E-015, 0.000000000000000 ) );
#5240 = DIRECTION( '', ( -0.577350269189627, -0.577350269189623, -0.577350269189628 ) );
#5241 = DIRECTION( '', ( -0.577350269189627, 0.577350269189624, -0.577350269189626 ) );
#5242 = DIRECTION( '', ( 1.53515351856355E-015, -1.00000000000000, 0.000000000000000 ) );
#5243 = DIRECTION( '', ( -0.577350269189627, -0.577350269189623, -0.577350269189628 ) );
#5244 = DIRECTION( '', ( -1.53515351856355E-015, 1.00000000000000, 0.000000000000000 ) );
#5245 = DIRECTION( '', ( -0.577350269189627, 0.577350269189624, -0.577350269189626 ) );
#5246 = DIRECTION( '', ( 1.53515351856355E-015, -1.00000000000000, 0.000000000000000 ) );
#5247 = DIRECTION( '', ( 0.000000000000000, 0.000000000000000, 1.00000000000000 ) );
#5248 = DIRECTION( '', ( 1.00000000000000, 3.07030703712710E-015, 0.000000000000000 ) );
#5249 = DIRECTION( '', ( 0.000000000000000, 0.000000000000000, 1.00000000000000 ) );
#5250 = DIRECTION( '', ( -1.00000000000000, -3.07030703712710E-015, 0.000000000000000 ) );
#5251 = DIRECTION( '', ( 1.53515351856353E-015, -1.00000000000000, 0.000000000000000 ) );
#5252 = DIRECTION( '', ( 0.000000000000000, 0.000000000000000, 1.00000000000000 ) );
#5253 = DIRECTION( '', ( -1.53515351856353E-015, 1.00000000000000, 0.000000000000000 ) );
#5254 = DIRECTION( '', ( 0.577350269189626, -0.577350269189627, -0.577350269189624 ) );
#5255 = DIRECTION( '', ( -1.00000000000000, 6.52440245389509E-015, 0.000000000000000 ) );
#5256 = DIRECTION( '', ( -0.577350269189627, -0.577350269189623, -0.577350269189628 ) );
#5257 = DIRECTION( '', ( 1.00000000000000, -6.52440245389509E-015, 0.000000000000000 ) );
#5258 = DIRECTION( '', ( 0.577350269189626, -0.577350269189627, -0.577350269189624 ) );
#5259 = DIRECTION( '', ( -0.577350269189627, -0.577350269189623, -0.577350269189628 ) );
#5260 = DIRECTION( '', ( 1.00000000000000, -6.52440245389509E-015, 0.000000000000000 ) );
#5261 = DIRECTION( '', ( 0.577350269189626, -0.577350269189627, -0.577350269189624 ) );
#5262 = DIRECTION( '', ( -1.00000000000000, 6.52440245389509E-015, 0.000000000000000 ) );
#5263 = DIRECTION( '', ( -0.577350269189627, -0.577350269189623, -0.577350269189628 ) );
#5264 = DIRECTION( '', ( 1.00000000000000, -6.52440245389509E-015, 0.000000000000000 ) );
#5265 = DIRECTION( '', ( 0.000000000000000, 0.000000000000000, 1.00000000000000 ) );
#5266 = DIRECTION( '', ( -1.00000000000000, 6.52440245389509E-015, 0.000000000000000 ) );
#5267 = DIRECTION( '', ( 0.000000000000000, 0.000000000000000, 1.00000000000000 ) );
#5268 = DIRECTION( '', ( 1.00000000000000, -6.52440245389509E-015, 0.000000000000000 ) );
#5269 = DIRECTION( '', ( 0.000000000000000, 0.000000000000000, 1.00000000000000 ) );
#5270 = DIRECTION( '', ( -1.00000000000000, 6.52440245389509E-015, 0.000000000000000 ) );
#5271 = DIRECTION( '', ( 0.000000000000000, 0.000000000000000, 1.00000000000000 ) );
#5272 = DIRECTION( '', ( 1.00000000000000, -6.52440245389509E-015, 0.000000000000000 ) );
#5273 = DIRECTION( '', ( 0.000000000000000, 0.000000000000000, 1.00000000000000 ) );
#5274 = DIRECTION( '', ( 1.00000000000000, 3.07030703712710E-015, 0.000000000000000 ) );
#5275 = DIRECTION( '', ( 0.000000000000000, 0.000000000000000, 1.00000000000000 ) );
#5276 = DIRECTION( '', ( -1.00000000000000, -3.07030703712710E-015, 0.000000000000000 ) );
#5277 = DIRECTION( '', ( -0.577350269189627, -0.577350269189623, -0.577350269189628 ) );
#5278 = DIRECTION( '', ( -0.577350269189627, 0.577350269189624, -0.577350269189626 ) );
#5279 = DIRECTION( '', ( 1.53515351856355E-015, -1.00000000000000, 0.000000000000000 ) );
#5280 = DIRECTION( '', ( 0.000000000000000, 0.000000000000000, 1.00000000000000 ) );
#5281 = DIRECTION( '', ( 1.00000000000000, 3.07030703712710E-015, 0.000000000000000 ) );
#5282 = DIRECTION( '', ( 0.000000000000000, 0.000000000000000, 1.00000000000000 ) );
#5283 = DIRECTION( '', ( -1.00000000000000, -3.07030703712710E-015, 0.000000000000000 ) );
#5284 = DIRECTION( '', ( -1.53515351856353E-015, 1.00000000000000, 0.000000000000000 ) );
#5285 = DIRECTION( '', ( 0.000000000000000, 0.000000000000000, 1.00000000000000 ) );
#5286 = DIRECTION( '', ( -1.00000000000000, 6.52440245389509E-015, 0.000000000000000 ) );
#5287 = DIRECTION( '', ( 0.000000000000000, 0.000000000000000, 1.00000000000000 ) );
#5288 = DIRECTION( '', ( 1.00000000000000, -6.52440245389509E-015, 0.000000000000000 ) );
#5289 = DIRECTION( '', ( 0.000000000000000, 0.000000000000000, 1.00000000000000 ) );
#5290 = DIRECTION( '', ( 0.000000000000000, 0.000000000000000, 1.00000000000000 ) );
#5291 = DIRECTION( '', ( -1.00000000000000, -3.07030703712710E-015, 0.000000000000000 ) );
#5292 = DIRECTION( '', ( -1.00000000000000, 6.52440245389509E-015, 0.000000000000000 ) );
#5293 = DIRECTION( '', ( 0.000000000000000, 0.000000000000000, 1.00000000000000 ) );
#5294 = DIRECTION( '', ( 1.00000000000000, -6.52440245389509E-015, 0.000000000000000 ) );
#5295 = DIRECTION( '', ( 1.53515351856355E-015, -1.00000000000000, 0.000000000000000 ) );
#5296 = DIRECTION( '', ( -1.00000000000000, -3.07030703712710E-015, 0.000000000000000 ) );
#5297 = DIRECTION( '', ( 0.000000000000000, 0.000000000000000, -1.00000000000000 ) );
#5298 = DIRECTION( '', ( 1.00000000000000, 0.000000000000000, 0.000000000000000 ) );
#5299 = DIRECTION( '', ( -0.577350269189627, 0.577350269189624, -0.577350269189626 ) );
#5300 = DIRECTION( '', ( 1.00000000000000, 3.07030703712710E-015, 0.000000000000000 ) );
#5301 = DIRECTION( '', ( -0.577350269189625, -0.577350269189627, 0.577350269189625 ) );
#5302 = DIRECTION( '', ( -1.00000000000000, -3.07030703712710E-015, 0.000000000000000 ) );
#5303 = DIRECTION( '', ( -0.577350269189627, -0.577350269189623, -0.577350269189628 ) );
#5304 = DIRECTION( '', ( -1.53515351856355E-015, 1.00000000000000, 0.000000000000000 ) );
#5305 = DIRECTION( '', ( 1.53515351856355E-015, -1.00000000000000, 0.000000000000000 ) );
#5306 = DIRECTION( '', ( -1.00000000000000, -3.07030703712710E-015, 0.000000000000000 ) );
#5307 = DIRECTION( '', ( -1.53515351856353E-015, 1.00000000000000, 0.000000000000000 ) );
#5308 = DIRECTION( '', ( 1.00000000000000, -6.52440245389509E-015, 0.000000000000000 ) );
#5309 = DIRECTION( '', ( 0.000000000000000, 0.000000000000000, 1.00000000000000 ) );
#5310 = DIRECTION( '', ( -1.53515351856355E-015, 1.00000000000000, 0.000000000000000 ) );
#5311 = DIRECTION( '', ( 1.53515351856355E-015, -1.00000000000000, 0.000000000000000 ) );
#5312 = DIRECTION( '', ( -1.53515351856355E-015, 1.00000000000000, 0.000000000000000 ) );
#5313 = DIRECTION( '', ( -0.577350269189627, 0.577350269189624, -0.577350269189626 ) );
#5314 = DIRECTION( '', ( 1.53515351856355E-015, -1.00000000000000, 0.000000000000000 ) );
#5315 = DIRECTION( '', ( -0.577350269189627, 0.577350269189624, -0.577350269189626 ) );
#5316 = DIRECTION( '', ( -1.00000000000000, -3.07030703712710E-015, 0.000000000000000 ) );
#5317 = DIRECTION( '', ( 1.53515351856353E-015, -1.00000000000000, 0.000000000000000 ) );
#5318 = DIRECTION( '', ( 0.000000000000000, 0.000000000000000, 1.00000000000000 ) );
#5319 = DIRECTION( '', ( -1.53515351856353E-015, 1.00000000000000, 0.000000000000000 ) );
#5320 = DIRECTION( '', ( 1.00000000000000, 3.07030703712710E-015, 0.000000000000000 ) );
#5321 = DIRECTION( '', ( -0.577350269189625, -0.577350269189627, 0.577350269189625 ) );
#5322 = CARTESIAN_POINT( '', ( 0.000000000000000, 0.000000000000000, 1.97721583187926 ) );
#5323 = DIRECTION( '', ( 0.000000000000000, 0.000000000000000, -1.00000000000000 ) );
#5324 = DIRECTION( '', ( 0.000000000000000, 1.00000000000000, 0.000000000000000 ) );
#5325 = CARTESIAN_POINT( '', ( 0.000000000000000, 0.000000000000000, 4.00000000000000 ) );
#5326 = DIRECTION( '', ( 0.000000000000000, 0.000000000000000, 1.00000000000000 ) );
#5327 = DIRECTION( '', ( 0.000000000000000, -1.00000000000000, 0.000000000000000 ) );
#5328 = DIRECTION( '', ( 1.00000000000000, 3.07030703712710E-015, 0.000000000000000 ) );
#5329 = DIRECTION( '', ( 0.000000000000000, 0.000000000000000, 1.00000000000000 ) );
#5330 = DIRECTION( '', ( -1.00000000000000, -3.07030703712710E-015, 0.000000000000000 ) );
#5331 = DIRECTION( '', ( -0.577350269189627, 0.577350269189624, -0.577350269189626 ) );
#5332 = DIRECTION( '', ( 1.00000000000000, 3.07030703712710E-015, 0.000000000000000 ) );
#5333 = DIRECTION( '', ( 0.577350269189626, -0.577350269189627, -0.577350269189624 ) );
#5334 = DIRECTION( '', ( -1.53515351856353E-015, 1.00000000000000, 0.000000000000000 ) );
#5335 = DIRECTION( '', ( -0.577350269189625, -0.577350269189627, 0.577350269189625 ) );
#5336 = DIRECTION( '', ( -1.00000000000000, -3.07030703712710E-015, 0.000000000000000 ) );
#5337 = DIRECTION( '', ( -1.53515351856353E-015, 1.00000000000000, 0.000000000000000 ) );
#5338 = DIRECTION( '', ( 0.577350269189626, -0.577350269189627, -0.577350269189624 ) );
#5339 = DIRECTION( '', ( 1.53515351856353E-015, -1.00000000000000, 0.000000000000000 ) );
#5340 = DIRECTION( '', ( -1.53515351856355E-015, 1.00000000000000, 0.000000000000000 ) );
#5341 = DIRECTION( '', ( -0.577350269189627, 0.577350269189624, -0.577350269189626 ) );
#5342 = DIRECTION( '', ( 1.53515351856355E-015, -1.00000000000000, 0.000000000000000 ) );
#5343 = DIRECTION( '', ( 0.000000000000000, 0.000000000000000, 1.00000000000000 ) );
#5344 = DIRECTION( '', ( -1.53515351856353E-015, 1.00000000000000, 0.000000000000000 ) );
#5345 = DIRECTION( '', ( 0.000000000000000, 0.000000000000000, -1.00000000000000 ) );
#5346 = DIRECTION( '', ( -1.73472347597680E-016, -1.00000000000000, 0.000000000000000 ) );
#5347 = DIRECTION( '', ( 0.000000000000000, 0.000000000000000, 1.00000000000000 ) );
#5348 = DIRECTION( '', ( -1.53515351856355E-015, 1.00000000000000, 0.000000000000000 ) );
#5349 = DIRECTION( '', ( 0.000000000000000, 0.000000000000000, 1.00000000000000 ) );
#5350 = DIRECTION( '', ( 1.53515351856355E-015, -1.00000000000000, 0.000000000000000 ) );
#5351 = DIRECTION( '', ( 0.000000000000000, 0.000000000000000, 1.00000000000000 ) );
#5352 = DIRECTION( '', ( -1.00000000000000, 6.52440245389509E-015, 0.000000000000000 ) );
#5353 = DIRECTION( '', ( 0.000000000000000, 0.000000000000000, 1.00000000000000 ) );
#5354 = DIRECTION( '', ( 1.00000000000000, -6.52440245389509E-015, 0.000000000000000 ) );
#5355 = DIRECTION( '', ( 0.000000000000000, 0.000000000000000, 1.00000000000000 ) );
#5356 = DIRECTION( '', ( 0.000000000000000, 0.000000000000000, 1.00000000000000 ) );
#5357 = DIRECTION( '', ( 1.00000000000000, -6.52440245389509E-015, 0.000000000000000 ) );
#5358 = DIRECTION( '', ( -0.577350269189627, -0.577350269189623, -0.577350269189628 ) );
#5359 = DIRECTION( '', ( 1.00000000000000, -6.52440245389509E-015, 0.000000000000000 ) );
#5360 = DIRECTION( '', ( 0.000000000000000, 0.000000000000000, 1.00000000000000 ) );
#5361 = DIRECTION( '', ( -1.53515351856355E-015, 1.00000000000000, 0.000000000000000 ) );
#5362 = DIRECTION( '', ( 0.000000000000000, 0.000000000000000, 1.00000000000000 ) );
#5363 = DIRECTION( '', ( 1.53515351856355E-015, -1.00000000000000, 0.000000000000000 ) );
#5364 = DIRECTION( '', ( 1.53515351856355E-015, -1.00000000000000, 0.000000000000000 ) );
#5365 = DIRECTION( '', ( -1.53515351856353E-015, 1.00000000000000, 0.000000000000000 ) );
#5366 = DIRECTION( '', ( 1.00000000000000, -6.52440245389509E-015, 0.000000000000000 ) );
#5367 = DIRECTION( '', ( 0.000000000000000, 0.000000000000000, 1.00000000000000 ) );
#5368 = DIRECTION( '', ( -1.53515351856355E-015, 1.00000000000000, 0.000000000000000 ) );
#5369 = DIRECTION( '', ( 1.53515351856355E-015, -1.00000000000000, 0.000000000000000 ) );
#5370 = DIRECTION( '', ( 0.000000000000000, 0.000000000000000, 1.00000000000000 ) );
#5371 = DIRECTION( '', ( 1.53515351856353E-015, -1.00000000000000, 0.000000000000000 ) );
#5372 = DIRECTION( '', ( 0.000000000000000, 0.000000000000000, 1.00000000000000 ) );
#5373 = DIRECTION( '', ( -1.53515351856353E-015, 1.00000000000000, 0.000000000000000 ) );
#5374 = DIRECTION( '', ( -0.577350269189627, -0.577350269189623, -0.577350269189628 ) );
#5375 = DIRECTION( '', ( 0.000000000000000, 0.000000000000000, 1.00000000000000 ) );
#5376 = DIRECTION( '', ( 0.000000000000000, 0.000000000000000, 1.00000000000000 ) );
#5377 = DIRECTION( '', ( 1.00000000000000, -6.52440245389509E-015, 0.000000000000000 ) );
#5378 = DIRECTION( '', ( -1.00000000000000, -3.07030703712710E-015, 0.000000000000000 ) );
#5379 = DIRECTION( '', ( -0.577350269189625, -0.577350269189627, 0.577350269189625 ) );
#5380 = DIRECTION( '', ( -1.00000000000000, -3.07030703712710E-015, 0.000000000000000 ) );
#5381 = DIRECTION( '', ( -1.00000000000000, 6.52440245389509E-015, 0.000000000000000 ) );
#5382 = DIRECTION( '', ( 1.00000000000000, -6.52440245389509E-015, 0.000000000000000 ) );
#5383 = DIRECTION( '', ( 1.00000000000000, 3.07030703712710E-015, 0.000000000000000 ) );
#5384 = DIRECTION( '', ( -1.00000000000000, -3.07030703712710E-015, 0.000000000000000 ) );
#5385 = DIRECTION( '', ( -1.53515351856355E-015, 1.00000000000000, 0.000000000000000 ) );
#5386 = DIRECTION( '', ( -0.577350269189627, 0.577350269189624, -0.577350269189626 ) );
#5387 = DIRECTION( '', ( 1.53515351856355E-015, -1.00000000000000, 0.000000000000000 ) );
#5388 = DIRECTION( '', ( -1.00000000000000, -3.07030703712710E-015, 0.000000000000000 ) );
#5389 = DIRECTION( '', ( -0.577350269189627, -0.577350269189623, -0.577350269189628 ) );
#5390 = DIRECTION( '', ( 1.00000000000000, -6.52440245389509E-015, 0.000000000000000 ) );
#5391 = DIRECTION( '', ( 0.000000000000000, 0.000000000000000, 1.00000000000000 ) );
#5392 = DIRECTION( '', ( -1.53515351856353E-015, 1.00000000000000, 0.000000000000000 ) );
#5393 = DIRECTION( '', ( 1.00000000000000, 3.07030703712710E-015, 0.000000000000000 ) );
#5394 = DIRECTION( '', ( -0.577350269189625, -0.577350269189627, 0.577350269189625 ) );
#5395 = DIRECTION( '', ( 0.000000000000000, 0.000000000000000, 1.00000000000000 ) );
#5396 = DIRECTION( '', ( -1.00000000000000, -3.07030703712710E-015, 0.000000000000000 ) );
#5397 = DIRECTION( '', ( 0.000000000000000, 0.000000000000000, 1.00000000000000 ) );
#5398 = DIRECTION( '', ( 0.000000000000000, 0.000000000000000, 1.00000000000000 ) );
#5399 = DIRECTION( '', ( 1.53515351856355E-015, -1.00000000000000, 0.000000000000000 ) );
#5400 = CARTESIAN_POINT( '', ( 0.000000000000000, 0.000000000000000, 10.5000000000000 ) );
#5401 = DIRECTION( '', ( 0.000000000000000, 0.000000000000000, -1.00000000000000 ) );
#5402 = DIRECTION( '', ( -1.00000000000000, 0.000000000000000, 0.000000000000000 ) );
#5403 = DIRECTION( '', ( 1.53515351856353E-015, -1.00000000000000, 0.000000000000000 ) );
#5404 = DIRECTION( '', ( -1.53515351856353E-015, 1.00000000000000, 0.000000000000000 ) );
#5405 = CARTESIAN_POINT( '', ( 0.000000000000000, 0.000000000000000, 9.84000000000000 ) );
#5406 = DIRECTION( '', ( 0.000000000000000, 0.000000000000000, 1.00000000000000 ) );
#5407 = DIRECTION( '', ( 1.00000000000000, 0.000000000000000, 0.000000000000000 ) );
#5408 = CARTESIAN_POINT( '', ( 0.000000000000000, 0.000000000000000, 10.5000000000000 ) );
#5409 = DIRECTION( '', ( 0.000000000000000, 0.000000000000000, 1.00000000000000 ) );
#5410 = DIRECTION( '', ( 1.00000000000000, 0.000000000000000, 0.000000000000000 ) );
#5411 = DIRECTION( '', ( 0.577350269189626, -0.577350269189627, -0.577350269189624 ) );
#5412 = DIRECTION( '', ( 0.577350269189626, -0.577350269189627, -0.577350269189624 ) );
#5413 = DIRECTION( '', ( 1.53515351856353E-015, -1.00000000000000, 0.000000000000000 ) );
#5414 = DIRECTION( '', ( -1.53515351856355E-015, 1.00000000000000, 0.000000000000000 ) );
#5415 = DIRECTION( '', ( 1.53515351856355E-015, -1.00000000000000, 0.000000000000000 ) );
#5416 = DIRECTION( '', ( -0.577350269189627, 0.577350269189624, -0.577350269189626 ) );
#5417 = DIRECTION( '', ( -0.577350269189625, -0.577350269189627, 0.577350269189625 ) );
#5418 = DIRECTION( '', ( -1.53515351856353E-015, 1.00000000000000, 0.000000000000000 ) );
#5419 = DIRECTION( '', ( 1.00000000000000, -6.52440245389509E-015, 0.000000000000000 ) );
#5420 = DIRECTION( '', ( 1.53515351856353E-015, -1.00000000000000, 0.000000000000000 ) );
#5421 = DIRECTION( '', ( -1.53515351856353E-015, 1.00000000000000, 0.000000000000000 ) );
#5422 = DIRECTION( '', ( 0.577350269189626, -0.577350269189627, -0.577350269189624 ) );
#5423 = DIRECTION( '', ( -1.00000000000000, 6.52440245389509E-015, 0.000000000000000 ) );
#5424 = DIRECTION( '', ( -0.577350269189627, -0.577350269189623, -0.577350269189628 ) );
#5425 = DIRECTION( '', ( 1.00000000000000, -6.52440245389509E-015, 0.000000000000000 ) );
#5426 = DIRECTION( '', ( -1.53515351856353E-015, 1.00000000000000, 0.000000000000000 ) );
#5427 = DIRECTION( '', ( -0.577350269189625, -0.577350269189627, 0.577350269189625 ) );
#5428 = DIRECTION( '', ( 0.000000000000000, 0.000000000000000, 1.00000000000000 ) );
#5429 = DIRECTION( '', ( -1.00000000000000, -3.07030703712710E-015, 0.000000000000000 ) );
#5430 = DIRECTION( '', ( -1.00000000000000, 6.52440245389509E-015, 0.000000000000000 ) );
#5431 = DIRECTION( '', ( -1.53515351856353E-015, 1.00000000000000, 0.000000000000000 ) );
#5432 = DIRECTION( '', ( -1.00000000000000, 1.73472347597680E-016, 0.000000000000000 ) );
#5433 = DIRECTION( '', ( 0.577350269189626, -0.577350269189627, -0.577350269189624 ) );
#5434 = DIRECTION( '', ( 1.53515351856353E-015, -1.00000000000000, 0.000000000000000 ) );
#5435 = CARTESIAN_POINT( '', ( 0.000000000000000, 0.000000000000000, 10.5000000000000 ) );
#5436 = DIRECTION( '', ( 0.000000000000000, 0.000000000000000, 1.00000000000000 ) );
#5437 = DIRECTION( '', ( 1.00000000000000, 0.000000000000000, 0.000000000000000 ) );
#5438 = DIRECTION( '', ( 0.577350269189626, -0.577350269189627, -0.577350269189624 ) );
#5439 = DIRECTION( '', ( -0.577350269189627, -0.577350269189623, -0.577350269189628 ) );
#5440 = DIRECTION( '', ( 0.577350269189626, -0.577350269189627, -0.577350269189624 ) );
#5441 = DIRECTION( '', ( -1.00000000000000, 6.52440245389509E-015, 0.000000000000000 ) );
#5442 = DIRECTION( '', ( -0.577350269189627, -0.577350269189623, -0.577350269189628 ) );
#5443 = DIRECTION( '', ( 1.00000000000000, -6.52440245389509E-015, 0.000000000000000 ) );
#5444 = DIRECTION( '', ( 1.53515351856353E-015, -1.00000000000000, 0.000000000000000 ) );
#5445 = DIRECTION( '', ( 0.000000000000000, 0.000000000000000, 1.00000000000000 ) );
#5446 = DIRECTION( '', ( -1.53515351856353E-015, 1.00000000000000, 0.000000000000000 ) );
#5447 = DIRECTION( '', ( 1.53515351856355E-015, -1.00000000000000, 0.000000000000000 ) );
#5448 = DIRECTION( '', ( -1.00000000000000, -3.07030703712710E-015, 0.000000000000000 ) );
#5449 = DIRECTION( '', ( -1.53515351856353E-015, 1.00000000000000, 0.000000000000000 ) );
#5450 = DIRECTION( '', ( 0.000000000000000, 0.000000000000000, 1.00000000000000 ) );
#5451 = DIRECTION( '', ( 1.53515351856353E-015, -1.00000000000000, 0.000000000000000 ) );
#5452 = DIRECTION( '', ( -1.53515351856353E-015, 1.00000000000000, 0.000000000000000 ) );
#5453 = DIRECTION( '', ( 0.577350269189626, -0.577350269189627, -0.577350269189624 ) );
#5454 = DIRECTION( '', ( -1.53515351856353E-015, 1.00000000000000, 0.000000000000000 ) );
#5455 = DIRECTION( '', ( -1.53515351856355E-015, 1.00000000000000, 0.000000000000000 ) );
#5456 = DIRECTION( '', ( 0.000000000000000, 0.000000000000000, 1.00000000000000 ) );
#5457 = DIRECTION( '', ( 1.53515351856355E-015, -1.00000000000000, 0.000000000000000 ) );
#5458 = CARTESIAN_POINT( '', ( 0.000000000000000, 0.000000000000000, 10.5000000000000 ) );
#5459 = DIRECTION( '', ( 0.000000000000000, 0.000000000000000, 1.00000000000000 ) );
#5460 = DIRECTION( '', ( 1.00000000000000, 0.000000000000000, 0.000000000000000 ) );
#5461 = DIRECTION( '', ( 1.53515351856355E-015, -1.00000000000000, 0.000000000000000 ) );
#5462 = DIRECTION( '', ( -1.00000000000000, -3.07030703712710E-015, 0.000000000000000 ) );
#5463 = DIRECTION( '', ( -1.00000000000000, -3.07030703712710E-015, 0.000000000000000 ) );
#5464 = DIRECTION( '', ( -1.00000000000000, 6.52440245389509E-015, 0.000000000000000 ) );
#5465 = DIRECTION( '', ( 1.00000000000000, -6.52440245389509E-015, 0.000000000000000 ) );
#5466 = DIRECTION( '', ( 1.00000000000000, 3.07030703712710E-015, 0.000000000000000 ) );
#5467 = DIRECTION( '', ( -0.577350269189625, -0.577350269189627, 0.577350269189625 ) );
#5468 = DIRECTION( '', ( -1.53515351856355E-015, 1.00000000000000, 0.000000000000000 ) );
#5469 = DIRECTION( '', ( 1.53515351856355E-015, -1.00000000000000, 0.000000000000000 ) );
#5470 = DIRECTION( '', ( 0.000000000000000, 0.000000000000000, 1.00000000000000 ) );
#5471 = DIRECTION( '', ( 1.00000000000000, -6.52440245389509E-015, 0.000000000000000 ) );
#5472 = DIRECTION( '', ( 0.000000000000000, 0.000000000000000, 1.00000000000000 ) );
#5473 = DIRECTION( '', ( 1.53515351856355E-015, -1.00000000000000, 0.000000000000000 ) );
#5474 = DIRECTION( '', ( -0.577350269189627, 0.577350269189624, -0.577350269189626 ) );
#5475 = DIRECTION( '', ( -1.53515351856353E-015, 1.00000000000000, 0.000000000000000 ) );
#5476 = DIRECTION( '', ( 1.53515351856355E-015, -1.00000000000000, 0.000000000000000 ) );
#5477 = DIRECTION( '', ( -1.53515351856353E-015, 1.00000000000000, 0.000000000000000 ) );
#5478 = DIRECTION( '', ( -1.00000000000000, -3.07030703712710E-015, 0.000000000000000 ) );
#5479 = DIRECTION( '', ( -1.53515351856353E-015, 1.00000000000000, 0.000000000000000 ) );
#5480 = DIRECTION( '', ( 1.00000000000000, -6.52440245389509E-015, 0.000000000000000 ) );
#5481 = DIRECTION( '', ( -1.53515351856353E-015, 1.00000000000000, 0.000000000000000 ) );
#5482 = DIRECTION( '', ( -1.00000000000000, -3.07030703712710E-015, 0.000000000000000 ) );
#5483 = DIRECTION( '', ( 1.53515351856355E-015, -1.00000000000000, 0.000000000000000 ) );
#5484 = DIRECTION( '', ( 1.00000000000000, -6.52440245389509E-015, 0.000000000000000 ) );
#5485 = DIRECTION( '', ( 1.00000000000000, -6.52440245389509E-015, 0.000000000000000 ) );
#5486 = DIRECTION( '', ( -1.53515351856353E-015, 1.00000000000000, 0.000000000000000 ) );
#5487 = DIRECTION( '', ( 1.53515351856355E-015, -1.00000000000000, 0.000000000000000 ) );
#5488 = DIRECTION( '', ( -1.00000000000000, -3.07030703712710E-015, 0.000000000000000 ) );
#5489 = DIRECTION( '', ( 1.00000000000000, -6.52440245389509E-015, 0.000000000000000 ) );
#5490 = DIRECTION( '', ( 1.53515351856355E-015, -1.00000000000000, 0.000000000000000 ) );
#5491 = DIRECTION( '', ( 1.00000000000000, -6.52440245389509E-015, 0.000000000000000 ) );
#5492 = DIRECTION( '', ( -1.00000000000000, -3.07030703712710E-015, 0.000000000000000 ) );
#5493 = DIRECTION( '', ( -1.53515351856353E-015, 1.00000000000000, 0.000000000000000 ) );
#5494 = DIRECTION( '', ( -1.00000000000000, -3.07030703712710E-015, 0.000000000000000 ) );
#5495 = DIRECTION( '', ( 0.000000000000000, 0.000000000000000, 1.00000000000000 ) );
#5496 = DIRECTION( '', ( 0.000000000000000, 0.000000000000000, 1.00000000000000 ) );
#5497 = DIRECTION( '', ( 0.000000000000000, 0.000000000000000, 1.00000000000000 ) );
#5498 = DIRECTION( '', ( 0.000000000000000, 0.000000000000000, 1.00000000000000 ) );
#5499 = DIRECTION( '', ( 1.53515351856355E-015, -1.00000000000000, 0.000000000000000 ) );
#5500 = DIRECTION( '', ( -1.00000000000000, -3.07030703712710E-015, 0.000000000000000 ) );
#5501 = DIRECTION( '', ( -1.53515351856353E-015, 1.00000000000000, 0.000000000000000 ) );
#5502 = DIRECTION( '', ( -0.577350269189627, 0.577350269189624, -0.577350269189626 ) );
#5503 = DIRECTION( '', ( 1.00000000000000, 3.07030703712710E-015, 0.000000000000000 ) );
#5504 = DIRECTION( '', ( -0.577350269189625, -0.577350269189627, 0.577350269189625 ) );
#5505 = DIRECTION( '', ( 0.000000000000000, 0.000000000000000, 1.00000000000000 ) );
#5506 = DIRECTION( '', ( -0.577350269189625, -0.577350269189627, 0.577350269189625 ) );
#5507 = DIRECTION( '', ( 1.53515351856353E-015, -1.00000000000000, 0.000000000000000 ) );
#5508 = DIRECTION( '', ( 0.000000000000000, 0.000000000000000, 1.00000000000000 ) );
#5509 = DIRECTION( '', ( 1.53515351856353E-015, -1.00000000000000, 0.000000000000000 ) );
#5510 = DIRECTION( '', ( 1.53515351856353E-015, -1.00000000000000, 0.000000000000000 ) );
#5511 = DIRECTION( '', ( 1.53515351856355E-015, -1.00000000000000, 0.000000000000000 ) );
#5512 = DIRECTION( '', ( 0.000000000000000, 0.000000000000000, 1.00000000000000 ) );
#5513 = CARTESIAN_POINT( '', ( 0.000000000000000, 0.000000000000000, 10.5000000000000 ) );
#5514 = DIRECTION( '', ( 0.000000000000000, 0.000000000000000, 1.00000000000000 ) );
#5515 = DIRECTION( '', ( 1.00000000000000, 0.000000000000000, 0.000000000000000 ) );
ENDSEC;
END-ISO-10303-21;
